{"sessionId":"bd9af0","runId":"pre-fix","hypothesisId":"H1","location":"services/device/internal/handler/routes.go:24","message":"device routes registering","data":{"prefix":"/api/v1/device","publicRegisterRoute":true,"jwtBindRoute":true},"timestamp":1776333177568}
{"sessionId":"bd9af0","runId":"pre-fix","hypothesisId":"H1","location":"services/device/internal/handler/routes.go:24","message":"device routes registering","data":{"prefix":"/api/v1/device","publicRegisterRoute":true,"jwtBindRoute":true},"timestamp":1776333213221}
{"sessionId":"bd9af0","runId":"pre-fix","hypothesisId":"H1","location":"services/device/internal/handler/routes.go:24","message":"device routes registering","data":{"prefix":"/api/v1/device","publicRegisterRoute":true,"jwtBindRoute":true},"timestamp":1776333343736}
{"sessionId":"bd9af0","runId":"pre-fix","hypothesisId":"H30","location":"services/device/internal/handler/registerDeviceHandler.go:31","message":"register request parsed","data":{"sn":"SN1234567890","productKey":"audiopro001","hasModel":true,"hasMac":true},"timestamp":1776333349268}
{"sessionId":"bd9af0","runId":"pre-fix","hypothesisId":"H32","location":"services/device/internal/logic/registerDeviceLogic.go:40","message":"register logic entered","data":{"sn":"SN1234567890","productKey":"audiopro001","firmwareVersion":"v1.2.4"},"timestamp":1776333349269}
{"sessionId":"bd9af0","runId":"pre-fix","hypothesisId":"H33","location":"services/device/internal/logic/registerDeviceLogic.go:44","message":"register logic returning zero values","data":{"respNil":true,"errNil":true},"timestamp":1776333349269}
{"sessionId":"bd9af0","runId":"pre-fix","hypothesisId":"H31","location":"services/device/internal/handler/registerDeviceHandler.go:36","message":"register logic returned","data":{"respNil":true,"errNil":true},"timestamp":1776333349270}
{"sessionId":"bd9af0","runId":"pre-fix","hypothesisId":"H1","location":"services/device/internal/handler/routes.go:24","message":"device routes registering","data":{"prefix":"/api/v1/device","publicRegisterRoute":true,"jwtBindRoute":true},"timestamp":1776333460498}
{"sessionId":"bd9af0","runId":"pre-fix","hypothesisId":"H30","location":"services/device/internal/handler/registerDeviceHandler.go:31","message":"register request parsed","data":{"sn":"SN1234567890","productKey":"audiopro001","hasModel":true,"hasMac":true},"timestamp":1776333464265}
{"sessionId":"bd9af0","runId":"pre-fix","hypothesisId":"H32","location":"services/device/internal/logic/registerDeviceLogic.go:40","message":"register logic entered","data":{"sn":"SN1234567890","productKey":"audiopro001","firmwareVersion":"v1.2.4"},"timestamp":1776333464266}
{"sessionId":"bd9af0","runId":"pre-fix","hypothesisId":"H33","location":"services/device/internal/logic/registerDeviceLogic.go:44","message":"register logic returning zero values","data":{"respNil":true,"errNil":true},"timestamp":1776333464266}
{"sessionId":"bd9af0","runId":"pre-fix","hypothesisId":"H31","location":"services/device/internal/handler/registerDeviceHandler.go:36","message":"register logic returned","data":{"respNil":true,"errNil":true},"timestamp":1776333464267}
{"sessionId":"bd9af0","runId":"pre-fix","hypothesisId":"H30","location":"services/device/internal/handler/registerDeviceHandler.go:31","message":"register request parsed","data":{"sn":"SN1234567890","productKey":"audiopro001","hasModel":true,"hasMac":true},"timestamp":1776333490509}
{"sessionId":"bd9af0","runId":"pre-fix","hypothesisId":"H32","location":"services/device/internal/logic/registerDeviceLogic.go:40","message":"register logic entered","data":{"sn":"SN1234567890","productKey":"audiopro001","firmwareVersion":"v1.2.4"},"timestamp":1776333490511}
{"sessionId":"bd9af0","runId":"pre-fix","hypothesisId":"H33","location":"services/device/internal/logic/registerDeviceLogic.go:44","message":"register logic returning zero values","data":{"respNil":true,"errNil":true},"timestamp":1776333490514}
{"sessionId":"bd9af0","runId":"pre-fix","hypothesisId":"H31","location":"services/device/internal/handler/registerDeviceHandler.go:36","message":"register logic returned","data":{"respNil":true,"errNil":true},"timestamp":1776333490516}
{"sessionId":"bd9af0","runId":"pre-fix","hypothesisId":"H1","location":"services/device/internal/handler/routes.go:24","message":"device routes registering","data":{"prefix":"/api/v1/device","publicRegisterRoute":true,"jwtBindRoute":true},"timestamp":1776334416798}
{"sessionId":"bd9af0","runId":"pre-fix","hypothesisId":"H30","location":"services/device/internal/handler/registerDeviceHandler.go:31","message":"register request parsed","data":{"sn":"SN1234567890","productKey":"audiopro001","hasModel":true,"hasMac":true},"timestamp":1776334423587}
{"sessionId":"bd9af0","runId":"pre-fix","hypothesisId":"H32","location":"services/device/internal/logic/registerDeviceLogic.go:40","message":"register logic entered","data":{"sn":"SN1234567890","productKey":"audiopro001","firmwareVersion":"v1.2.4"},"timestamp":1776334423588}
{"sessionId":"bd9af0","runId":"pre-fix","hypothesisId":"H31","location":"services/device/internal/handler/registerDeviceHandler.go:36","message":"register logic returned","data":{"respNil":true,"errNil":false},"timestamp":1776334423643}
{"sessionId":"bd9af0","runId":"pre-fix","hypothesisId":"H30","location":"services/device/internal/handler/registerDeviceHandler.go:31","message":"register request parsed","data":{"sn":"SN1234567890","productKey":"audiopro001","hasModel":true,"hasMac":true},"timestamp":1776334428794}
{"sessionId":"bd9af0","runId":"pre-fix","hypothesisId":"H32","location":"services/device/internal/logic/registerDeviceLogic.go:40","message":"register logic entered","data":{"sn":"SN1234567890","productKey":"audiopro001","firmwareVersion":"v1.2.5"},"timestamp":1776334428795}
{"sessionId":"bd9af0","runId":"pre-fix","hypothesisId":"H31","location":"services/device/internal/handler/registerDeviceHandler.go:36","message":"register logic returned","data":{"respNil":true,"errNil":false},"timestamp":1776334428844}
{"sessionId":"bd9af0","runId":"pre-fix","hypothesisId":"H30","location":"services/device/internal/handler/registerDeviceHandler.go:31","message":"register request parsed","data":{"sn":"SN1234567890","productKey":"audiopro001","hasModel":true,"hasMac":true},"timestamp":1776334438198}
{"sessionId":"bd9af0","runId":"pre-fix","hypothesisId":"H32","location":"services/device/internal/logic/registerDeviceLogic.go:40","message":"register logic entered","data":{"sn":"SN1234567890","productKey":"audiopro001","firmwareVersion":"v1.2.5"},"timestamp":1776334438199}
{"sessionId":"bd9af0","runId":"pre-fix","hypothesisId":"H31","location":"services/device/internal/handler/registerDeviceHandler.go:36","message":"register logic returned","data":{"respNil":true,"errNil":false},"timestamp":1776334438200}
{"sessionId":"bd9af0","runId":"pre-fix","hypothesisId":"H30","location":"services/device/internal/handler/registerDeviceHandler.go:31","message":"register request parsed","data":{"sn":"SN1234567890","productKey":"audiopro002","hasModel":true,"hasMac":true},"timestamp":1776334451635}
{"sessionId":"bd9af0","runId":"pre-fix","hypothesisId":"H32","location":"services/device/internal/logic/registerDeviceLogic.go:40","message":"register logic entered","data":{"sn":"SN1234567890","productKey":"audiopro002","firmwareVersion":"v1.2.5"},"timestamp":1776334451636}
{"sessionId":"bd9af0","runId":"pre-fix","hypothesisId":"H31","location":"services/device/internal/handler/registerDeviceHandler.go:36","message":"register logic returned","data":{"respNil":true,"errNil":false},"timestamp":1776334451692}
{"sessionId":"bd9af0","runId":"pre-fix","hypothesisId":"H30","location":"services/device/internal/handler/registerDeviceHandler.go:31","message":"register request parsed","data":{"sn":"SN1234567891","productKey":"audiopro002","hasModel":true,"hasMac":true},"timestamp":1776334459177}
{"sessionId":"bd9af0","runId":"pre-fix","hypothesisId":"H32","location":"services/device/internal/logic/registerDeviceLogic.go:40","message":"register logic entered","data":{"sn":"SN1234567891","productKey":"audiopro002","firmwareVersion":"v1.2.5"},"timestamp":1776334459178}
{"sessionId":"bd9af0","runId":"pre-fix","hypothesisId":"H31","location":"services/device/internal/handler/registerDeviceHandler.go:36","message":"register logic returned","data":{"respNil":false,"errNil":true},"timestamp":1776334459235}
{"sessionId":"bd9af0","runId":"pre-fix","hypothesisId":"H1","location":"services/device/internal/handler/routes.go:24","message":"device routes registering","data":{"prefix":"/api/v1/device","publicRegisterRoute":true,"jwtBindRoute":true},"timestamp":1776335502568}
{"sessionId":"bd9af0","runId":"pre-fix","hypothesisId":"H1","location":"services/device/internal/handler/routes.go:24","message":"device routes registering","data":{"prefix":"/api/v1/device","publicRegisterRoute":true,"jwtBindRoute":true},"timestamp":1776335714242}
{"sessionId":"bd9af0","runId":"pre-fix","hypothesisId":"H1","location":"services/device/internal/handler/routes.go:24","message":"device routes registering","data":{"prefix":"/api/v1/device","publicRegisterRoute":true,"jwtBindRoute":true},"timestamp":1776335952064}
{"sessionId":"bd9af0","runId":"pre-fix","hypothesisId":"H30","location":"services/device/internal/handler/registerDeviceHandler.go:31","message":"register request parsed","data":{"sn":"","productKey":"audiopro002","hasModel":true,"hasMac":true},"timestamp":1776335964665}
{"sessionId":"bd9af0","runId":"pre-fix","hypothesisId":"H32","location":"services/device/internal/logic/registerDeviceLogic.go:40","message":"register logic entered","data":{"sn":"","productKey":"audiopro002","firmwareVersion":"v1.2.5"},"timestamp":1776335964666}
{"sessionId":"bd9af0","runId":"pre-fix","hypothesisId":"H31","location":"services/device/internal/handler/registerDeviceHandler.go:36","message":"register logic returned","data":{"respNil":false,"errNil":true},"timestamp":1776335964724}
{"sessionId":"bd9af0","runId":"pre-fix","hypothesisId":"H1","location":"services/device/internal/handler/routes.go:24","message":"device routes registering","data":{"prefix":"/api/v1/device","publicRegisterRoute":true,"jwtBindRoute":true},"timestamp":1776391668941}
{"sessionId":"bd9af0","runId":"pre-fix","hypothesisId":"H30","location":"services/device/internal/handler/registerDeviceHandler.go:31","message":"register request parsed","data":{"sn":"","productKey":"audiopro002","hasModel":true,"hasMac":true},"timestamp":1776391731836}
{"sessionId":"bd9af0","runId":"pre-fix","hypothesisId":"H32","location":"services/device/internal/logic/registerDeviceLogic.go:40","message":"register logic entered","data":{"sn":"","productKey":"audiopro002","firmwareVersion":"v1.2.5"},"timestamp":1776391731837}
{"sessionId":"bd9af0","runId":"pre-fix","hypothesisId":"H31","location":"services/device/internal/handler/registerDeviceHandler.go:36","message":"register logic returned","data":{"respNil":false,"errNil":true},"timestamp":1776391731904}
{"data":{"accessExpireSec":3600,"exp":1776395705,"iat":1776392105,"jwtDotCount":2,"tokenLen":143,"userId":5},"hypothesisId":"H1","location":"login_logic.go:Login","message":"issued login access token","runId":"pre-fix","sessionId":"bd9af0","timestamp":1776392105100}
{"sessionId":"bd9af0","runId":"pre-fix","hypothesisId":"H1","location":"services/device/internal/handler/routes.go:24","message":"device routes registering","data":{"prefix":"/api/v1/device","publicRegisterRoute":true,"jwtBindRoute":true},"timestamp":1776392128361}
{"sessionId":"bd9af0","runId":"pre-fix","hypothesisId":"H1","location":"services/device/internal/handler/routes.go:24","message":"device routes registering","data":{"prefix":"/api/v1/device","publicRegisterRoute":true,"jwtRoutesRemoved":true},"timestamp":1776393185617}
{"sessionId":"bd9af0","runId":"pre-fix","hypothesisId":"H30","location":"services/device/internal/handler/registerDeviceHandler.go:31","message":"register request parsed","data":{"sn":"","productKey":"audiopro002","hasModel":true,"hasMac":true},"timestamp":1776393201861}
{"sessionId":"bd9af0","runId":"pre-fix","hypothesisId":"H32","location":"services/device/internal/logic/registerDeviceLogic.go:40","message":"register logic entered","data":{"sn":"","productKey":"audiopro002","firmwareVersion":"v1.2.5"},"timestamp":1776393201862}
{"sessionId":"bd9af0","runId":"pre-fix","hypothesisId":"H31","location":"services/device/internal/handler/registerDeviceHandler.go:36","message":"register logic returned","data":{"respNil":false,"errNil":true},"timestamp":1776393201929}
{"sessionId":"bd9af0","runId":"pre-fix","hypothesisId":"H1","location":"services/device/internal/handler/routes.go:24","message":"device routes registering","data":{"prefix":"/api/v1/device","publicRegisterRoute":true,"jwtRoutesRemoved":true},"timestamp":1776399810618}
{"data":{"accessExpireSec":3600,"exp":1776403508,"iat":1776399908,"jwtDotCount":2,"tokenLen":143,"userId":5},"hypothesisId":"H1","location":"login_logic.go:Login","message":"issued login access token","runId":"pre-fix","sessionId":"bd9af0","timestamp":1776399908128}
{"sessionId":"bd9af0","runId":"pre-fix","hypothesisId":"H1","location":"services/device/internal/handler/routes.go:24","message":"device routes registering","data":{"prefix":"/api/v1/device","publicRegisterRoute":true,"jwtRoutesRemoved":true},"timestamp":1776404229705}
{"sessionId":"bd9af0","runId":"pre-fix","hypothesisId":"H1","location":"services/device/internal/handler/routes.go:24","message":"device routes registering","data":{"prefix":"/api/v1/device","publicRegisterRoute":true,"jwtRoutesRemoved":true},"timestamp":1776404517264}
{"data":{"table":"public.users","userId":13800138001},"hypothesisId":"H6","location":"device_bind_dao.go:FindUserByID","message":"query binding user row","runId":"pre-fix","sessionId":"bd9af0","timestamp":1776411498658}
{"data":{"errSnippet":"Query: could not match actual sql: \"SELECT id, email, mobile, COALESCE(nickname, ''), COALESCE(avatar, ''), status, created_at FROM public.users WHERE id = $1 AND deleted_at IS NULL LIMIT 1\" with expected regexp \"SELECT ","errType":"*errors.errorString","table":"public.users","userId":13800138001},"hypothesisId":"H6","location":"device_bind_dao.go:FindUserByID","message":"query binding user failed","runId":"pre-fix","sessionId":"bd9af0","timestamp":1776411498658}
{"sessionId":"bd9af0","runId":"pre-fix","hypothesisId":"H1","location":"services/device/internal/handler/routes.go:24","message":"device routes registering","data":{"prefix":"/api/v1/device","publicRegisterRoute":true,"jwtRoutesRemoved":true},"timestamp":1776740427471}
{"sessionId":"bd9af0","runId":"pre-fix","hypothesisId":"H1","location":"services/device/internal/handler/routes.go:24","message":"device routes registering","data":{"prefix":"/api/v1/device","publicRegisterRoute":true,"jwtRoutesRemoved":true},"timestamp":1776741181602}
{"sessionId":"bd9af0","runId":"pre-fix","hypothesisId":"H1","location":"services/device/internal/handler/routes.go:24","message":"device routes registering","data":{"prefix":"/api/v1/device","publicRegisterRoute":true,"jwtRoutesRemoved":true},"timestamp":1776741290534}
{"sessionId":"bd9af0","runId":"pre-fix","hypothesisId":"H1","location":"services/device/internal/handler/routes.go:24","message":"device routes registering","data":{"prefix":"/api/v1/device","publicRegisterRoute":true,"jwtRoutesRemoved":true},"timestamp":1776741417472}
{"sessionId":"bd9af0","runId":"pre-fix","hypothesisId":"H1","location":"services/device/internal/handler/routes.go:24","message":"device routes registering","data":{"prefix":"/api/v1/device","publicRegisterRoute":true,"jwtRoutesRemoved":true},"timestamp":1776741591834}
{"sessionId":"bd9af0","runId":"pre-fix","hypothesisId":"H1","location":"services/device/internal/handler/routes.go:24","message":"device routes registering","data":{"prefix":"/api/v1/device","publicRegisterRoute":true,"jwtRoutesRemoved":true},"timestamp":1776741970434}
{"sessionId":"bd9af0","runId":"pre-fix","hypothesisId":"H30","location":"services/device/internal/handler/registerDeviceHandler.go:31","message":"register request parsed","data":{"sn":"DEVICE1234567890","productKey":"audiopro002","hasModel":true,"hasMac":true},"timestamp":1776741991072}
{"sessionId":"bd9af0","runId":"pre-fix","hypothesisId":"H32","location":"services/device/internal/logic/registerDeviceLogic.go:40","message":"register logic entered","data":{"sn":"DEVICE1234567890","productKey":"audiopro002","firmwareVersion":"v1.0.0"},"timestamp":1776741991073}
{"sessionId":"bd9af0","runId":"pre-fix","hypothesisId":"H31","location":"services/device/internal/handler/registerDeviceHandler.go:36","message":"register logic returned","data":{"respNil":true,"errNil":false},"timestamp":1776741991076}
{"sessionId":"bd9af0","runId":"pre-fix","hypothesisId":"H30","location":"services/device/internal/handler/registerDeviceHandler.go:31","message":"register request parsed","data":{"sn":"DEVICE1234567890","productKey":"audiopro002","hasModel":true,"hasMac":true},"timestamp":1776759532375}
{"sessionId":"bd9af0","runId":"pre-fix","hypothesisId":"H32","location":"services/device/internal/logic/registerDeviceLogic.go:40","message":"register logic entered","data":{"sn":"DEVICE1234567890","productKey":"audiopro002","firmwareVersion":"v1.0.0"},"timestamp":1776759532377}
{"sessionId":"bd9af0","runId":"pre-fix","hypothesisId":"H31","location":"services/device/internal/handler/registerDeviceHandler.go:36","message":"register logic returned","data":{"respNil":true,"errNil":false},"timestamp":1776759532389}
{"sessionId":"bd9af0","runId":"pre-fix","hypothesisId":"H1","location":"services/device/internal/handler/routes.go:24","message":"device routes registering","data":{"prefix":"/api/v1/device","publicRegisterRoute":true,"jwtRoutesRemoved":true},"timestamp":1776760235854}
{"sessionId":"bd9af0","runId":"pre-fix","hypothesisId":"H30","location":"services/device/internal/handler/registerDeviceHandler.go:31","message":"register request parsed","data":{"sn":"DEVICE1234567890","productKey":"audiopro002","hasModel":true,"hasMac":true},"timestamp":1776760242348}
{"sessionId":"bd9af0","runId":"pre-fix","hypothesisId":"H32","location":"services/device/internal/logic/registerDeviceLogic.go:40","message":"register logic entered","data":{"sn":"DEVICE1234567890","productKey":"audiopro002","firmwareVersion":"v1.0.0"},"timestamp":1776760242350}
{"sessionId":"bd9af0","runId":"pre-fix","hypothesisId":"H31","location":"services/device/internal/handler/registerDeviceHandler.go:36","message":"register logic returned","data":{"respNil":true,"errNil":false},"timestamp":1776760242358}
{"sessionId":"bd9af0","runId":"pre-fix","hypothesisId":"H30","location":"services/device/internal/handler/registerDeviceHandler.go:31","message":"register request parsed","data":{"sn":"DEVICE1234567890","productKey":"audiopro002","hasModel":true,"hasMac":true},"timestamp":1776760246627}
{"sessionId":"bd9af0","runId":"pre-fix","hypothesisId":"H32","location":"services/device/internal/logic/registerDeviceLogic.go:40","message":"register logic entered","data":{"sn":"DEVICE1234567890","productKey":"audiopro002","firmwareVersion":"v1.0.0"},"timestamp":1776760246629}
{"sessionId":"bd9af0","runId":"pre-fix","hypothesisId":"H31","location":"services/device/internal/handler/registerDeviceHandler.go:36","message":"register logic returned","data":{"respNil":true,"errNil":false},"timestamp":1776760246631}
{"data":{"accessExpireSec":3600,"exp":1777265179,"iat":1777261579,"jwtDotCount":2,"tokenLen":143,"userId":5},"hypothesisId":"H1","location":"login_logic.go:Login","message":"issued login access token","runId":"pre-fix","sessionId":"bd9af0","timestamp":1777261579238}
{"data":{"accessExpireSec":3600,"exp":1777265843,"iat":1777262243,"jwtDotCount":2,"tokenLen":143,"userId":5},"hypothesisId":"H1","location":"login_logic.go:Login","message":"issued login access token","runId":"pre-fix","sessionId":"bd9af0","timestamp":1777262243978}
{"data":{"accessExpireSec":3600,"exp":1777267436,"iat":1777263836,"jwtDotCount":2,"tokenLen":143,"userId":5},"hypothesisId":"H1","location":"login_logic.go:Login","message":"issued login access token","runId":"pre-fix","sessionId":"bd9af0","timestamp":1777263836197}
{"data":{"accessExpireSec":3600,"exp":1777267699,"iat":1777264099,"jwtDotCount":2,"tokenLen":143,"userId":5},"hypothesisId":"H1","location":"login_logic.go:Login","message":"issued login access token","runId":"pre-fix","sessionId":"bd9af0","timestamp":1777264099700}
{"data":{"accessExpireSec":3600,"exp":1777272134,"iat":1777268534,"jwtDotCount":2,"tokenLen":143,"userId":5},"hypothesisId":"H1","location":"login_logic.go:Login","message":"issued login access token","runId":"pre-fix","sessionId":"bd9af0","timestamp":1777268534757}
{"data":{"accessExpireSec":3600,"exp":1777272670,"iat":1777269070,"jwtDotCount":2,"tokenLen":143,"userId":5},"hypothesisId":"H1","location":"login_logic.go:Login","message":"issued login access token","runId":"pre-fix","sessionId":"bd9af0","timestamp":1777269070387}
{"data":{"accessExpireSec":3600,"exp":1777274105,"iat":1777270505,"jwtDotCount":2,"tokenLen":143,"userId":5},"hypothesisId":"H1","location":"login_logic.go:Login","message":"issued login access token","runId":"pre-fix","sessionId":"bd9af0","timestamp":1777270505263}
{"data":{"accessExpireSec":3600,"exp":1777277370,"iat":1777273770,"jwtDotCount":2,"tokenLen":143,"userId":5},"hypothesisId":"H1","location":"login_logic.go:Login","message":"issued login access token","runId":"pre-fix","sessionId":"bd9af0","timestamp":1777273770960}
{"data":{"accessExpireSec":3600,"exp":1777279938,"iat":1777276338,"jwtDotCount":2,"tokenLen":143,"userId":5},"hypothesisId":"H1","location":"login_logic.go:Login","message":"issued login access token","runId":"pre-fix","sessionId":"bd9af0","timestamp":1777276338455}
{"data":{"accessExpireSec":3600,"exp":1777282644,"iat":1777279044,"jwtDotCount":2,"tokenLen":143,"userId":5},"hypothesisId":"H1","location":"login_logic.go:Login","message":"issued login access token","runId":"pre-fix","sessionId":"bd9af0","timestamp":1777279044433}
{"data":{"accessExpireSec":3600,"exp":1777284345,"iat":1777280745,"jwtDotCount":2,"tokenLen":143,"userId":5},"hypothesisId":"H1","location":"login_logic.go:Login","message":"issued login access token","runId":"pre-fix","sessionId":"bd9af0","timestamp":1777280745571}
{"data":{"accessExpireSec":3600,"exp":1777285397,"iat":1777281797,"jwtDotCount":2,"tokenLen":143,"userId":5},"hypothesisId":"H1","location":"login_logic.go:Login","message":"issued login access token","runId":"pre-fix","sessionId":"bd9af0","timestamp":1777281797416}
{"data":{"accessExpireSec":3600,"exp":1777286104,"iat":1777282504,"jwtDotCount":2,"tokenLen":143,"userId":5},"hypothesisId":"H1","location":"login_logic.go:Login","message":"issued login access token","runId":"pre-fix","sessionId":"bd9af0","timestamp":1777282504763}
{"data":{"accessExpireSec":3600,"exp":1777286846,"iat":1777283246,"jwtDotCount":2,"tokenLen":143,"userId":5},"hypothesisId":"H1","location":"login_logic.go:Login","message":"issued login access token","runId":"pre-fix","sessionId":"bd9af0","timestamp":1777283246899}
{"data":{"accessExpireSec":3600,"exp":1777287324,"iat":1777283724,"jwtDotCount":2,"tokenLen":143,"userId":5},"hypothesisId":"H1","location":"login_logic.go:Login","message":"issued login access token","runId":"pre-fix","sessionId":"bd9af0","timestamp":1777283724668}
{"data":{"accessExpireSec":3600,"exp":1777287847,"iat":1777284247,"jwtDotCount":2,"tokenLen":143,"userId":5},"hypothesisId":"H1","location":"login_logic.go:Login","message":"issued login access token","runId":"pre-fix","sessionId":"bd9af0","timestamp":1777284247666}
{"data":{"accessExpireSec":3600,"exp":1777288322,"iat":1777284722,"jwtDotCount":2,"tokenLen":143,"userId":5},"hypothesisId":"H1","location":"login_logic.go:Login","message":"issued login access token","runId":"pre-fix","sessionId":"bd9af0","timestamp":1777284722507}
{"data":{"accessExpireSec":3600,"exp":1777288863,"iat":1777285263,"jwtDotCount":2,"tokenLen":143,"userId":5},"hypothesisId":"H1","location":"login_logic.go:Login","message":"issued login access token","runId":"pre-fix","sessionId":"bd9af0","timestamp":1777285263899}
{"data":{"accessExpireSec":3600,"exp":1777289650,"iat":1777286050,"jwtDotCount":2,"tokenLen":143,"userId":5},"hypothesisId":"H1","location":"login_logic.go:Login","message":"issued login access token","runId":"pre-fix","sessionId":"bd9af0","timestamp":1777286050899}
{"data":{"accessExpireSec":3600,"exp":1777347368,"iat":1777343768,"jwtDotCount":2,"tokenLen":143,"userId":5},"hypothesisId":"H1","location":"login_logic.go:Login","message":"issued login access token","runId":"pre-fix","sessionId":"bd9af0","timestamp":1777343768488}
{"data":{"accessExpireSec":3600,"exp":1777348472,"iat":1777344872,"jwtDotCount":2,"tokenLen":143,"userId":5},"hypothesisId":"H1","location":"login_logic.go:Login","message":"issued login access token","runId":"pre-fix","sessionId":"bd9af0","timestamp":1777344872281}
{"data":{"accessExpireSec":3600,"exp":1777353648,"iat":1777350048,"jwtDotCount":2,"tokenLen":143,"userId":5},"hypothesisId":"H1","location":"login_logic.go:Login","message":"issued login access token","runId":"pre-fix","sessionId":"bd9af0","timestamp":1777350048746}
{"data":{"accessExpireSec":3600,"exp":1777360089,"iat":1777356489,"jwtDotCount":2,"tokenLen":143,"userId":5},"hypothesisId":"H1","location":"login_logic.go:Login","message":"issued login access token","runId":"pre-fix","sessionId":"bd9af0","timestamp":1777356489483}
{"data":{"accessExpireSec":3600,"exp":1777361100,"iat":1777357500,"jwtDotCount":2,"tokenLen":143,"userId":5},"hypothesisId":"H1","location":"login_logic.go:Login","message":"issued login access token","runId":"pre-fix","sessionId":"bd9af0","timestamp":1777357500135}
{"data":{"accessExpireSec":3600,"exp":1777363251,"iat":1777359651,"jwtDotCount":2,"tokenLen":143,"userId":5},"hypothesisId":"H1","location":"login_logic.go:Login","message":"issued login access token","runId":"pre-fix","sessionId":"bd9af0","timestamp":1777359651590}
{"data":{"accessExpireSec":3600,"exp":1777371064,"iat":1777367464,"jwtDotCount":2,"tokenLen":143,"userId":5},"hypothesisId":"H1","location":"login_logic.go:Login","message":"issued login access token","runId":"pre-fix","sessionId":"bd9af0","timestamp":1777367464824}
{"data":{"accessExpireSec":3600,"exp":1777432045,"iat":1777428445,"jwtDotCount":2,"tokenLen":143,"userId":5},"hypothesisId":"H1","location":"login_logic.go:Login","message":"issued login access token","runId":"pre-fix","sessionId":"bd9af0","timestamp":1777428445189}
{"data":{"accessExpireSec":3600,"exp":1777436159,"iat":1777432559,"jwtDotCount":2,"tokenLen":143,"userId":5},"hypothesisId":"H1","location":"login_logic.go:Login","message":"issued login access token","runId":"pre-fix","sessionId":"bd9af0","timestamp":1777432559908}
{"data":{"accessExpireSec":3600,"exp":1777440164,"iat":1777436564,"jwtDotCount":2,"tokenLen":143,"userId":5},"hypothesisId":"H1","location":"login_logic.go:Login","message":"issued login access token","runId":"pre-fix","sessionId":"bd9af0","timestamp":1777436564767}
{"data":{"accessExpireSec":3600,"exp":1777444311,"iat":1777440711,"jwtDotCount":2,"tokenLen":143,"userId":5},"hypothesisId":"H1","location":"login_logic.go:Login","message":"issued login access token","runId":"pre-fix","sessionId":"bd9af0","timestamp":1777440711991}
{"data":{"accessExpireSec":3600,"exp":1777444739,"iat":1777441139,"jwtDotCount":2,"tokenLen":143,"userId":5},"hypothesisId":"H1","location":"login_logic.go:Login","message":"issued login access token","runId":"pre-fix","sessionId":"bd9af0","timestamp":1777441139629}
{"data":{"accessExpireSec":3600,"exp":1777447102,"iat":1777443502,"jwtDotCount":2,"tokenLen":143,"userId":5},"hypothesisId":"H1","location":"login_logic.go:Login","message":"issued login access token","runId":"pre-fix","sessionId":"bd9af0","timestamp":1777443502954}
{"data":{"accessExpireSec":3600,"exp":1777448689,"iat":1777445089,"jwtDotCount":2,"tokenLen":143,"userId":5},"hypothesisId":"H1","location":"login_logic.go:Login","message":"issued login access token","runId":"pre-fix","sessionId":"bd9af0","timestamp":1777445089593}
{"data":{"accessExpireSec":3600,"exp":1777449786,"iat":1777446186,"jwtDotCount":2,"tokenLen":143,"userId":5},"hypothesisId":"H1","location":"login_logic.go:Login","message":"issued login access token","runId":"pre-fix","sessionId":"bd9af0","timestamp":1777446186200}
{"data":{"accessExpireSec":3600,"exp":1777450398,"iat":1777446798,"jwtDotCount":2,"tokenLen":143,"userId":5},"hypothesisId":"H1","location":"login_logic.go:Login","message":"issued login access token","runId":"pre-fix","sessionId":"bd9af0","timestamp":1777446798065}
{"data":{"accessExpireSec":3600,"exp":1777452058,"iat":1777448458,"jwtDotCount":2,"tokenLen":143,"userId":5},"hypothesisId":"H1","location":"login_logic.go:Login","message":"issued login access token","runId":"pre-fix","sessionId":"bd9af0","timestamp":1777448458627}
{"data":{"accessExpireSec":3600,"exp":1777455711,"iat":1777452111,"jwtDotCount":2,"tokenLen":143,"userId":5},"hypothesisId":"H1","location":"login_logic.go:Login","message":"issued login access token","runId":"pre-fix","sessionId":"bd9af0","timestamp":1777452111578}
{"data":{"accessExpireSec":3600,"exp":1777462855,"iat":1777459255,"jwtDotCount":2,"tokenLen":143,"userId":5},"hypothesisId":"H1","location":"login_logic.go:Login","message":"issued login access token","runId":"pre-fix","sessionId":"bd9af0","timestamp":1777459255150}
{"data":{"accessExpireSec":3600,"exp":1777517821,"iat":1777514221,"jwtDotCount":2,"tokenLen":143,"userId":5},"hypothesisId":"H1","location":"login_logic.go:Login","message":"issued login access token","runId":"pre-fix","sessionId":"bd9af0","timestamp":1777514221108}
{"data":{"accessExpireSec":3600,"exp":1777518985,"iat":1777515385,"jwtDotCount":2,"tokenLen":143,"userId":5},"hypothesisId":"H1","location":"login_logic.go:Login","message":"issued login access token","runId":"pre-fix","sessionId":"bd9af0","timestamp":1777515385601}
{"data":{"accessExpireSec":3600,"exp":1777519227,"iat":1777515627,"jwtDotCount":2,"tokenLen":143,"userId":5},"hypothesisId":"H1","location":"login_logic.go:Login","message":"issued login access token","runId":"pre-fix","sessionId":"bd9af0","timestamp":1777515627341}
{"data":{"accessExpireSec":3600,"exp":1777521621,"iat":1777518021,"jwtDotCount":2,"tokenLen":143,"userId":5},"hypothesisId":"H1","location":"login_logic.go:Login","message":"issued login access token","runId":"pre-fix","sessionId":"bd9af0","timestamp":1777518021086}
{"data":{"accessExpireSec":3600,"exp":1777521772,"iat":1777518172,"jwtDotCount":2,"tokenLen":143,"userId":5},"hypothesisId":"H1","location":"login_logic.go:Login","message":"issued login access token","runId":"pre-fix","sessionId":"bd9af0","timestamp":1777518172089}
{"data":{"accessExpireSec":3600,"exp":1777522756,"iat":1777519156,"jwtDotCount":2,"tokenLen":143,"userId":5},"hypothesisId":"H1","location":"login_logic.go:Login","message":"issued login access token","runId":"pre-fix","sessionId":"bd9af0","timestamp":1777519156073}
{"data":{"accessExpireSec":3600,"exp":1777525854,"iat":1777522254,"jwtDotCount":2,"tokenLen":143,"userId":5},"hypothesisId":"H1","location":"login_logic.go:Login","message":"issued login access token","runId":"pre-fix","sessionId":"bd9af0","timestamp":1777522254787}
{"data":{"accessExpireSec":3600,"exp":1777526359,"iat":1777522759,"jwtDotCount":2,"tokenLen":143,"userId":5},"hypothesisId":"H1","location":"login_logic.go:Login","message":"issued login access token","runId":"pre-fix","sessionId":"bd9af0","timestamp":1777522759546}
{"data":{"accessExpireSec":3600,"exp":1777531181,"iat":1777527581,"jwtDotCount":2,"tokenLen":143,"userId":5},"hypothesisId":"H1","location":"login_logic.go:Login","message":"issued login access token","runId":"pre-fix","sessionId":"bd9af0","timestamp":1777527581322}
{"data":{"accessExpireSec":3600,"exp":1777532160,"iat":1777528560,"jwtDotCount":2,"tokenLen":143,"userId":5},"hypothesisId":"H1","location":"login_logic.go:Login","message":"issued login access token","runId":"pre-fix","sessionId":"bd9af0","timestamp":1777528560644}
{"data":{"accessExpireSec":3600,"exp":1777534205,"iat":1777530605,"jwtDotCount":2,"tokenLen":143,"userId":5},"hypothesisId":"H1","location":"login_logic.go:Login","message":"issued login access token","runId":"pre-fix","sessionId":"bd9af0","timestamp":1777530605216}
{"data":{"accessExpireSec":3600,"exp":1777534653,"iat":1777531053,"jwtDotCount":2,"tokenLen":143,"userId":5},"hypothesisId":"H1","location":"login_logic.go:Login","message":"issued login access token","runId":"pre-fix","sessionId":"bd9af0","timestamp":1777531053689}
{"data":{"accessExpireSec":3600,"exp":1777535630,"iat":1777532030,"jwtDotCount":2,"tokenLen":143,"userId":5},"hypothesisId":"H1","location":"login_logic.go:Login","message":"issued login access token","runId":"pre-fix","sessionId":"bd9af0","timestamp":1777532030823}
{"data":{"accessExpireSec":3600,"exp":1777539124,"iat":1777535524,"jwtDotCount":2,"tokenLen":143,"userId":5},"hypothesisId":"H1","location":"login_logic.go:Login","message":"issued login access token","runId":"pre-fix","sessionId":"bd9af0","timestamp":1777535524780}
{"data":{"accessExpireSec":3600,"exp":1777540101,"iat":1777536501,"jwtDotCount":2,"tokenLen":143,"userId":5},"hypothesisId":"H1","location":"login_logic.go:Login","message":"issued login access token","runId":"pre-fix","sessionId":"bd9af0","timestamp":1777536501370}
{"data":{"accessExpireSec":3600,"exp":1777541231,"iat":1777537631,"jwtDotCount":2,"tokenLen":143,"userId":5},"hypothesisId":"H1","location":"login_logic.go:Login","message":"issued login access token","runId":"pre-fix","sessionId":"bd9af0","timestamp":1777537631016}
{"data":{"accessExpireSec":3600,"exp":1777542461,"iat":1777538861,"jwtDotCount":2,"tokenLen":143,"userId":5},"hypothesisId":"H1","location":"login_logic.go:Login","message":"issued login access token","runId":"pre-fix","sessionId":"bd9af0","timestamp":1777538861821}
{"data":{"accessExpireSec":3600,"exp":1777544093,"iat":1777540493,"jwtDotCount":2,"tokenLen":143,"userId":5},"hypothesisId":"H1","location":"login_logic.go:Login","message":"issued login access token","runId":"pre-fix","sessionId":"bd9af0","timestamp":1777540493047}
{"data":{"accessExpireSec":3600,"exp":1777546055,"iat":1777542455,"jwtDotCount":2,"tokenLen":143,"userId":5},"hypothesisId":"H1","location":"login_logic.go:Login","message":"issued login access token","runId":"pre-fix","sessionId":"bd9af0","timestamp":1777542455340}
{"data":{"accessExpireSec":3600,"exp":1777547822,"iat":1777544222,"jwtDotCount":2,"tokenLen":143,"userId":5},"hypothesisId":"H1","location":"login_logic.go:Login","message":"issued login access token","runId":"pre-fix","sessionId":"bd9af0","timestamp":1777544222753}
{"data":{"accessExpireSec":3600,"exp":1778037881,"iat":1778034281,"jwtDotCount":2,"tokenLen":143,"userId":5},"hypothesisId":"H1","location":"login_logic.go:Login","message":"issued login access token","runId":"pre-fix","sessionId":"bd9af0","timestamp":1778034281876}
{"data":{"accessExpireSec":3600,"exp":1778041741,"iat":1778038141,"jwtDotCount":2,"tokenLen":143,"userId":5},"hypothesisId":"H1","location":"login_logic.go:Login","message":"issued login access token","runId":"pre-fix","sessionId":"bd9af0","timestamp":1778038141962}
{"data":{"accessExpireSec":3600,"exp":1778042234,"iat":1778038634,"jwtDotCount":2,"tokenLen":143,"userId":5},"hypothesisId":"H1","location":"login_logic.go:Login","message":"issued login access token","runId":"pre-fix","sessionId":"bd9af0","timestamp":1778038634842}
{"data":{"accessExpireSec":3600,"exp":1778042259,"iat":1778038659,"jwtDotCount":2,"tokenLen":143,"userId":5},"hypothesisId":"H1","location":"login_logic.go:Login","message":"issued login access token","runId":"pre-fix","sessionId":"bd9af0","timestamp":1778038659042}
{"data":{"accessExpireSec":3600,"exp":1778042317,"iat":1778038717,"jwtDotCount":2,"tokenLen":143,"userId":5},"hypothesisId":"H1","location":"login_logic.go:Login","message":"issued login access token","runId":"pre-fix","sessionId":"bd9af0","timestamp":1778038717053}
{"data":{"accessExpireSec":3600,"exp":1778043739,"iat":1778040139,"jwtDotCount":2,"tokenLen":143,"userId":5},"hypothesisId":"H1","location":"login_logic.go:Login","message":"issued login access token","runId":"pre-fix","sessionId":"bd9af0","timestamp":1778040139677}
{"data":{"accessExpireSec":3600,"exp":1778049579,"iat":1778045979,"jwtDotCount":2,"tokenLen":143,"userId":5},"hypothesisId":"H1","location":"login_logic.go:Login","message":"issued login access token","runId":"pre-fix","sessionId":"bd9af0","timestamp":1778045979062}
{"data":{"accessExpireSec":3600,"exp":1778049693,"iat":1778046093,"jwtDotCount":2,"tokenLen":143,"userId":5},"hypothesisId":"H1","location":"login_logic.go:Login","message":"issued login access token","runId":"pre-fix","sessionId":"bd9af0","timestamp":1778046093594}
{"data":{"accessExpireSec":3600,"exp":1778050653,"iat":1778047053,"jwtDotCount":2,"tokenLen":143,"userId":5},"hypothesisId":"H1","location":"login_logic.go:Login","message":"issued login access token","runId":"pre-fix","sessionId":"bd9af0","timestamp":1778047053973}
{"data":{"accessExpireSec":3600,"exp":1778050988,"iat":1778047388,"jwtDotCount":2,"tokenLen":143,"userId":5},"hypothesisId":"H1","location":"login_logic.go:Login","message":"issued login access token","runId":"pre-fix","sessionId":"bd9af0","timestamp":1778047388565}
{"data":{"accessExpireSec":3600,"exp":1778051152,"iat":1778047552,"jwtDotCount":2,"tokenLen":143,"userId":5},"hypothesisId":"H1","location":"login_logic.go:Login","message":"issued login access token","runId":"pre-fix","sessionId":"bd9af0","timestamp":1778047552415}
{"data":{"accessExpireSec":3600,"exp":1778051709,"iat":1778048109,"jwtDotCount":2,"tokenLen":143,"userId":5},"hypothesisId":"H1","location":"login_logic.go:Login","message":"issued login access token","runId":"pre-fix","sessionId":"bd9af0","timestamp":1778048109950}
{"data":{"accessExpireSec":3600,"exp":1778051768,"iat":1778048168,"jwtDotCount":2,"tokenLen":143,"userId":5},"hypothesisId":"H1","location":"login_logic.go:Login","message":"issued login access token","runId":"pre-fix","sessionId":"bd9af0","timestamp":1778048168556}
{"data":{"accessExpireSec":3600,"exp":1778052050,"iat":1778048450,"jwtDotCount":2,"tokenLen":143,"userId":5},"hypothesisId":"H1","location":"login_logic.go:Login","message":"issued login access token","runId":"pre-fix","sessionId":"bd9af0","timestamp":1778048450496}
{"data":{"accessExpireSec":3600,"exp":1778053239,"iat":1778049639,"jwtDotCount":2,"tokenLen":143,"userId":5},"hypothesisId":"H1","location":"login_logic.go:Login","message":"issued login access token","runId":"pre-fix","sessionId":"bd9af0","timestamp":1778049639688}
{"data":{"accessExpireSec":3600,"exp":1778056076,"iat":1778052476,"jwtDotCount":2,"tokenLen":143,"userId":5},"hypothesisId":"H1","location":"login_logic.go:Login","message":"issued login access token","runId":"pre-fix","sessionId":"bd9af0","timestamp":1778052476767}
{"data":{"accessExpireSec":3600,"exp":1778057840,"iat":1778054240,"jwtDotCount":2,"tokenLen":143,"userId":5},"hypothesisId":"H1","location":"login_logic.go:Login","message":"issued login access token","runId":"pre-fix","sessionId":"bd9af0","timestamp":1778054240440}
{"data":{"accessExpireSec":3600,"exp":1778059876,"iat":1778056276,"jwtDotCount":2,"tokenLen":143,"userId":5},"hypothesisId":"H1","location":"login_logic.go:Login","message":"issued login access token","runId":"pre-fix","sessionId":"bd9af0","timestamp":1778056276413}
{"data":{"accessExpireSec":3600,"exp":1778060723,"iat":1778057123,"jwtDotCount":2,"tokenLen":143,"userId":5},"hypothesisId":"H1","location":"login_logic.go:Login","message":"issued login access token","runId":"pre-fix","sessionId":"bd9af0","timestamp":1778057123579}
{"data":{"accessExpireSec":3600,"exp":1778062469,"iat":1778058869,"jwtDotCount":2,"tokenLen":143,"userId":5},"hypothesisId":"H1","location":"login_logic.go:Login","message":"issued login access token","runId":"pre-fix","sessionId":"bd9af0","timestamp":1778058869325}
{"data":{"accessExpireSec":3600,"exp":1778062495,"iat":1778058895,"jwtDotCount":2,"tokenLen":143,"userId":5},"hypothesisId":"H1","location":"login_logic.go:Login","message":"issued login access token","runId":"pre-fix","sessionId":"bd9af0","timestamp":1778058895127}
{"data":{"accessExpireSec":3600,"exp":1778062495,"iat":1778058895,"jwtDotCount":2,"tokenLen":143,"userId":5},"hypothesisId":"H1","location":"login_logic.go:Login","message":"issued login access token","runId":"pre-fix","sessionId":"bd9af0","timestamp":1778058895128}
{"data":{"accessExpireSec":3600,"exp":1778062495,"iat":1778058895,"jwtDotCount":2,"tokenLen":143,"userId":5},"hypothesisId":"H1","location":"login_logic.go:Login","message":"issued login access token","runId":"pre-fix","sessionId":"bd9af0","timestamp":1778058895190}
{"data":{"accessExpireSec":3600,"exp":1778062495,"iat":1778058895,"jwtDotCount":2,"tokenLen":143,"userId":5},"hypothesisId":"H1","location":"login_logic.go:Login","message":"issued login access token","runId":"pre-fix","sessionId":"bd9af0","timestamp":1778058895196}
{"data":{"accessExpireSec":3600,"exp":1778062495,"iat":1778058895,"jwtDotCount":2,"tokenLen":143,"userId":5},"hypothesisId":"H1","location":"login_logic.go:Login","message":"issued login access token","runId":"pre-fix","sessionId":"bd9af0","timestamp":1778058895257}
{"data":{"accessExpireSec":3600,"exp":1778062495,"iat":1778058895,"jwtDotCount":2,"tokenLen":143,"userId":5},"hypothesisId":"H1","location":"login_logic.go:Login","message":"issued login access token","runId":"pre-fix","sessionId":"bd9af0","timestamp":1778058895261}
{"data":{"accessExpireSec":3600,"exp":1778062495,"iat":1778058895,"jwtDotCount":2,"tokenLen":143,"userId":5},"hypothesisId":"H1","location":"login_logic.go:Login","message":"issued login access token","runId":"pre-fix","sessionId":"bd9af0","timestamp":1778058895315}
{"data":{"accessExpireSec":3600,"exp":1778062495,"iat":1778058895,"jwtDotCount":2,"tokenLen":143,"userId":5},"hypothesisId":"H1","location":"login_logic.go:Login","message":"issued login access token","runId":"pre-fix","sessionId":"bd9af0","timestamp":1778058895320}
{"data":{"accessExpireSec":3600,"exp":1778062495,"iat":1778058895,"jwtDotCount":2,"tokenLen":143,"userId":5},"hypothesisId":"H1","location":"login_logic.go:Login","message":"issued login access token","runId":"pre-fix","sessionId":"bd9af0","timestamp":1778058895324}
{"data":{"accessExpireSec":3600,"exp":1778062495,"iat":1778058895,"jwtDotCount":2,"tokenLen":143,"userId":5},"hypothesisId":"H1","location":"login_logic.go:Login","message":"issued login access token","runId":"pre-fix","sessionId":"bd9af0","timestamp":1778058895326}
{"data":{"accessExpireSec":3600,"exp":1778062495,"iat":1778058895,"jwtDotCount":2,"tokenLen":143,"userId":5},"hypothesisId":"H1","location":"login_logic.go:Login","message":"issued login access token","runId":"pre-fix","sessionId":"bd9af0","timestamp":1778058895334}
{"data":{"accessExpireSec":3600,"exp":1778062495,"iat":1778058895,"jwtDotCount":2,"tokenLen":143,"userId":5},"hypothesisId":"H1","location":"login_logic.go:Login","message":"issued login access token","runId":"pre-fix","sessionId":"bd9af0","timestamp":1778058895345}
{"data":{"accessExpireSec":3600,"exp":1778062495,"iat":1778058895,"jwtDotCount":2,"tokenLen":143,"userId":5},"hypothesisId":"H1","location":"login_logic.go:Login","message":"issued login access token","runId":"pre-fix","sessionId":"bd9af0","timestamp":1778058895346}
{"data":{"accessExpireSec":3600,"exp":1778062495,"iat":1778058895,"jwtDotCount":2,"tokenLen":143,"userId":5},"hypothesisId":"H1","location":"login_logic.go:Login","message":"issued login access token","runId":"pre-fix","sessionId":"bd9af0","timestamp":1778058895347}
{"data":{"accessExpireSec":3600,"exp":1778062495,"iat":1778058895,"jwtDotCount":2,"tokenLen":143,"userId":5},"hypothesisId":"H1","location":"login_logic.go:Login","message":"issued login access token","runId":"pre-fix","sessionId":"bd9af0","timestamp":1778058895349}
{"data":{"accessExpireSec":3600,"exp":1778062495,"iat":1778058895,"jwtDotCount":2,"tokenLen":143,"userId":5},"hypothesisId":"H1","location":"login_logic.go:Login","message":"issued login access token","runId":"pre-fix","sessionId":"bd9af0","timestamp":1778058895380}
{"data":{"accessExpireSec":3600,"exp":1778062495,"iat":1778058895,"jwtDotCount":2,"tokenLen":143,"userId":5},"hypothesisId":"H1","location":"login_logic.go:Login","message":"issued login access token","runId":"pre-fix","sessionId":"bd9af0","timestamp":1778058895380}
{"data":{"accessExpireSec":3600,"exp":1778062495,"iat":1778058895,"jwtDotCount":2,"tokenLen":143,"userId":5},"hypothesisId":"H1","location":"login_logic.go:Login","message":"issued login access token","runId":"pre-fix","sessionId":"bd9af0","timestamp":1778058895384}
{"data":{"accessExpireSec":3600,"exp":1778062495,"iat":1778058895,"jwtDotCount":2,"tokenLen":143,"userId":5},"hypothesisId":"H1","location":"login_logic.go:Login","message":"issued login access token","runId":"pre-fix","sessionId":"bd9af0","timestamp":1778058895390}
{"data":{"accessExpireSec":3600,"exp":1778062495,"iat":1778058895,"jwtDotCount":2,"tokenLen":143,"userId":5},"hypothesisId":"H1","location":"login_logic.go:Login","message":"issued login access token","runId":"pre-fix","sessionId":"bd9af0","timestamp":1778058895394}
{"data":{"accessExpireSec":3600,"exp":1778062495,"iat":1778058895,"jwtDotCount":2,"tokenLen":143,"userId":5},"hypothesisId":"H1","location":"login_logic.go:Login","message":"issued login access token","runId":"pre-fix","sessionId":"bd9af0","timestamp":1778058895396}
{"data":{"accessExpireSec":3600,"exp":1778062495,"iat":1778058895,"jwtDotCount":2,"tokenLen":143,"userId":5},"hypothesisId":"H1","location":"login_logic.go:Login","message":"issued login access token","runId":"pre-fix","sessionId":"bd9af0","timestamp":1778058895406}
{"data":{"accessExpireSec":3600,"exp":1778062495,"iat":1778058895,"jwtDotCount":2,"tokenLen":143,"userId":5},"hypothesisId":"H1","location":"login_logic.go:Login","message":"issued login access token","runId":"pre-fix","sessionId":"bd9af0","timestamp":1778058895407}
{"data":{"accessExpireSec":3600,"exp":1778062495,"iat":1778058895,"jwtDotCount":2,"tokenLen":143,"userId":5},"hypothesisId":"H1","location":"login_logic.go:Login","message":"issued login access token","runId":"pre-fix","sessionId":"bd9af0","timestamp":1778058895407}
{"data":{"accessExpireSec":3600,"exp":1778062495,"iat":1778058895,"jwtDotCount":2,"tokenLen":143,"userId":5},"hypothesisId":"H1","location":"login_logic.go:Login","message":"issued login access token","runId":"pre-fix","sessionId":"bd9af0","timestamp":1778058895408}
{"data":{"accessExpireSec":3600,"exp":1778062495,"iat":1778058895,"jwtDotCount":2,"tokenLen":143,"userId":5},"hypothesisId":"H1","location":"login_logic.go:Login","message":"issued login access token","runId":"pre-fix","sessionId":"bd9af0","timestamp":1778058895444}
{"data":{"accessExpireSec":3600,"exp":1778062495,"iat":1778058895,"jwtDotCount":2,"tokenLen":143,"userId":5},"hypothesisId":"H1","location":"login_logic.go:Login","message":"issued login access token","runId":"pre-fix","sessionId":"bd9af0","timestamp":1778058895444}
{"data":{"accessExpireSec":3600,"exp":1778062495,"iat":1778058895,"jwtDotCount":2,"tokenLen":143,"userId":5},"hypothesisId":"H1","location":"login_logic.go:Login","message":"issued login access token","runId":"pre-fix","sessionId":"bd9af0","timestamp":1778058895445}
{"data":{"accessExpireSec":3600,"exp":1778062495,"iat":1778058895,"jwtDotCount":2,"tokenLen":143,"userId":5},"hypothesisId":"H1","location":"login_logic.go:Login","message":"issued login access token","runId":"pre-fix","sessionId":"bd9af0","timestamp":1778058895453}
{"data":{"accessExpireSec":3600,"exp":1778062495,"iat":1778058895,"jwtDotCount":2,"tokenLen":143,"userId":5},"hypothesisId":"H1","location":"login_logic.go:Login","message":"issued login access token","runId":"pre-fix","sessionId":"bd9af0","timestamp":1778058895458}
{"data":{"accessExpireSec":3600,"exp":1778062495,"iat":1778058895,"jwtDotCount":2,"tokenLen":143,"userId":5},"hypothesisId":"H1","location":"login_logic.go:Login","message":"issued login access token","runId":"pre-fix","sessionId":"bd9af0","timestamp":1778058895458}
{"data":{"accessExpireSec":3600,"exp":1778062495,"iat":1778058895,"jwtDotCount":2,"tokenLen":143,"userId":5},"hypothesisId":"H1","location":"login_logic.go:Login","message":"issued login access token","runId":"pre-fix","sessionId":"bd9af0","timestamp":1778058895471}
{"data":{"accessExpireSec":3600,"exp":1778062495,"iat":1778058895,"jwtDotCount":2,"tokenLen":143,"userId":5},"hypothesisId":"H1","location":"login_logic.go:Login","message":"issued login access token","runId":"pre-fix","sessionId":"bd9af0","timestamp":1778058895473}
{"data":{"accessExpireSec":3600,"exp":1778062495,"iat":1778058895,"jwtDotCount":2,"tokenLen":143,"userId":5},"hypothesisId":"H1","location":"login_logic.go:Login","message":"issued login access token","runId":"pre-fix","sessionId":"bd9af0","timestamp":1778058895474}
{"data":{"accessExpireSec":3600,"exp":1778062495,"iat":1778058895,"jwtDotCount":2,"tokenLen":143,"userId":5},"hypothesisId":"H1","location":"login_logic.go:Login","message":"issued login access token","runId":"pre-fix","sessionId":"bd9af0","timestamp":1778058895504}
{"data":{"accessExpireSec":3600,"exp":1778062495,"iat":1778058895,"jwtDotCount":2,"tokenLen":143,"userId":5},"hypothesisId":"H1","location":"login_logic.go:Login","message":"issued login access token","runId":"pre-fix","sessionId":"bd9af0","timestamp":1778058895504}
{"data":{"accessExpireSec":3600,"exp":1778062495,"iat":1778058895,"jwtDotCount":2,"tokenLen":143,"userId":5},"hypothesisId":"H1","location":"login_logic.go:Login","message":"issued login access token","runId":"pre-fix","sessionId":"bd9af0","timestamp":1778058895506}
{"data":{"accessExpireSec":3600,"exp":1778062495,"iat":1778058895,"jwtDotCount":2,"tokenLen":143,"userId":5},"hypothesisId":"H1","location":"login_logic.go:Login","message":"issued login access token","runId":"pre-fix","sessionId":"bd9af0","timestamp":1778058895514}
{"data":{"accessExpireSec":3600,"exp":1778062495,"iat":1778058895,"jwtDotCount":2,"tokenLen":143,"userId":5},"hypothesisId":"H1","location":"login_logic.go:Login","message":"issued login access token","runId":"pre-fix","sessionId":"bd9af0","timestamp":1778058895518}
{"data":{"accessExpireSec":3600,"exp":1778062495,"iat":1778058895,"jwtDotCount":2,"tokenLen":143,"userId":5},"hypothesisId":"H1","location":"login_logic.go:Login","message":"issued login access token","runId":"pre-fix","sessionId":"bd9af0","timestamp":1778058895519}
{"data":{"accessExpireSec":3600,"exp":1778062495,"iat":1778058895,"jwtDotCount":2,"tokenLen":143,"userId":5},"hypothesisId":"H1","location":"login_logic.go:Login","message":"issued login access token","runId":"pre-fix","sessionId":"bd9af0","timestamp":1778058895533}
{"data":{"accessExpireSec":3600,"exp":1778062495,"iat":1778058895,"jwtDotCount":2,"tokenLen":143,"userId":5},"hypothesisId":"H1","location":"login_logic.go:Login","message":"issued login access token","runId":"pre-fix","sessionId":"bd9af0","timestamp":1778058895533}
{"data":{"accessExpireSec":3600,"exp":1778062495,"iat":1778058895,"jwtDotCount":2,"tokenLen":143,"userId":5},"hypothesisId":"H1","location":"login_logic.go:Login","message":"issued login access token","runId":"pre-fix","sessionId":"bd9af0","timestamp":1778058895533}
{"data":{"accessExpireSec":3600,"exp":1778062495,"iat":1778058895,"jwtDotCount":2,"tokenLen":143,"userId":5},"hypothesisId":"H1","location":"login_logic.go:Login","message":"issued login access token","runId":"pre-fix","sessionId":"bd9af0","timestamp":1778058895545}
{"data":{"accessExpireSec":3600,"exp":1778062495,"iat":1778058895,"jwtDotCount":2,"tokenLen":143,"userId":5},"hypothesisId":"H1","location":"login_logic.go:Login","message":"issued login access token","runId":"pre-fix","sessionId":"bd9af0","timestamp":1778058895564}
{"data":{"accessExpireSec":3600,"exp":1778062495,"iat":1778058895,"jwtDotCount":2,"tokenLen":143,"userId":5},"hypothesisId":"H1","location":"login_logic.go:Login","message":"issued login access token","runId":"pre-fix","sessionId":"bd9af0","timestamp":1778058895565}
{"data":{"accessExpireSec":3600,"exp":1778062495,"iat":1778058895,"jwtDotCount":2,"tokenLen":143,"userId":5},"hypothesisId":"H1","location":"login_logic.go:Login","message":"issued login access token","runId":"pre-fix","sessionId":"bd9af0","timestamp":1778058895565}
{"data":{"accessExpireSec":3600,"exp":1778062495,"iat":1778058895,"jwtDotCount":2,"tokenLen":143,"userId":5},"hypothesisId":"H1","location":"login_logic.go:Login","message":"issued login access token","runId":"pre-fix","sessionId":"bd9af0","timestamp":1778058895573}
{"data":{"accessExpireSec":3600,"exp":1778062495,"iat":1778058895,"jwtDotCount":2,"tokenLen":143,"userId":5},"hypothesisId":"H1","location":"login_logic.go:Login","message":"issued login access token","runId":"pre-fix","sessionId":"bd9af0","timestamp":1778058895577}
{"data":{"accessExpireSec":3600,"exp":1778062495,"iat":1778058895,"jwtDotCount":2,"tokenLen":143,"userId":5},"hypothesisId":"H1","location":"login_logic.go:Login","message":"issued login access token","runId":"pre-fix","sessionId":"bd9af0","timestamp":1778058895578}
{"data":{"accessExpireSec":3600,"exp":1778062495,"iat":1778058895,"jwtDotCount":2,"tokenLen":143,"userId":5},"hypothesisId":"H1","location":"login_logic.go:Login","message":"issued login access token","runId":"pre-fix","sessionId":"bd9af0","timestamp":1778058895592}
{"data":{"accessExpireSec":3600,"exp":1778062495,"iat":1778058895,"jwtDotCount":2,"tokenLen":143,"userId":5},"hypothesisId":"H1","location":"login_logic.go:Login","message":"issued login access token","runId":"pre-fix","sessionId":"bd9af0","timestamp":1778058895592}
{"data":{"accessExpireSec":3600,"exp":1778062495,"iat":1778058895,"jwtDotCount":2,"tokenLen":143,"userId":5},"hypothesisId":"H1","location":"login_logic.go:Login","message":"issued login access token","runId":"pre-fix","sessionId":"bd9af0","timestamp":1778058895593}
{"data":{"accessExpireSec":3600,"exp":1778062495,"iat":1778058895,"jwtDotCount":2,"tokenLen":143,"userId":5},"hypothesisId":"H1","location":"login_logic.go:Login","message":"issued login access token","runId":"pre-fix","sessionId":"bd9af0","timestamp":1778058895610}
{"data":{"accessExpireSec":3600,"exp":1778062495,"iat":1778058895,"jwtDotCount":2,"tokenLen":143,"userId":5},"hypothesisId":"H1","location":"login_logic.go:Login","message":"issued login access token","runId":"pre-fix","sessionId":"bd9af0","timestamp":1778058895626}
{"data":{"accessExpireSec":3600,"exp":1778062495,"iat":1778058895,"jwtDotCount":2,"tokenLen":143,"userId":5},"hypothesisId":"H1","location":"login_logic.go:Login","message":"issued login access token","runId":"pre-fix","sessionId":"bd9af0","timestamp":1778058895628}
{"data":{"accessExpireSec":3600,"exp":1778062495,"iat":1778058895,"jwtDotCount":2,"tokenLen":143,"userId":5},"hypothesisId":"H1","location":"login_logic.go:Login","message":"issued login access token","runId":"pre-fix","sessionId":"bd9af0","timestamp":1778058895630}
{"data":{"accessExpireSec":3600,"exp":1778062495,"iat":1778058895,"jwtDotCount":2,"tokenLen":143,"userId":5},"hypothesisId":"H1","location":"login_logic.go:Login","message":"issued login access token","runId":"pre-fix","sessionId":"bd9af0","timestamp":1778058895632}
{"data":{"accessExpireSec":3600,"exp":1778062495,"iat":1778058895,"jwtDotCount":2,"tokenLen":143,"userId":5},"hypothesisId":"H1","location":"login_logic.go:Login","message":"issued login access token","runId":"pre-fix","sessionId":"bd9af0","timestamp":1778058895639}
{"data":{"accessExpireSec":3600,"exp":1778062495,"iat":1778058895,"jwtDotCount":2,"tokenLen":143,"userId":5},"hypothesisId":"H1","location":"login_logic.go:Login","message":"issued login access token","runId":"pre-fix","sessionId":"bd9af0","timestamp":1778058895640}
{"data":{"accessExpireSec":3600,"exp":1778062495,"iat":1778058895,"jwtDotCount":2,"tokenLen":143,"userId":5},"hypothesisId":"H1","location":"login_logic.go:Login","message":"issued login access token","runId":"pre-fix","sessionId":"bd9af0","timestamp":1778058895657}
{"data":{"accessExpireSec":3600,"exp":1778062495,"iat":1778058895,"jwtDotCount":2,"tokenLen":143,"userId":5},"hypothesisId":"H1","location":"login_logic.go:Login","message":"issued login access token","runId":"pre-fix","sessionId":"bd9af0","timestamp":1778058895657}
{"data":{"accessExpireSec":3600,"exp":1778062495,"iat":1778058895,"jwtDotCount":2,"tokenLen":143,"userId":5},"hypothesisId":"H1","location":"login_logic.go:Login","message":"issued login access token","runId":"pre-fix","sessionId":"bd9af0","timestamp":1778058895661}
{"data":{"accessExpireSec":3600,"exp":1778062495,"iat":1778058895,"jwtDotCount":2,"tokenLen":143,"userId":5},"hypothesisId":"H1","location":"login_logic.go:Login","message":"issued login access token","runId":"pre-fix","sessionId":"bd9af0","timestamp":1778058895668}
{"data":{"accessExpireSec":3600,"exp":1778062495,"iat":1778058895,"jwtDotCount":2,"tokenLen":143,"userId":5},"hypothesisId":"H1","location":"login_logic.go:Login","message":"issued login access token","runId":"pre-fix","sessionId":"bd9af0","timestamp":1778058895682}
{"data":{"accessExpireSec":3600,"exp":1778062495,"iat":1778058895,"jwtDotCount":2,"tokenLen":143,"userId":5},"hypothesisId":"H1","location":"login_logic.go:Login","message":"issued login access token","runId":"pre-fix","sessionId":"bd9af0","timestamp":1778058895686}
{"data":{"accessExpireSec":3600,"exp":1778062495,"iat":1778058895,"jwtDotCount":2,"tokenLen":143,"userId":5},"hypothesisId":"H1","location":"login_logic.go:Login","message":"issued login access token","runId":"pre-fix","sessionId":"bd9af0","timestamp":1778058895688}
{"data":{"accessExpireSec":3600,"exp":1778062495,"iat":1778058895,"jwtDotCount":2,"tokenLen":143,"userId":5},"hypothesisId":"H1","location":"login_logic.go:Login","message":"issued login access token","runId":"pre-fix","sessionId":"bd9af0","timestamp":1778058895692}
{"data":{"accessExpireSec":3600,"exp":1778062495,"iat":1778058895,"jwtDotCount":2,"tokenLen":143,"userId":5},"hypothesisId":"H1","location":"login_logic.go:Login","message":"issued login access token","runId":"pre-fix","sessionId":"bd9af0","timestamp":1778058895698}
{"data":{"accessExpireSec":3600,"exp":1778062495,"iat":1778058895,"jwtDotCount":2,"tokenLen":143,"userId":5},"hypothesisId":"H1","location":"login_logic.go:Login","message":"issued login access token","runId":"pre-fix","sessionId":"bd9af0","timestamp":1778058895700}
{"data":{"accessExpireSec":3600,"exp":1778062495,"iat":1778058895,"jwtDotCount":2,"tokenLen":143,"userId":5},"hypothesisId":"H1","location":"login_logic.go:Login","message":"issued login access token","runId":"pre-fix","sessionId":"bd9af0","timestamp":1778058895715}
{"data":{"accessExpireSec":3600,"exp":1778062495,"iat":1778058895,"jwtDotCount":2,"tokenLen":143,"userId":5},"hypothesisId":"H1","location":"login_logic.go:Login","message":"issued login access token","runId":"pre-fix","sessionId":"bd9af0","timestamp":1778058895715}
{"data":{"accessExpireSec":3600,"exp":1778062495,"iat":1778058895,"jwtDotCount":2,"tokenLen":143,"userId":5},"hypothesisId":"H1","location":"login_logic.go:Login","message":"issued login access token","runId":"pre-fix","sessionId":"bd9af0","timestamp":1778058895716}
{"data":{"accessExpireSec":3600,"exp":1778062495,"iat":1778058895,"jwtDotCount":2,"tokenLen":143,"userId":5},"hypothesisId":"H1","location":"login_logic.go:Login","message":"issued login access token","runId":"pre-fix","sessionId":"bd9af0","timestamp":1778058895726}
{"data":{"accessExpireSec":3600,"exp":1778062495,"iat":1778058895,"jwtDotCount":2,"tokenLen":143,"userId":5},"hypothesisId":"H1","location":"login_logic.go:Login","message":"issued login access token","runId":"pre-fix","sessionId":"bd9af0","timestamp":1778058895741}
{"data":{"accessExpireSec":3600,"exp":1778062495,"iat":1778058895,"jwtDotCount":2,"tokenLen":143,"userId":5},"hypothesisId":"H1","location":"login_logic.go:Login","message":"issued login access token","runId":"pre-fix","sessionId":"bd9af0","timestamp":1778058895743}
{"data":{"accessExpireSec":3600,"exp":1778062495,"iat":1778058895,"jwtDotCount":2,"tokenLen":143,"userId":5},"hypothesisId":"H1","location":"login_logic.go:Login","message":"issued login access token","runId":"pre-fix","sessionId":"bd9af0","timestamp":1778058895748}
{"data":{"accessExpireSec":3600,"exp":1778062495,"iat":1778058895,"jwtDotCount":2,"tokenLen":143,"userId":5},"hypothesisId":"H1","location":"login_logic.go:Login","message":"issued login access token","runId":"pre-fix","sessionId":"bd9af0","timestamp":1778058895749}
{"data":{"accessExpireSec":3600,"exp":1778062495,"iat":1778058895,"jwtDotCount":2,"tokenLen":143,"userId":5},"hypothesisId":"H1","location":"login_logic.go:Login","message":"issued login access token","runId":"pre-fix","sessionId":"bd9af0","timestamp":1778058895755}
{"data":{"accessExpireSec":3600,"exp":1778062495,"iat":1778058895,"jwtDotCount":2,"tokenLen":143,"userId":5},"hypothesisId":"H1","location":"login_logic.go:Login","message":"issued login access token","runId":"pre-fix","sessionId":"bd9af0","timestamp":1778058895757}
{"data":{"accessExpireSec":3600,"exp":1778062495,"iat":1778058895,"jwtDotCount":2,"tokenLen":143,"userId":5},"hypothesisId":"H1","location":"login_logic.go:Login","message":"issued login access token","runId":"pre-fix","sessionId":"bd9af0","timestamp":1778058895772}
{"data":{"accessExpireSec":3600,"exp":1778062495,"iat":1778058895,"jwtDotCount":2,"tokenLen":143,"userId":5},"hypothesisId":"H1","location":"login_logic.go:Login","message":"issued login access token","runId":"pre-fix","sessionId":"bd9af0","timestamp":1778058895773}
{"data":{"accessExpireSec":3600,"exp":1778062495,"iat":1778058895,"jwtDotCount":2,"tokenLen":143,"userId":5},"hypothesisId":"H1","location":"login_logic.go:Login","message":"issued login access token","runId":"pre-fix","sessionId":"bd9af0","timestamp":1778058895775}
{"data":{"accessExpireSec":3600,"exp":1778062495,"iat":1778058895,"jwtDotCount":2,"tokenLen":143,"userId":5},"hypothesisId":"H1","location":"login_logic.go:Login","message":"issued login access token","runId":"pre-fix","sessionId":"bd9af0","timestamp":1778058895784}
{"data":{"accessExpireSec":3600,"exp":1778062495,"iat":1778058895,"jwtDotCount":2,"tokenLen":143,"userId":5},"hypothesisId":"H1","location":"login_logic.go:Login","message":"issued login access token","runId":"pre-fix","sessionId":"bd9af0","timestamp":1778058895803}
{"data":{"accessExpireSec":3600,"exp":1778062495,"iat":1778058895,"jwtDotCount":2,"tokenLen":143,"userId":5},"hypothesisId":"H1","location":"login_logic.go:Login","message":"issued login access token","runId":"pre-fix","sessionId":"bd9af0","timestamp":1778058895803}
{"data":{"accessExpireSec":3600,"exp":1778062495,"iat":1778058895,"jwtDotCount":2,"tokenLen":143,"userId":5},"hypothesisId":"H1","location":"login_logic.go:Login","message":"issued login access token","runId":"pre-fix","sessionId":"bd9af0","timestamp":1778058895805}
{"data":{"accessExpireSec":3600,"exp":1778062495,"iat":1778058895,"jwtDotCount":2,"tokenLen":143,"userId":5},"hypothesisId":"H1","location":"login_logic.go:Login","message":"issued login access token","runId":"pre-fix","sessionId":"bd9af0","timestamp":1778058895806}
{"data":{"accessExpireSec":3600,"exp":1778062495,"iat":1778058895,"jwtDotCount":2,"tokenLen":143,"userId":5},"hypothesisId":"H1","location":"login_logic.go:Login","message":"issued login access token","runId":"pre-fix","sessionId":"bd9af0","timestamp":1778058895815}
{"data":{"accessExpireSec":3600,"exp":1778062495,"iat":1778058895,"jwtDotCount":2,"tokenLen":143,"userId":5},"hypothesisId":"H1","location":"login_logic.go:Login","message":"issued login access token","runId":"pre-fix","sessionId":"bd9af0","timestamp":1778058895816}
{"data":{"accessExpireSec":3600,"exp":1778062495,"iat":1778058895,"jwtDotCount":2,"tokenLen":143,"userId":5},"hypothesisId":"H1","location":"login_logic.go:Login","message":"issued login access token","runId":"pre-fix","sessionId":"bd9af0","timestamp":1778058895830}
{"data":{"accessExpireSec":3600,"exp":1778062495,"iat":1778058895,"jwtDotCount":2,"tokenLen":143,"userId":5},"hypothesisId":"H1","location":"login_logic.go:Login","message":"issued login access token","runId":"pre-fix","sessionId":"bd9af0","timestamp":1778058895831}
{"data":{"accessExpireSec":3600,"exp":1778062495,"iat":1778058895,"jwtDotCount":2,"tokenLen":143,"userId":5},"hypothesisId":"H1","location":"login_logic.go:Login","message":"issued login access token","runId":"pre-fix","sessionId":"bd9af0","timestamp":1778058895834}
{"data":{"accessExpireSec":3600,"exp":1778062495,"iat":1778058895,"jwtDotCount":2,"tokenLen":143,"userId":5},"hypothesisId":"H1","location":"login_logic.go:Login","message":"issued login access token","runId":"pre-fix","sessionId":"bd9af0","timestamp":1778058895842}
{"data":{"accessExpireSec":3600,"exp":1778062495,"iat":1778058895,"jwtDotCount":2,"tokenLen":143,"userId":5},"hypothesisId":"H1","location":"login_logic.go:Login","message":"issued login access token","runId":"pre-fix","sessionId":"bd9af0","timestamp":1778058895859}
{"data":{"accessExpireSec":3600,"exp":1778062495,"iat":1778058895,"jwtDotCount":2,"tokenLen":143,"userId":5},"hypothesisId":"H1","location":"login_logic.go:Login","message":"issued login access token","runId":"pre-fix","sessionId":"bd9af0","timestamp":1778058895859}
{"data":{"accessExpireSec":3600,"exp":1778062495,"iat":1778058895,"jwtDotCount":2,"tokenLen":143,"userId":5},"hypothesisId":"H1","location":"login_logic.go:Login","message":"issued login access token","runId":"pre-fix","sessionId":"bd9af0","timestamp":1778058895862}
{"data":{"accessExpireSec":3600,"exp":1778062495,"iat":1778058895,"jwtDotCount":2,"tokenLen":143,"userId":5},"hypothesisId":"H1","location":"login_logic.go:Login","message":"issued login access token","runId":"pre-fix","sessionId":"bd9af0","timestamp":1778058895863}
{"data":{"accessExpireSec":3600,"exp":1778062495,"iat":1778058895,"jwtDotCount":2,"tokenLen":143,"userId":5},"hypothesisId":"H1","location":"login_logic.go:Login","message":"issued login access token","runId":"pre-fix","sessionId":"bd9af0","timestamp":1778058895870}
{"data":{"accessExpireSec":3600,"exp":1778062495,"iat":1778058895,"jwtDotCount":2,"tokenLen":143,"userId":5},"hypothesisId":"H1","location":"login_logic.go:Login","message":"issued login access token","runId":"pre-fix","sessionId":"bd9af0","timestamp":1778058895872}
{"data":{"accessExpireSec":3600,"exp":1778062495,"iat":1778058895,"jwtDotCount":2,"tokenLen":143,"userId":5},"hypothesisId":"H1","location":"login_logic.go:Login","message":"issued login access token","runId":"pre-fix","sessionId":"bd9af0","timestamp":1778058895889}
{"data":{"accessExpireSec":3600,"exp":1778062495,"iat":1778058895,"jwtDotCount":2,"tokenLen":143,"userId":5},"hypothesisId":"H1","location":"login_logic.go:Login","message":"issued login access token","runId":"pre-fix","sessionId":"bd9af0","timestamp":1778058895889}
{"data":{"accessExpireSec":3600,"exp":1778062495,"iat":1778058895,"jwtDotCount":2,"tokenLen":143,"userId":5},"hypothesisId":"H1","location":"login_logic.go:Login","message":"issued login access token","runId":"pre-fix","sessionId":"bd9af0","timestamp":1778058895890}
{"data":{"accessExpireSec":3600,"exp":1778062495,"iat":1778058895,"jwtDotCount":2,"tokenLen":143,"userId":5},"hypothesisId":"H1","location":"login_logic.go:Login","message":"issued login access token","runId":"pre-fix","sessionId":"bd9af0","timestamp":1778058895898}
{"data":{"accessExpireSec":3600,"exp":1778062495,"iat":1778058895,"jwtDotCount":2,"tokenLen":143,"userId":5},"hypothesisId":"H1","location":"login_logic.go:Login","message":"issued login access token","runId":"pre-fix","sessionId":"bd9af0","timestamp":1778058895916}
{"data":{"accessExpireSec":3600,"exp":1778062495,"iat":1778058895,"jwtDotCount":2,"tokenLen":143,"userId":5},"hypothesisId":"H1","location":"login_logic.go:Login","message":"issued login access token","runId":"pre-fix","sessionId":"bd9af0","timestamp":1778058895917}
{"data":{"accessExpireSec":3600,"exp":1778062495,"iat":1778058895,"jwtDotCount":2,"tokenLen":143,"userId":5},"hypothesisId":"H1","location":"login_logic.go:Login","message":"issued login access token","runId":"pre-fix","sessionId":"bd9af0","timestamp":1778058895919}
{"data":{"accessExpireSec":3600,"exp":1778062495,"iat":1778058895,"jwtDotCount":2,"tokenLen":143,"userId":5},"hypothesisId":"H1","location":"login_logic.go:Login","message":"issued login access token","runId":"pre-fix","sessionId":"bd9af0","timestamp":1778058895919}
{"data":{"accessExpireSec":3600,"exp":1778062495,"iat":1778058895,"jwtDotCount":2,"tokenLen":143,"userId":5},"hypothesisId":"H1","location":"login_logic.go:Login","message":"issued login access token","runId":"pre-fix","sessionId":"bd9af0","timestamp":1778058895928}
{"data":{"accessExpireSec":3600,"exp":1778062495,"iat":1778058895,"jwtDotCount":2,"tokenLen":143,"userId":5},"hypothesisId":"H1","location":"login_logic.go:Login","message":"issued login access token","runId":"pre-fix","sessionId":"bd9af0","timestamp":1778058895929}
{"data":{"accessExpireSec":3600,"exp":1778062495,"iat":1778058895,"jwtDotCount":2,"tokenLen":143,"userId":5},"hypothesisId":"H1","location":"login_logic.go:Login","message":"issued login access token","runId":"pre-fix","sessionId":"bd9af0","timestamp":1778058895945}
{"data":{"accessExpireSec":3600,"exp":1778062495,"iat":1778058895,"jwtDotCount":2,"tokenLen":143,"userId":5},"hypothesisId":"H1","location":"login_logic.go:Login","message":"issued login access token","runId":"pre-fix","sessionId":"bd9af0","timestamp":1778058895946}
{"data":{"accessExpireSec":3600,"exp":1778062495,"iat":1778058895,"jwtDotCount":2,"tokenLen":143,"userId":5},"hypothesisId":"H1","location":"login_logic.go:Login","message":"issued login access token","runId":"pre-fix","sessionId":"bd9af0","timestamp":1778058895947}
{"data":{"accessExpireSec":3600,"exp":1778062495,"iat":1778058895,"jwtDotCount":2,"tokenLen":143,"userId":5},"hypothesisId":"H1","location":"login_logic.go:Login","message":"issued login access token","runId":"pre-fix","sessionId":"bd9af0","timestamp":1778058895954}
{"data":{"accessExpireSec":3600,"exp":1778062495,"iat":1778058895,"jwtDotCount":2,"tokenLen":143,"userId":5},"hypothesisId":"H1","location":"login_logic.go:Login","message":"issued login access token","runId":"pre-fix","sessionId":"bd9af0","timestamp":1778058895972}
{"data":{"accessExpireSec":3600,"exp":1778062495,"iat":1778058895,"jwtDotCount":2,"tokenLen":143,"userId":5},"hypothesisId":"H1","location":"login_logic.go:Login","message":"issued login access token","runId":"pre-fix","sessionId":"bd9af0","timestamp":1778058895973}
{"data":{"accessExpireSec":3600,"exp":1778062495,"iat":1778058895,"jwtDotCount":2,"tokenLen":143,"userId":5},"hypothesisId":"H1","location":"login_logic.go:Login","message":"issued login access token","runId":"pre-fix","sessionId":"bd9af0","timestamp":1778058895973}
{"data":{"accessExpireSec":3600,"exp":1778062495,"iat":1778058895,"jwtDotCount":2,"tokenLen":143,"userId":5},"hypothesisId":"H1","location":"login_logic.go:Login","message":"issued login access token","runId":"pre-fix","sessionId":"bd9af0","timestamp":1778058895978}
{"data":{"accessExpireSec":3600,"exp":1778062495,"iat":1778058895,"jwtDotCount":2,"tokenLen":143,"userId":5},"hypothesisId":"H1","location":"login_logic.go:Login","message":"issued login access token","runId":"pre-fix","sessionId":"bd9af0","timestamp":1778058895984}
{"data":{"accessExpireSec":3600,"exp":1778062495,"iat":1778058895,"jwtDotCount":2,"tokenLen":143,"userId":5},"hypothesisId":"H1","location":"login_logic.go:Login","message":"issued login access token","runId":"pre-fix","sessionId":"bd9af0","timestamp":1778058895985}
{"data":{"accessExpireSec":3600,"exp":1778062496,"iat":1778058896,"jwtDotCount":2,"tokenLen":143,"userId":5},"hypothesisId":"H1","location":"login_logic.go:Login","message":"issued login access token","runId":"pre-fix","sessionId":"bd9af0","timestamp":1778058896003}
{"data":{"accessExpireSec":3600,"exp":1778062496,"iat":1778058896,"jwtDotCount":2,"tokenLen":143,"userId":5},"hypothesisId":"H1","location":"login_logic.go:Login","message":"issued login access token","runId":"pre-fix","sessionId":"bd9af0","timestamp":1778058896003}
{"data":{"accessExpireSec":3600,"exp":1778062496,"iat":1778058896,"jwtDotCount":2,"tokenLen":143,"userId":5},"hypothesisId":"H1","location":"login_logic.go:Login","message":"issued login access token","runId":"pre-fix","sessionId":"bd9af0","timestamp":1778058896003}
{"data":{"accessExpireSec":3600,"exp":1778062496,"iat":1778058896,"jwtDotCount":2,"tokenLen":143,"userId":5},"hypothesisId":"H1","location":"login_logic.go:Login","message":"issued login access token","runId":"pre-fix","sessionId":"bd9af0","timestamp":1778058896013}
{"data":{"accessExpireSec":3600,"exp":1778062496,"iat":1778058896,"jwtDotCount":2,"tokenLen":143,"userId":5},"hypothesisId":"H1","location":"login_logic.go:Login","message":"issued login access token","runId":"pre-fix","sessionId":"bd9af0","timestamp":1778058896030}
{"data":{"accessExpireSec":3600,"exp":1778062496,"iat":1778058896,"jwtDotCount":2,"tokenLen":143,"userId":5},"hypothesisId":"H1","location":"login_logic.go:Login","message":"issued login access token","runId":"pre-fix","sessionId":"bd9af0","timestamp":1778058896031}
{"data":{"accessExpireSec":3600,"exp":1778062496,"iat":1778058896,"jwtDotCount":2,"tokenLen":143,"userId":5},"hypothesisId":"H1","location":"login_logic.go:Login","message":"issued login access token","runId":"pre-fix","sessionId":"bd9af0","timestamp":1778058896031}
{"data":{"accessExpireSec":3600,"exp":1778062496,"iat":1778058896,"jwtDotCount":2,"tokenLen":143,"userId":5},"hypothesisId":"H1","location":"login_logic.go:Login","message":"issued login access token","runId":"pre-fix","sessionId":"bd9af0","timestamp":1778058896038}
{"data":{"accessExpireSec":3600,"exp":1778062496,"iat":1778058896,"jwtDotCount":2,"tokenLen":143,"userId":5},"hypothesisId":"H1","location":"login_logic.go:Login","message":"issued login access token","runId":"pre-fix","sessionId":"bd9af0","timestamp":1778058896044}
{"data":{"accessExpireSec":3600,"exp":1778062496,"iat":1778058896,"jwtDotCount":2,"tokenLen":143,"userId":5},"hypothesisId":"H1","location":"login_logic.go:Login","message":"issued login access token","runId":"pre-fix","sessionId":"bd9af0","timestamp":1778058896044}
{"data":{"accessExpireSec":3600,"exp":1778062496,"iat":1778058896,"jwtDotCount":2,"tokenLen":143,"userId":5},"hypothesisId":"H1","location":"login_logic.go:Login","message":"issued login access token","runId":"pre-fix","sessionId":"bd9af0","timestamp":1778058896063}
{"data":{"accessExpireSec":3600,"exp":1778062496,"iat":1778058896,"jwtDotCount":2,"tokenLen":143,"userId":5},"hypothesisId":"H1","location":"login_logic.go:Login","message":"issued login access token","runId":"pre-fix","sessionId":"bd9af0","timestamp":1778058896063}
{"data":{"accessExpireSec":3600,"exp":1778062496,"iat":1778058896,"jwtDotCount":2,"tokenLen":143,"userId":5},"hypothesisId":"H1","location":"login_logic.go:Login","message":"issued login access token","runId":"pre-fix","sessionId":"bd9af0","timestamp":1778058896066}
{"data":{"accessExpireSec":3600,"exp":1778062496,"iat":1778058896,"jwtDotCount":2,"tokenLen":143,"userId":5},"hypothesisId":"H1","location":"login_logic.go:Login","message":"issued login access token","runId":"pre-fix","sessionId":"bd9af0","timestamp":1778058896075}
{"data":{"accessExpireSec":3600,"exp":1778062496,"iat":1778058896,"jwtDotCount":2,"tokenLen":143,"userId":5},"hypothesisId":"H1","location":"login_logic.go:Login","message":"issued login access token","runId":"pre-fix","sessionId":"bd9af0","timestamp":1778058896091}
{"data":{"accessExpireSec":3600,"exp":1778062496,"iat":1778058896,"jwtDotCount":2,"tokenLen":143,"userId":5},"hypothesisId":"H1","location":"login_logic.go:Login","message":"issued login access token","runId":"pre-fix","sessionId":"bd9af0","timestamp":1778058896092}
{"data":{"accessExpireSec":3600,"exp":1778062496,"iat":1778058896,"jwtDotCount":2,"tokenLen":143,"userId":5},"hypothesisId":"H1","location":"login_logic.go:Login","message":"issued login access token","runId":"pre-fix","sessionId":"bd9af0","timestamp":1778058896095}
{"data":{"accessExpireSec":3600,"exp":1778062496,"iat":1778058896,"jwtDotCount":2,"tokenLen":143,"userId":5},"hypothesisId":"H1","location":"login_logic.go:Login","message":"issued login access token","runId":"pre-fix","sessionId":"bd9af0","timestamp":1778058896098}
{"data":{"accessExpireSec":3600,"exp":1778062496,"iat":1778058896,"jwtDotCount":2,"tokenLen":143,"userId":5},"hypothesisId":"H1","location":"login_logic.go:Login","message":"issued login access token","runId":"pre-fix","sessionId":"bd9af0","timestamp":1778058896102}
{"data":{"accessExpireSec":3600,"exp":1778062496,"iat":1778058896,"jwtDotCount":2,"tokenLen":143,"userId":5},"hypothesisId":"H1","location":"login_logic.go:Login","message":"issued login access token","runId":"pre-fix","sessionId":"bd9af0","timestamp":1778058896103}
{"data":{"accessExpireSec":3600,"exp":1778062496,"iat":1778058896,"jwtDotCount":2,"tokenLen":143,"userId":5},"hypothesisId":"H1","location":"login_logic.go:Login","message":"issued login access token","runId":"pre-fix","sessionId":"bd9af0","timestamp":1778058896123}
{"data":{"accessExpireSec":3600,"exp":1778062496,"iat":1778058896,"jwtDotCount":2,"tokenLen":143,"userId":5},"hypothesisId":"H1","location":"login_logic.go:Login","message":"issued login access token","runId":"pre-fix","sessionId":"bd9af0","timestamp":1778058896125}
{"data":{"accessExpireSec":3600,"exp":1778062496,"iat":1778058896,"jwtDotCount":2,"tokenLen":143,"userId":5},"hypothesisId":"H1","location":"login_logic.go:Login","message":"issued login access token","runId":"pre-fix","sessionId":"bd9af0","timestamp":1778058896125}
{"data":{"accessExpireSec":3600,"exp":1778062496,"iat":1778058896,"jwtDotCount":2,"tokenLen":143,"userId":5},"hypothesisId":"H1","location":"login_logic.go:Login","message":"issued login access token","runId":"pre-fix","sessionId":"bd9af0","timestamp":1778058896135}
{"data":{"accessExpireSec":3600,"exp":1778062496,"iat":1778058896,"jwtDotCount":2,"tokenLen":143,"userId":5},"hypothesisId":"H1","location":"login_logic.go:Login","message":"issued login access token","runId":"pre-fix","sessionId":"bd9af0","timestamp":1778058896152}
{"data":{"accessExpireSec":3600,"exp":1778062496,"iat":1778058896,"jwtDotCount":2,"tokenLen":143,"userId":5},"hypothesisId":"H1","location":"login_logic.go:Login","message":"issued login access token","runId":"pre-fix","sessionId":"bd9af0","timestamp":1778058896152}
{"data":{"accessExpireSec":3600,"exp":1778062496,"iat":1778058896,"jwtDotCount":2,"tokenLen":143,"userId":5},"hypothesisId":"H1","location":"login_logic.go:Login","message":"issued login access token","runId":"pre-fix","sessionId":"bd9af0","timestamp":1778058896154}
{"data":{"accessExpireSec":3600,"exp":1778062496,"iat":1778058896,"jwtDotCount":2,"tokenLen":143,"userId":5},"hypothesisId":"H1","location":"login_logic.go:Login","message":"issued login access token","runId":"pre-fix","sessionId":"bd9af0","timestamp":1778058896161}
{"data":{"accessExpireSec":3600,"exp":1778062496,"iat":1778058896,"jwtDotCount":2,"tokenLen":143,"userId":5},"hypothesisId":"H1","location":"login_logic.go:Login","message":"issued login access token","runId":"pre-fix","sessionId":"bd9af0","timestamp":1778058896165}
{"data":{"accessExpireSec":3600,"exp":1778062496,"iat":1778058896,"jwtDotCount":2,"tokenLen":143,"userId":5},"hypothesisId":"H1","location":"login_logic.go:Login","message":"issued login access token","runId":"pre-fix","sessionId":"bd9af0","timestamp":1778058896166}
{"data":{"accessExpireSec":3600,"exp":1778062496,"iat":1778058896,"jwtDotCount":2,"tokenLen":143,"userId":5},"hypothesisId":"H1","location":"login_logic.go:Login","message":"issued login access token","runId":"pre-fix","sessionId":"bd9af0","timestamp":1778058896186}
{"data":{"accessExpireSec":3600,"exp":1778062496,"iat":1778058896,"jwtDotCount":2,"tokenLen":143,"userId":5},"hypothesisId":"H1","location":"login_logic.go:Login","message":"issued login access token","runId":"pre-fix","sessionId":"bd9af0","timestamp":1778058896187}
{"data":{"accessExpireSec":3600,"exp":1778062496,"iat":1778058896,"jwtDotCount":2,"tokenLen":143,"userId":5},"hypothesisId":"H1","location":"login_logic.go:Login","message":"issued login access token","runId":"pre-fix","sessionId":"bd9af0","timestamp":1778058896187}
{"data":{"accessExpireSec":3600,"exp":1778062496,"iat":1778058896,"jwtDotCount":2,"tokenLen":143,"userId":5},"hypothesisId":"H1","location":"login_logic.go:Login","message":"issued login access token","runId":"pre-fix","sessionId":"bd9af0","timestamp":1778058896196}
{"data":{"accessExpireSec":3600,"exp":1778062496,"iat":1778058896,"jwtDotCount":2,"tokenLen":143,"userId":5},"hypothesisId":"H1","location":"login_logic.go:Login","message":"issued login access token","runId":"pre-fix","sessionId":"bd9af0","timestamp":1778058896214}
{"data":{"accessExpireSec":3600,"exp":1778062496,"iat":1778058896,"jwtDotCount":2,"tokenLen":143,"userId":5},"hypothesisId":"H1","location":"login_logic.go:Login","message":"issued login access token","runId":"pre-fix","sessionId":"bd9af0","timestamp":1778058896214}
{"data":{"accessExpireSec":3600,"exp":1778062496,"iat":1778058896,"jwtDotCount":2,"tokenLen":143,"userId":5},"hypothesisId":"H1","location":"login_logic.go:Login","message":"issued login access token","runId":"pre-fix","sessionId":"bd9af0","timestamp":1778058896215}
{"data":{"accessExpireSec":3600,"exp":1778062496,"iat":1778058896,"jwtDotCount":2,"tokenLen":143,"userId":5},"hypothesisId":"H1","location":"login_logic.go:Login","message":"issued login access token","runId":"pre-fix","sessionId":"bd9af0","timestamp":1778058896221}
{"data":{"accessExpireSec":3600,"exp":1778062496,"iat":1778058896,"jwtDotCount":2,"tokenLen":143,"userId":5},"hypothesisId":"H1","location":"login_logic.go:Login","message":"issued login access token","runId":"pre-fix","sessionId":"bd9af0","timestamp":1778058896223}
{"data":{"accessExpireSec":3600,"exp":1778062496,"iat":1778058896,"jwtDotCount":2,"tokenLen":143,"userId":5},"hypothesisId":"H1","location":"login_logic.go:Login","message":"issued login access token","runId":"pre-fix","sessionId":"bd9af0","timestamp":1778058896224}
{"data":{"accessExpireSec":3600,"exp":1778062496,"iat":1778058896,"jwtDotCount":2,"tokenLen":143,"userId":5},"hypothesisId":"H1","location":"login_logic.go:Login","message":"issued login access token","runId":"pre-fix","sessionId":"bd9af0","timestamp":1778058896245}
{"data":{"accessExpireSec":3600,"exp":1778062496,"iat":1778058896,"jwtDotCount":2,"tokenLen":143,"userId":5},"hypothesisId":"H1","location":"login_logic.go:Login","message":"issued login access token","runId":"pre-fix","sessionId":"bd9af0","timestamp":1778058896245}
{"data":{"accessExpireSec":3600,"exp":1778062496,"iat":1778058896,"jwtDotCount":2,"tokenLen":143,"userId":5},"hypothesisId":"H1","location":"login_logic.go:Login","message":"issued login access token","runId":"pre-fix","sessionId":"bd9af0","timestamp":1778058896245}
{"data":{"accessExpireSec":3600,"exp":1778062496,"iat":1778058896,"jwtDotCount":2,"tokenLen":143,"userId":5},"hypothesisId":"H1","location":"login_logic.go:Login","message":"issued login access token","runId":"pre-fix","sessionId":"bd9af0","timestamp":1778058896255}
{"data":{"accessExpireSec":3600,"exp":1778062496,"iat":1778058896,"jwtDotCount":2,"tokenLen":143,"userId":5},"hypothesisId":"H1","location":"login_logic.go:Login","message":"issued login access token","runId":"pre-fix","sessionId":"bd9af0","timestamp":1778058896276}
{"data":{"accessExpireSec":3600,"exp":1778062496,"iat":1778058896,"jwtDotCount":2,"tokenLen":143,"userId":5},"hypothesisId":"H1","location":"login_logic.go:Login","message":"issued login access token","runId":"pre-fix","sessionId":"bd9af0","timestamp":1778058896278}
{"data":{"accessExpireSec":3600,"exp":1778062496,"iat":1778058896,"jwtDotCount":2,"tokenLen":143,"userId":5},"hypothesisId":"H1","location":"login_logic.go:Login","message":"issued login access token","runId":"pre-fix","sessionId":"bd9af0","timestamp":1778058896282}
{"data":{"accessExpireSec":3600,"exp":1778062496,"iat":1778058896,"jwtDotCount":2,"tokenLen":143,"userId":5},"hypothesisId":"H1","location":"login_logic.go:Login","message":"issued login access token","runId":"pre-fix","sessionId":"bd9af0","timestamp":1778058896286}
{"data":{"accessExpireSec":3600,"exp":1778062496,"iat":1778058896,"jwtDotCount":2,"tokenLen":143,"userId":5},"hypothesisId":"H1","location":"login_logic.go:Login","message":"issued login access token","runId":"pre-fix","sessionId":"bd9af0","timestamp":1778058896285}
{"data":{"accessExpireSec":3600,"exp":1778062496,"iat":1778058896,"jwtDotCount":2,"tokenLen":143,"userId":5},"hypothesisId":"H1","location":"login_logic.go:Login","message":"issued login access token","runId":"pre-fix","sessionId":"bd9af0","timestamp":1778058896305}
{"data":{"accessExpireSec":3600,"exp":1778062496,"iat":1778058896,"jwtDotCount":2,"tokenLen":143,"userId":5},"hypothesisId":"H1","location":"login_logic.go:Login","message":"issued login access token","runId":"pre-fix","sessionId":"bd9af0","timestamp":1778058896306}
{"data":{"accessExpireSec":3600,"exp":1778062496,"iat":1778058896,"jwtDotCount":2,"tokenLen":143,"userId":5},"hypothesisId":"H1","location":"login_logic.go:Login","message":"issued login access token","runId":"pre-fix","sessionId":"bd9af0","timestamp":1778058896308}
{"data":{"accessExpireSec":3600,"exp":1778062496,"iat":1778058896,"jwtDotCount":2,"tokenLen":143,"userId":5},"hypothesisId":"H1","location":"login_logic.go:Login","message":"issued login access token","runId":"pre-fix","sessionId":"bd9af0","timestamp":1778058896321}
{"data":{"accessExpireSec":3600,"exp":1778062496,"iat":1778058896,"jwtDotCount":2,"tokenLen":143,"userId":5},"hypothesisId":"H1","location":"login_logic.go:Login","message":"issued login access token","runId":"pre-fix","sessionId":"bd9af0","timestamp":1778058896335}
{"data":{"accessExpireSec":3600,"exp":1778062496,"iat":1778058896,"jwtDotCount":2,"tokenLen":143,"userId":5},"hypothesisId":"H1","location":"login_logic.go:Login","message":"issued login access token","runId":"pre-fix","sessionId":"bd9af0","timestamp":1778058896335}
{"data":{"accessExpireSec":3600,"exp":1778062496,"iat":1778058896,"jwtDotCount":2,"tokenLen":143,"userId":5},"hypothesisId":"H1","location":"login_logic.go:Login","message":"issued login access token","runId":"pre-fix","sessionId":"bd9af0","timestamp":1778058896342}
{"data":{"accessExpireSec":3600,"exp":1778062496,"iat":1778058896,"jwtDotCount":2,"tokenLen":143,"userId":5},"hypothesisId":"H1","location":"login_logic.go:Login","message":"issued login access token","runId":"pre-fix","sessionId":"bd9af0","timestamp":1778058896344}
{"data":{"accessExpireSec":3600,"exp":1778062496,"iat":1778058896,"jwtDotCount":2,"tokenLen":143,"userId":5},"hypothesisId":"H1","location":"login_logic.go:Login","message":"issued login access token","runId":"pre-fix","sessionId":"bd9af0","timestamp":1778058896344}
{"data":{"accessExpireSec":3600,"exp":1778062496,"iat":1778058896,"jwtDotCount":2,"tokenLen":143,"userId":5},"hypothesisId":"H1","location":"login_logic.go:Login","message":"issued login access token","runId":"pre-fix","sessionId":"bd9af0","timestamp":1778058896346}
{"data":{"accessExpireSec":3600,"exp":1778062496,"iat":1778058896,"jwtDotCount":2,"tokenLen":143,"userId":5},"hypothesisId":"H1","location":"login_logic.go:Login","message":"issued login access token","runId":"pre-fix","sessionId":"bd9af0","timestamp":1778058896364}
{"data":{"accessExpireSec":3600,"exp":1778062496,"iat":1778058896,"jwtDotCount":2,"tokenLen":143,"userId":5},"hypothesisId":"H1","location":"login_logic.go:Login","message":"issued login access token","runId":"pre-fix","sessionId":"bd9af0","timestamp":1778058896367}
{"data":{"accessExpireSec":3600,"exp":1778062496,"iat":1778058896,"jwtDotCount":2,"tokenLen":143,"userId":5},"hypothesisId":"H1","location":"login_logic.go:Login","message":"issued login access token","runId":"pre-fix","sessionId":"bd9af0","timestamp":1778058896370}
{"data":{"accessExpireSec":3600,"exp":1778062496,"iat":1778058896,"jwtDotCount":2,"tokenLen":143,"userId":5},"hypothesisId":"H1","location":"login_logic.go:Login","message":"issued login access token","runId":"pre-fix","sessionId":"bd9af0","timestamp":1778058896381}
{"data":{"accessExpireSec":3600,"exp":1778062496,"iat":1778058896,"jwtDotCount":2,"tokenLen":143,"userId":5},"hypothesisId":"H1","location":"login_logic.go:Login","message":"issued login access token","runId":"pre-fix","sessionId":"bd9af0","timestamp":1778058896397}
{"data":{"accessExpireSec":3600,"exp":1778062496,"iat":1778058896,"jwtDotCount":2,"tokenLen":143,"userId":5},"hypothesisId":"H1","location":"login_logic.go:Login","message":"issued login access token","runId":"pre-fix","sessionId":"bd9af0","timestamp":1778058896397}
{"data":{"accessExpireSec":3600,"exp":1778062496,"iat":1778058896,"jwtDotCount":2,"tokenLen":143,"userId":5},"hypothesisId":"H1","location":"login_logic.go:Login","message":"issued login access token","runId":"pre-fix","sessionId":"bd9af0","timestamp":1778058896403}
{"data":{"accessExpireSec":3600,"exp":1778062496,"iat":1778058896,"jwtDotCount":2,"tokenLen":143,"userId":5},"hypothesisId":"H1","location":"login_logic.go:Login","message":"issued login access token","runId":"pre-fix","sessionId":"bd9af0","timestamp":1778058896403}
{"data":{"accessExpireSec":3600,"exp":1778062496,"iat":1778058896,"jwtDotCount":2,"tokenLen":143,"userId":5},"hypothesisId":"H1","location":"login_logic.go:Login","message":"issued login access token","runId":"pre-fix","sessionId":"bd9af0","timestamp":1778058896405}
{"data":{"accessExpireSec":3600,"exp":1778062496,"iat":1778058896,"jwtDotCount":2,"tokenLen":143,"userId":5},"hypothesisId":"H1","location":"login_logic.go:Login","message":"issued login access token","runId":"pre-fix","sessionId":"bd9af0","timestamp":1778058896405}
{"data":{"accessExpireSec":3600,"exp":1778062496,"iat":1778058896,"jwtDotCount":2,"tokenLen":143,"userId":5},"hypothesisId":"H1","location":"login_logic.go:Login","message":"issued login access token","runId":"pre-fix","sessionId":"bd9af0","timestamp":1778058896431}
{"data":{"accessExpireSec":3600,"exp":1778062496,"iat":1778058896,"jwtDotCount":2,"tokenLen":143,"userId":5},"hypothesisId":"H1","location":"login_logic.go:Login","message":"issued login access token","runId":"pre-fix","sessionId":"bd9af0","timestamp":1778058896433}
{"data":{"accessExpireSec":3600,"exp":1778062496,"iat":1778058896,"jwtDotCount":2,"tokenLen":143,"userId":5},"hypothesisId":"H1","location":"login_logic.go:Login","message":"issued login access token","runId":"pre-fix","sessionId":"bd9af0","timestamp":1778058896434}
{"data":{"accessExpireSec":3600,"exp":1778062496,"iat":1778058896,"jwtDotCount":2,"tokenLen":143,"userId":5},"hypothesisId":"H1","location":"login_logic.go:Login","message":"issued login access token","runId":"pre-fix","sessionId":"bd9af0","timestamp":1778058896444}
{"data":{"accessExpireSec":3600,"exp":1778062496,"iat":1778058896,"jwtDotCount":2,"tokenLen":143,"userId":5},"hypothesisId":"H1","location":"login_logic.go:Login","message":"issued login access token","runId":"pre-fix","sessionId":"bd9af0","timestamp":1778058896462}
{"data":{"accessExpireSec":3600,"exp":1778062496,"iat":1778058896,"jwtDotCount":2,"tokenLen":143,"userId":5},"hypothesisId":"H1","location":"login_logic.go:Login","message":"issued login access token","runId":"pre-fix","sessionId":"bd9af0","timestamp":1778058896465}
{"data":{"accessExpireSec":3600,"exp":1778062496,"iat":1778058896,"jwtDotCount":2,"tokenLen":143,"userId":5},"hypothesisId":"H1","location":"login_logic.go:Login","message":"issued login access token","runId":"pre-fix","sessionId":"bd9af0","timestamp":1778058896468}
{"data":{"accessExpireSec":3600,"exp":1778062496,"iat":1778058896,"jwtDotCount":2,"tokenLen":143,"userId":5},"hypothesisId":"H1","location":"login_logic.go:Login","message":"issued login access token","runId":"pre-fix","sessionId":"bd9af0","timestamp":1778058896469}
{"data":{"accessExpireSec":3600,"exp":1778062496,"iat":1778058896,"jwtDotCount":2,"tokenLen":143,"userId":5},"hypothesisId":"H1","location":"login_logic.go:Login","message":"issued login access token","runId":"pre-fix","sessionId":"bd9af0","timestamp":1778058896469}
{"data":{"accessExpireSec":3600,"exp":1778062496,"iat":1778058896,"jwtDotCount":2,"tokenLen":143,"userId":5},"hypothesisId":"H1","location":"login_logic.go:Login","message":"issued login access token","runId":"pre-fix","sessionId":"bd9af0","timestamp":1778058896472}
{"data":{"accessExpireSec":3600,"exp":1778062496,"iat":1778058896,"jwtDotCount":2,"tokenLen":143,"userId":5},"hypothesisId":"H1","location":"login_logic.go:Login","message":"issued login access token","runId":"pre-fix","sessionId":"bd9af0","timestamp":1778058896496}
{"data":{"accessExpireSec":3600,"exp":1778062496,"iat":1778058896,"jwtDotCount":2,"tokenLen":143,"userId":5},"hypothesisId":"H1","location":"login_logic.go:Login","message":"issued login access token","runId":"pre-fix","sessionId":"bd9af0","timestamp":1778058896498}
{"data":{"accessExpireSec":3600,"exp":1778062496,"iat":1778058896,"jwtDotCount":2,"tokenLen":143,"userId":5},"hypothesisId":"H1","location":"login_logic.go:Login","message":"issued login access token","runId":"pre-fix","sessionId":"bd9af0","timestamp":1778058896499}
{"data":{"accessExpireSec":3600,"exp":1778062496,"iat":1778058896,"jwtDotCount":2,"tokenLen":143,"userId":5},"hypothesisId":"H1","location":"login_logic.go:Login","message":"issued login access token","runId":"pre-fix","sessionId":"bd9af0","timestamp":1778058896510}
{"data":{"accessExpireSec":3600,"exp":1778062496,"iat":1778058896,"jwtDotCount":2,"tokenLen":143,"userId":5},"hypothesisId":"H1","location":"login_logic.go:Login","message":"issued login access token","runId":"pre-fix","sessionId":"bd9af0","timestamp":1778058896529}
{"data":{"accessExpireSec":3600,"exp":1778062496,"iat":1778058896,"jwtDotCount":2,"tokenLen":143,"userId":5},"hypothesisId":"H1","location":"login_logic.go:Login","message":"issued login access token","runId":"pre-fix","sessionId":"bd9af0","timestamp":1778058896530}
{"data":{"accessExpireSec":3600,"exp":1778062496,"iat":1778058896,"jwtDotCount":2,"tokenLen":143,"userId":5},"hypothesisId":"H1","location":"login_logic.go:Login","message":"issued login access token","runId":"pre-fix","sessionId":"bd9af0","timestamp":1778058896533}
{"data":{"accessExpireSec":3600,"exp":1778062496,"iat":1778058896,"jwtDotCount":2,"tokenLen":143,"userId":5},"hypothesisId":"H1","location":"login_logic.go:Login","message":"issued login access token","runId":"pre-fix","sessionId":"bd9af0","timestamp":1778058896536}
{"data":{"accessExpireSec":3600,"exp":1778062496,"iat":1778058896,"jwtDotCount":2,"tokenLen":143,"userId":5},"hypothesisId":"H1","location":"login_logic.go:Login","message":"issued login access token","runId":"pre-fix","sessionId":"bd9af0","timestamp":1778058896534}
{"data":{"accessExpireSec":3600,"exp":1778062496,"iat":1778058896,"jwtDotCount":2,"tokenLen":143,"userId":5},"hypothesisId":"H1","location":"login_logic.go:Login","message":"issued login access token","runId":"pre-fix","sessionId":"bd9af0","timestamp":1778058896540}
{"data":{"accessExpireSec":3600,"exp":1778062496,"iat":1778058896,"jwtDotCount":2,"tokenLen":143,"userId":5},"hypothesisId":"H1","location":"login_logic.go:Login","message":"issued login access token","runId":"pre-fix","sessionId":"bd9af0","timestamp":1778058896559}
{"data":{"accessExpireSec":3600,"exp":1778062496,"iat":1778058896,"jwtDotCount":2,"tokenLen":143,"userId":5},"hypothesisId":"H1","location":"login_logic.go:Login","message":"issued login access token","runId":"pre-fix","sessionId":"bd9af0","timestamp":1778058896560}
{"data":{"accessExpireSec":3600,"exp":1778062496,"iat":1778058896,"jwtDotCount":2,"tokenLen":143,"userId":5},"hypothesisId":"H1","location":"login_logic.go:Login","message":"issued login access token","runId":"pre-fix","sessionId":"bd9af0","timestamp":1778058896560}
{"data":{"accessExpireSec":3600,"exp":1778062496,"iat":1778058896,"jwtDotCount":2,"tokenLen":143,"userId":5},"hypothesisId":"H1","location":"login_logic.go:Login","message":"issued login access token","runId":"pre-fix","sessionId":"bd9af0","timestamp":1778058896572}
{"data":{"accessExpireSec":3600,"exp":1778062496,"iat":1778058896,"jwtDotCount":2,"tokenLen":143,"userId":5},"hypothesisId":"H1","location":"login_logic.go:Login","message":"issued login access token","runId":"pre-fix","sessionId":"bd9af0","timestamp":1778058896590}
{"data":{"accessExpireSec":3600,"exp":1778062496,"iat":1778058896,"jwtDotCount":2,"tokenLen":143,"userId":5},"hypothesisId":"H1","location":"login_logic.go:Login","message":"issued login access token","runId":"pre-fix","sessionId":"bd9af0","timestamp":1778058896592}
{"data":{"accessExpireSec":3600,"exp":1778062496,"iat":1778058896,"jwtDotCount":2,"tokenLen":143,"userId":5},"hypothesisId":"H1","location":"login_logic.go:Login","message":"issued login access token","runId":"pre-fix","sessionId":"bd9af0","timestamp":1778058896593}
{"data":{"accessExpireSec":3600,"exp":1778062496,"iat":1778058896,"jwtDotCount":2,"tokenLen":143,"userId":5},"hypothesisId":"H1","location":"login_logic.go:Login","message":"issued login access token","runId":"pre-fix","sessionId":"bd9af0","timestamp":1778058896596}
{"data":{"accessExpireSec":3600,"exp":1778062496,"iat":1778058896,"jwtDotCount":2,"tokenLen":143,"userId":5},"hypothesisId":"H1","location":"login_logic.go:Login","message":"issued login access token","runId":"pre-fix","sessionId":"bd9af0","timestamp":1778058896596}
{"data":{"accessExpireSec":3600,"exp":1778062496,"iat":1778058896,"jwtDotCount":2,"tokenLen":143,"userId":5},"hypothesisId":"H1","location":"login_logic.go:Login","message":"issued login access token","runId":"pre-fix","sessionId":"bd9af0","timestamp":1778058896599}
{"data":{"accessExpireSec":3600,"exp":1778062496,"iat":1778058896,"jwtDotCount":2,"tokenLen":143,"userId":5},"hypothesisId":"H1","location":"login_logic.go:Login","message":"issued login access token","runId":"pre-fix","sessionId":"bd9af0","timestamp":1778058896618}
{"data":{"accessExpireSec":3600,"exp":1778062496,"iat":1778058896,"jwtDotCount":2,"tokenLen":143,"userId":5},"hypothesisId":"H1","location":"login_logic.go:Login","message":"issued login access token","runId":"pre-fix","sessionId":"bd9af0","timestamp":1778058896620}
{"data":{"accessExpireSec":3600,"exp":1778062496,"iat":1778058896,"jwtDotCount":2,"tokenLen":143,"userId":5},"hypothesisId":"H1","location":"login_logic.go:Login","message":"issued login access token","runId":"pre-fix","sessionId":"bd9af0","timestamp":1778058896620}
{"data":{"accessExpireSec":3600,"exp":1778062496,"iat":1778058896,"jwtDotCount":2,"tokenLen":143,"userId":5},"hypothesisId":"H1","location":"login_logic.go:Login","message":"issued login access token","runId":"pre-fix","sessionId":"bd9af0","timestamp":1778058896632}
{"data":{"accessExpireSec":3600,"exp":1778062496,"iat":1778058896,"jwtDotCount":2,"tokenLen":143,"userId":5},"hypothesisId":"H1","location":"login_logic.go:Login","message":"issued login access token","runId":"pre-fix","sessionId":"bd9af0","timestamp":1778058896653}
{"data":{"accessExpireSec":3600,"exp":1778062496,"iat":1778058896,"jwtDotCount":2,"tokenLen":143,"userId":5},"hypothesisId":"H1","location":"login_logic.go:Login","message":"issued login access token","runId":"pre-fix","sessionId":"bd9af0","timestamp":1778058896653}
{"data":{"accessExpireSec":3600,"exp":1778062496,"iat":1778058896,"jwtDotCount":2,"tokenLen":143,"userId":5},"hypothesisId":"H1","location":"login_logic.go:Login","message":"issued login access token","runId":"pre-fix","sessionId":"bd9af0","timestamp":1778058896656}
{"data":{"accessExpireSec":3600,"exp":1778062496,"iat":1778058896,"jwtDotCount":2,"tokenLen":143,"userId":5},"hypothesisId":"H1","location":"login_logic.go:Login","message":"issued login access token","runId":"pre-fix","sessionId":"bd9af0","timestamp":1778058896658}
{"data":{"accessExpireSec":3600,"exp":1778062496,"iat":1778058896,"jwtDotCount":2,"tokenLen":143,"userId":5},"hypothesisId":"H1","location":"login_logic.go:Login","message":"issued login access token","runId":"pre-fix","sessionId":"bd9af0","timestamp":1778058896661}
{"data":{"accessExpireSec":3600,"exp":1778062496,"iat":1778058896,"jwtDotCount":2,"tokenLen":143,"userId":5},"hypothesisId":"H1","location":"login_logic.go:Login","message":"issued login access token","runId":"pre-fix","sessionId":"bd9af0","timestamp":1778058896682}
{"data":{"accessExpireSec":3600,"exp":1778062496,"iat":1778058896,"jwtDotCount":2,"tokenLen":143,"userId":5},"hypothesisId":"H1","location":"login_logic.go:Login","message":"issued login access token","runId":"pre-fix","sessionId":"bd9af0","timestamp":1778058896682}
{"data":{"accessExpireSec":3600,"exp":1778062496,"iat":1778058896,"jwtDotCount":2,"tokenLen":143,"userId":5},"hypothesisId":"H1","location":"login_logic.go:Login","message":"issued login access token","runId":"pre-fix","sessionId":"bd9af0","timestamp":1778058896683}
{"data":{"accessExpireSec":3600,"exp":1778062496,"iat":1778058896,"jwtDotCount":2,"tokenLen":143,"userId":5},"hypothesisId":"H1","location":"login_logic.go:Login","message":"issued login access token","runId":"pre-fix","sessionId":"bd9af0","timestamp":1778058896695}
{"data":{"accessExpireSec":3600,"exp":1778062496,"iat":1778058896,"jwtDotCount":2,"tokenLen":143,"userId":5},"hypothesisId":"H1","location":"login_logic.go:Login","message":"issued login access token","runId":"pre-fix","sessionId":"bd9af0","timestamp":1778058896713}
{"data":{"accessExpireSec":3600,"exp":1778062496,"iat":1778058896,"jwtDotCount":2,"tokenLen":143,"userId":5},"hypothesisId":"H1","location":"login_logic.go:Login","message":"issued login access token","runId":"pre-fix","sessionId":"bd9af0","timestamp":1778058896716}
{"data":{"accessExpireSec":3600,"exp":1778062496,"iat":1778058896,"jwtDotCount":2,"tokenLen":143,"userId":5},"hypothesisId":"H1","location":"login_logic.go:Login","message":"issued login access token","runId":"pre-fix","sessionId":"bd9af0","timestamp":1778058896717}
{"data":{"accessExpireSec":3600,"exp":1778062496,"iat":1778058896,"jwtDotCount":2,"tokenLen":143,"userId":5},"hypothesisId":"H1","location":"login_logic.go:Login","message":"issued login access token","runId":"pre-fix","sessionId":"bd9af0","timestamp":1778058896717}
{"data":{"accessExpireSec":3600,"exp":1778062496,"iat":1778058896,"jwtDotCount":2,"tokenLen":143,"userId":5},"hypothesisId":"H1","location":"login_logic.go:Login","message":"issued login access token","runId":"pre-fix","sessionId":"bd9af0","timestamp":1778058896723}
{"data":{"accessExpireSec":3600,"exp":1778062496,"iat":1778058896,"jwtDotCount":2,"tokenLen":143,"userId":5},"hypothesisId":"H1","location":"login_logic.go:Login","message":"issued login access token","runId":"pre-fix","sessionId":"bd9af0","timestamp":1778058896735}
{"data":{"accessExpireSec":3600,"exp":1778062496,"iat":1778058896,"jwtDotCount":2,"tokenLen":143,"userId":5},"hypothesisId":"H1","location":"login_logic.go:Login","message":"issued login access token","runId":"pre-fix","sessionId":"bd9af0","timestamp":1778058896743}
{"data":{"accessExpireSec":3600,"exp":1778062496,"iat":1778058896,"jwtDotCount":2,"tokenLen":143,"userId":5},"hypothesisId":"H1","location":"login_logic.go:Login","message":"issued login access token","runId":"pre-fix","sessionId":"bd9af0","timestamp":1778058896744}
{"data":{"accessExpireSec":3600,"exp":1778062496,"iat":1778058896,"jwtDotCount":2,"tokenLen":143,"userId":5},"hypothesisId":"H1","location":"login_logic.go:Login","message":"issued login access token","runId":"pre-fix","sessionId":"bd9af0","timestamp":1778058896747}
{"data":{"accessExpireSec":3600,"exp":1778062496,"iat":1778058896,"jwtDotCount":2,"tokenLen":143,"userId":5},"hypothesisId":"H1","location":"login_logic.go:Login","message":"issued login access token","runId":"pre-fix","sessionId":"bd9af0","timestamp":1778058896755}
{"data":{"accessExpireSec":3600,"exp":1778062496,"iat":1778058896,"jwtDotCount":2,"tokenLen":143,"userId":5},"hypothesisId":"H1","location":"login_logic.go:Login","message":"issued login access token","runId":"pre-fix","sessionId":"bd9af0","timestamp":1778058896773}
{"data":{"accessExpireSec":3600,"exp":1778062496,"iat":1778058896,"jwtDotCount":2,"tokenLen":143,"userId":5},"hypothesisId":"H1","location":"login_logic.go:Login","message":"issued login access token","runId":"pre-fix","sessionId":"bd9af0","timestamp":1778058896777}
{"data":{"accessExpireSec":3600,"exp":1778062496,"iat":1778058896,"jwtDotCount":2,"tokenLen":143,"userId":5},"hypothesisId":"H1","location":"login_logic.go:Login","message":"issued login access token","runId":"pre-fix","sessionId":"bd9af0","timestamp":1778058896778}
{"data":{"accessExpireSec":3600,"exp":1778062496,"iat":1778058896,"jwtDotCount":2,"tokenLen":143,"userId":5},"hypothesisId":"H1","location":"login_logic.go:Login","message":"issued login access token","runId":"pre-fix","sessionId":"bd9af0","timestamp":1778058896779}
{"data":{"accessExpireSec":3600,"exp":1778062496,"iat":1778058896,"jwtDotCount":2,"tokenLen":143,"userId":5},"hypothesisId":"H1","location":"login_logic.go:Login","message":"issued login access token","runId":"pre-fix","sessionId":"bd9af0","timestamp":1778058896784}
{"data":{"accessExpireSec":3600,"exp":1778062496,"iat":1778058896,"jwtDotCount":2,"tokenLen":143,"userId":5},"hypothesisId":"H1","location":"login_logic.go:Login","message":"issued login access token","runId":"pre-fix","sessionId":"bd9af0","timestamp":1778058896796}
{"data":{"accessExpireSec":3600,"exp":1778062496,"iat":1778058896,"jwtDotCount":2,"tokenLen":143,"userId":5},"hypothesisId":"H1","location":"login_logic.go:Login","message":"issued login access token","runId":"pre-fix","sessionId":"bd9af0","timestamp":1778058896807}
{"data":{"accessExpireSec":3600,"exp":1778062496,"iat":1778058896,"jwtDotCount":2,"tokenLen":143,"userId":5},"hypothesisId":"H1","location":"login_logic.go:Login","message":"issued login access token","runId":"pre-fix","sessionId":"bd9af0","timestamp":1778058896808}
{"data":{"accessExpireSec":3600,"exp":1778062496,"iat":1778058896,"jwtDotCount":2,"tokenLen":143,"userId":5},"hypothesisId":"H1","location":"login_logic.go:Login","message":"issued login access token","runId":"pre-fix","sessionId":"bd9af0","timestamp":1778058896808}
{"data":{"accessExpireSec":3600,"exp":1778062496,"iat":1778058896,"jwtDotCount":2,"tokenLen":143,"userId":5},"hypothesisId":"H1","location":"login_logic.go:Login","message":"issued login access token","runId":"pre-fix","sessionId":"bd9af0","timestamp":1778058896813}
{"data":{"accessExpireSec":3600,"exp":1778062496,"iat":1778058896,"jwtDotCount":2,"tokenLen":143,"userId":5},"hypothesisId":"H1","location":"login_logic.go:Login","message":"issued login access token","runId":"pre-fix","sessionId":"bd9af0","timestamp":1778058896834}
{"data":{"accessExpireSec":3600,"exp":1778062496,"iat":1778058896,"jwtDotCount":2,"tokenLen":143,"userId":5},"hypothesisId":"H1","location":"login_logic.go:Login","message":"issued login access token","runId":"pre-fix","sessionId":"bd9af0","timestamp":1778058896838}
{"data":{"accessExpireSec":3600,"exp":1778062496,"iat":1778058896,"jwtDotCount":2,"tokenLen":143,"userId":5},"hypothesisId":"H1","location":"login_logic.go:Login","message":"issued login access token","runId":"pre-fix","sessionId":"bd9af0","timestamp":1778058896838}
{"data":{"accessExpireSec":3600,"exp":1778062496,"iat":1778058896,"jwtDotCount":2,"tokenLen":143,"userId":5},"hypothesisId":"H1","location":"login_logic.go:Login","message":"issued login access token","runId":"pre-fix","sessionId":"bd9af0","timestamp":1778058896838}
{"data":{"accessExpireSec":3600,"exp":1778062496,"iat":1778058896,"jwtDotCount":2,"tokenLen":143,"userId":5},"hypothesisId":"H1","location":"login_logic.go:Login","message":"issued login access token","runId":"pre-fix","sessionId":"bd9af0","timestamp":1778058896844}
{"data":{"accessExpireSec":3600,"exp":1778062496,"iat":1778058896,"jwtDotCount":2,"tokenLen":143,"userId":5},"hypothesisId":"H1","location":"login_logic.go:Login","message":"issued login access token","runId":"pre-fix","sessionId":"bd9af0","timestamp":1778058896854}
{"data":{"accessExpireSec":3600,"exp":1778062496,"iat":1778058896,"jwtDotCount":2,"tokenLen":143,"userId":5},"hypothesisId":"H1","location":"login_logic.go:Login","message":"issued login access token","runId":"pre-fix","sessionId":"bd9af0","timestamp":1778058896868}
{"data":{"accessExpireSec":3600,"exp":1778062496,"iat":1778058896,"jwtDotCount":2,"tokenLen":143,"userId":5},"hypothesisId":"H1","location":"login_logic.go:Login","message":"issued login access token","runId":"pre-fix","sessionId":"bd9af0","timestamp":1778058896868}
{"data":{"accessExpireSec":3600,"exp":1778062496,"iat":1778058896,"jwtDotCount":2,"tokenLen":143,"userId":5},"hypothesisId":"H1","location":"login_logic.go:Login","message":"issued login access token","runId":"pre-fix","sessionId":"bd9af0","timestamp":1778058896869}
{"data":{"accessExpireSec":3600,"exp":1778062496,"iat":1778058896,"jwtDotCount":2,"tokenLen":143,"userId":5},"hypothesisId":"H1","location":"login_logic.go:Login","message":"issued login access token","runId":"pre-fix","sessionId":"bd9af0","timestamp":1778058896871}
{"data":{"accessExpireSec":3600,"exp":1778062496,"iat":1778058896,"jwtDotCount":2,"tokenLen":143,"userId":5},"hypothesisId":"H1","location":"login_logic.go:Login","message":"issued login access token","runId":"pre-fix","sessionId":"bd9af0","timestamp":1778058896894}
{"data":{"accessExpireSec":3600,"exp":1778062496,"iat":1778058896,"jwtDotCount":2,"tokenLen":143,"userId":5},"hypothesisId":"H1","location":"login_logic.go:Login","message":"issued login access token","runId":"pre-fix","sessionId":"bd9af0","timestamp":1778058896894}
{"data":{"accessExpireSec":3600,"exp":1778062496,"iat":1778058896,"jwtDotCount":2,"tokenLen":143,"userId":5},"hypothesisId":"H1","location":"login_logic.go:Login","message":"issued login access token","runId":"pre-fix","sessionId":"bd9af0","timestamp":1778058896898}
{"data":{"accessExpireSec":3600,"exp":1778062496,"iat":1778058896,"jwtDotCount":2,"tokenLen":143,"userId":5},"hypothesisId":"H1","location":"login_logic.go:Login","message":"issued login access token","runId":"pre-fix","sessionId":"bd9af0","timestamp":1778058896899}
{"data":{"accessExpireSec":3600,"exp":1778062496,"iat":1778058896,"jwtDotCount":2,"tokenLen":143,"userId":5},"hypothesisId":"H1","location":"login_logic.go:Login","message":"issued login access token","runId":"pre-fix","sessionId":"bd9af0","timestamp":1778058896905}
{"data":{"accessExpireSec":3600,"exp":1778062496,"iat":1778058896,"jwtDotCount":2,"tokenLen":143,"userId":5},"hypothesisId":"H1","location":"login_logic.go:Login","message":"issued login access token","runId":"pre-fix","sessionId":"bd9af0","timestamp":1778058896912}
{"data":{"accessExpireSec":3600,"exp":1778062496,"iat":1778058896,"jwtDotCount":2,"tokenLen":143,"userId":5},"hypothesisId":"H1","location":"login_logic.go:Login","message":"issued login access token","runId":"pre-fix","sessionId":"bd9af0","timestamp":1778058896926}
{"data":{"accessExpireSec":3600,"exp":1778062496,"iat":1778058896,"jwtDotCount":2,"tokenLen":143,"userId":5},"hypothesisId":"H1","location":"login_logic.go:Login","message":"issued login access token","runId":"pre-fix","sessionId":"bd9af0","timestamp":1778058896926}
{"data":{"accessExpireSec":3600,"exp":1778062496,"iat":1778058896,"jwtDotCount":2,"tokenLen":143,"userId":5},"hypothesisId":"H1","location":"login_logic.go:Login","message":"issued login access token","runId":"pre-fix","sessionId":"bd9af0","timestamp":1778058896926}
{"data":{"accessExpireSec":3600,"exp":1778062496,"iat":1778058896,"jwtDotCount":2,"tokenLen":143,"userId":5},"hypothesisId":"H1","location":"login_logic.go:Login","message":"issued login access token","runId":"pre-fix","sessionId":"bd9af0","timestamp":1778058896930}
{"data":{"accessExpireSec":3600,"exp":1778062496,"iat":1778058896,"jwtDotCount":2,"tokenLen":143,"userId":5},"hypothesisId":"H1","location":"login_logic.go:Login","message":"issued login access token","runId":"pre-fix","sessionId":"bd9af0","timestamp":1778058896953}
{"data":{"accessExpireSec":3600,"exp":1778062496,"iat":1778058896,"jwtDotCount":2,"tokenLen":143,"userId":5},"hypothesisId":"H1","location":"login_logic.go:Login","message":"issued login access token","runId":"pre-fix","sessionId":"bd9af0","timestamp":1778058896953}
{"data":{"accessExpireSec":3600,"exp":1778062496,"iat":1778058896,"jwtDotCount":2,"tokenLen":143,"userId":5},"hypothesisId":"H1","location":"login_logic.go:Login","message":"issued login access token","runId":"pre-fix","sessionId":"bd9af0","timestamp":1778058896953}
{"data":{"accessExpireSec":3600,"exp":1778062496,"iat":1778058896,"jwtDotCount":2,"tokenLen":143,"userId":5},"hypothesisId":"H1","location":"login_logic.go:Login","message":"issued login access token","runId":"pre-fix","sessionId":"bd9af0","timestamp":1778058896956}
{"data":{"accessExpireSec":3600,"exp":1778062496,"iat":1778058896,"jwtDotCount":2,"tokenLen":143,"userId":5},"hypothesisId":"H1","location":"login_logic.go:Login","message":"issued login access token","runId":"pre-fix","sessionId":"bd9af0","timestamp":1778058896962}
{"data":{"accessExpireSec":3600,"exp":1778062496,"iat":1778058896,"jwtDotCount":2,"tokenLen":143,"userId":5},"hypothesisId":"H1","location":"login_logic.go:Login","message":"issued login access token","runId":"pre-fix","sessionId":"bd9af0","timestamp":1778058896973}
{"data":{"accessExpireSec":3600,"exp":1778062496,"iat":1778058896,"jwtDotCount":2,"tokenLen":143,"userId":5},"hypothesisId":"H1","location":"login_logic.go:Login","message":"issued login access token","runId":"pre-fix","sessionId":"bd9af0","timestamp":1778058896983}
{"data":{"accessExpireSec":3600,"exp":1778062496,"iat":1778058896,"jwtDotCount":2,"tokenLen":143,"userId":5},"hypothesisId":"H1","location":"login_logic.go:Login","message":"issued login access token","runId":"pre-fix","sessionId":"bd9af0","timestamp":1778058896985}
{"data":{"accessExpireSec":3600,"exp":1778062496,"iat":1778058896,"jwtDotCount":2,"tokenLen":143,"userId":5},"hypothesisId":"H1","location":"login_logic.go:Login","message":"issued login access token","runId":"pre-fix","sessionId":"bd9af0","timestamp":1778058896987}
{"data":{"accessExpireSec":3600,"exp":1778062496,"iat":1778058896,"jwtDotCount":2,"tokenLen":143,"userId":5},"hypothesisId":"H1","location":"login_logic.go:Login","message":"issued login access token","runId":"pre-fix","sessionId":"bd9af0","timestamp":1778058896987}
{"data":{"accessExpireSec":3600,"exp":1778062497,"iat":1778058897,"jwtDotCount":2,"tokenLen":143,"userId":5},"hypothesisId":"H1","location":"login_logic.go:Login","message":"issued login access token","runId":"pre-fix","sessionId":"bd9af0","timestamp":1778058897008}
{"data":{"accessExpireSec":3600,"exp":1778062497,"iat":1778058897,"jwtDotCount":2,"tokenLen":143,"userId":5},"hypothesisId":"H1","location":"login_logic.go:Login","message":"issued login access token","runId":"pre-fix","sessionId":"bd9af0","timestamp":1778058897009}
{"data":{"accessExpireSec":3600,"exp":1778062497,"iat":1778058897,"jwtDotCount":2,"tokenLen":143,"userId":5},"hypothesisId":"H1","location":"login_logic.go:Login","message":"issued login access token","runId":"pre-fix","sessionId":"bd9af0","timestamp":1778058897010}
{"data":{"accessExpireSec":3600,"exp":1778062497,"iat":1778058897,"jwtDotCount":2,"tokenLen":143,"userId":5},"hypothesisId":"H1","location":"login_logic.go:Login","message":"issued login access token","runId":"pre-fix","sessionId":"bd9af0","timestamp":1778058897012}
{"data":{"accessExpireSec":3600,"exp":1778062497,"iat":1778058897,"jwtDotCount":2,"tokenLen":143,"userId":5},"hypothesisId":"H1","location":"login_logic.go:Login","message":"issued login access token","runId":"pre-fix","sessionId":"bd9af0","timestamp":1778058897021}
{"data":{"accessExpireSec":3600,"exp":1778062497,"iat":1778058897,"jwtDotCount":2,"tokenLen":143,"userId":5},"hypothesisId":"H1","location":"login_logic.go:Login","message":"issued login access token","runId":"pre-fix","sessionId":"bd9af0","timestamp":1778058897028}
{"data":{"accessExpireSec":3600,"exp":1778062497,"iat":1778058897,"jwtDotCount":2,"tokenLen":143,"userId":5},"hypothesisId":"H1","location":"login_logic.go:Login","message":"issued login access token","runId":"pre-fix","sessionId":"bd9af0","timestamp":1778058897040}
{"data":{"accessExpireSec":3600,"exp":1778062497,"iat":1778058897,"jwtDotCount":2,"tokenLen":143,"userId":5},"hypothesisId":"H1","location":"login_logic.go:Login","message":"issued login access token","runId":"pre-fix","sessionId":"bd9af0","timestamp":1778058897042}
{"data":{"accessExpireSec":3600,"exp":1778062497,"iat":1778058897,"jwtDotCount":2,"tokenLen":143,"userId":5},"hypothesisId":"H1","location":"login_logic.go:Login","message":"issued login access token","runId":"pre-fix","sessionId":"bd9af0","timestamp":1778058897042}
{"data":{"accessExpireSec":3600,"exp":1778062497,"iat":1778058897,"jwtDotCount":2,"tokenLen":143,"userId":5},"hypothesisId":"H1","location":"login_logic.go:Login","message":"issued login access token","runId":"pre-fix","sessionId":"bd9af0","timestamp":1778058897043}
{"data":{"accessExpireSec":3600,"exp":1778062497,"iat":1778058897,"jwtDotCount":2,"tokenLen":143,"userId":5},"hypothesisId":"H1","location":"login_logic.go:Login","message":"issued login access token","runId":"pre-fix","sessionId":"bd9af0","timestamp":1778058897063}
{"data":{"accessExpireSec":3600,"exp":1778062497,"iat":1778058897,"jwtDotCount":2,"tokenLen":143,"userId":5},"hypothesisId":"H1","location":"login_logic.go:Login","message":"issued login access token","runId":"pre-fix","sessionId":"bd9af0","timestamp":1778058897063}
{"data":{"accessExpireSec":3600,"exp":1778062497,"iat":1778058897,"jwtDotCount":2,"tokenLen":143,"userId":5},"hypothesisId":"H1","location":"login_logic.go:Login","message":"issued login access token","runId":"pre-fix","sessionId":"bd9af0","timestamp":1778058897065}
{"data":{"accessExpireSec":3600,"exp":1778062497,"iat":1778058897,"jwtDotCount":2,"tokenLen":143,"userId":5},"hypothesisId":"H1","location":"login_logic.go:Login","message":"issued login access token","runId":"pre-fix","sessionId":"bd9af0","timestamp":1778058897072}
{"data":{"accessExpireSec":3600,"exp":1778062497,"iat":1778058897,"jwtDotCount":2,"tokenLen":143,"userId":5},"hypothesisId":"H1","location":"login_logic.go:Login","message":"issued login access token","runId":"pre-fix","sessionId":"bd9af0","timestamp":1778058897078}
{"data":{"accessExpireSec":3600,"exp":1778062497,"iat":1778058897,"jwtDotCount":2,"tokenLen":143,"userId":5},"hypothesisId":"H1","location":"login_logic.go:Login","message":"issued login access token","runId":"pre-fix","sessionId":"bd9af0","timestamp":1778058897086}
{"data":{"accessExpireSec":3600,"exp":1778062497,"iat":1778058897,"jwtDotCount":2,"tokenLen":143,"userId":5},"hypothesisId":"H1","location":"login_logic.go:Login","message":"issued login access token","runId":"pre-fix","sessionId":"bd9af0","timestamp":1778058897098}
{"data":{"accessExpireSec":3600,"exp":1778062497,"iat":1778058897,"jwtDotCount":2,"tokenLen":143,"userId":5},"hypothesisId":"H1","location":"login_logic.go:Login","message":"issued login access token","runId":"pre-fix","sessionId":"bd9af0","timestamp":1778058897098}
{"data":{"accessExpireSec":3600,"exp":1778062497,"iat":1778058897,"jwtDotCount":2,"tokenLen":143,"userId":5},"hypothesisId":"H1","location":"login_logic.go:Login","message":"issued login access token","runId":"pre-fix","sessionId":"bd9af0","timestamp":1778058897099}
{"data":{"accessExpireSec":3600,"exp":1778062497,"iat":1778058897,"jwtDotCount":2,"tokenLen":143,"userId":5},"hypothesisId":"H1","location":"login_logic.go:Login","message":"issued login access token","runId":"pre-fix","sessionId":"bd9af0","timestamp":1778058897100}
{"data":{"accessExpireSec":3600,"exp":1778062497,"iat":1778058897,"jwtDotCount":2,"tokenLen":143,"userId":5},"hypothesisId":"H1","location":"login_logic.go:Login","message":"issued login access token","runId":"pre-fix","sessionId":"bd9af0","timestamp":1778058897122}
{"data":{"accessExpireSec":3600,"exp":1778062497,"iat":1778058897,"jwtDotCount":2,"tokenLen":143,"userId":5},"hypothesisId":"H1","location":"login_logic.go:Login","message":"issued login access token","runId":"pre-fix","sessionId":"bd9af0","timestamp":1778058897122}
{"data":{"accessExpireSec":3600,"exp":1778062497,"iat":1778058897,"jwtDotCount":2,"tokenLen":143,"userId":5},"hypothesisId":"H1","location":"login_logic.go:Login","message":"issued login access token","runId":"pre-fix","sessionId":"bd9af0","timestamp":1778058897125}
{"data":{"accessExpireSec":3600,"exp":1778062497,"iat":1778058897,"jwtDotCount":2,"tokenLen":143,"userId":5},"hypothesisId":"H1","location":"login_logic.go:Login","message":"issued login access token","runId":"pre-fix","sessionId":"bd9af0","timestamp":1778058897128}
{"data":{"accessExpireSec":3600,"exp":1778062497,"iat":1778058897,"jwtDotCount":2,"tokenLen":143,"userId":5},"hypothesisId":"H1","location":"login_logic.go:Login","message":"issued login access token","runId":"pre-fix","sessionId":"bd9af0","timestamp":1778058897134}
{"data":{"accessExpireSec":3600,"exp":1778062497,"iat":1778058897,"jwtDotCount":2,"tokenLen":143,"userId":5},"hypothesisId":"H1","location":"login_logic.go:Login","message":"issued login access token","runId":"pre-fix","sessionId":"bd9af0","timestamp":1778058897141}
{"data":{"accessExpireSec":3600,"exp":1778062497,"iat":1778058897,"jwtDotCount":2,"tokenLen":143,"userId":5},"hypothesisId":"H1","location":"login_logic.go:Login","message":"issued login access token","runId":"pre-fix","sessionId":"bd9af0","timestamp":1778058897154}
{"data":{"accessExpireSec":3600,"exp":1778062497,"iat":1778058897,"jwtDotCount":2,"tokenLen":143,"userId":5},"hypothesisId":"H1","location":"login_logic.go:Login","message":"issued login access token","runId":"pre-fix","sessionId":"bd9af0","timestamp":1778058897154}
{"data":{"accessExpireSec":3600,"exp":1778062497,"iat":1778058897,"jwtDotCount":2,"tokenLen":143,"userId":5},"hypothesisId":"H1","location":"login_logic.go:Login","message":"issued login access token","runId":"pre-fix","sessionId":"bd9af0","timestamp":1778058897154}
{"data":{"accessExpireSec":3600,"exp":1778062497,"iat":1778058897,"jwtDotCount":2,"tokenLen":143,"userId":5},"hypothesisId":"H1","location":"login_logic.go:Login","message":"issued login access token","runId":"pre-fix","sessionId":"bd9af0","timestamp":1778058897155}
{"data":{"accessExpireSec":3600,"exp":1778062497,"iat":1778058897,"jwtDotCount":2,"tokenLen":143,"userId":5},"hypothesisId":"H1","location":"login_logic.go:Login","message":"issued login access token","runId":"pre-fix","sessionId":"bd9af0","timestamp":1778058897181}
{"data":{"accessExpireSec":3600,"exp":1778062497,"iat":1778058897,"jwtDotCount":2,"tokenLen":143,"userId":5},"hypothesisId":"H1","location":"login_logic.go:Login","message":"issued login access token","runId":"pre-fix","sessionId":"bd9af0","timestamp":1778058897182}
{"data":{"accessExpireSec":3600,"exp":1778062497,"iat":1778058897,"jwtDotCount":2,"tokenLen":143,"userId":5},"hypothesisId":"H1","location":"login_logic.go:Login","message":"issued login access token","runId":"pre-fix","sessionId":"bd9af0","timestamp":1778058897184}
{"data":{"accessExpireSec":3600,"exp":1778062497,"iat":1778058897,"jwtDotCount":2,"tokenLen":143,"userId":5},"hypothesisId":"H1","location":"login_logic.go:Login","message":"issued login access token","runId":"pre-fix","sessionId":"bd9af0","timestamp":1778058897184}
{"data":{"accessExpireSec":3600,"exp":1778062497,"iat":1778058897,"jwtDotCount":2,"tokenLen":143,"userId":5},"hypothesisId":"H1","location":"login_logic.go:Login","message":"issued login access token","runId":"pre-fix","sessionId":"bd9af0","timestamp":1778058897191}
{"data":{"accessExpireSec":3600,"exp":1778062497,"iat":1778058897,"jwtDotCount":2,"tokenLen":143,"userId":5},"hypothesisId":"H1","location":"login_logic.go:Login","message":"issued login access token","runId":"pre-fix","sessionId":"bd9af0","timestamp":1778058897200}
{"data":{"accessExpireSec":3600,"exp":1778062497,"iat":1778058897,"jwtDotCount":2,"tokenLen":143,"userId":5},"hypothesisId":"H1","location":"login_logic.go:Login","message":"issued login access token","runId":"pre-fix","sessionId":"bd9af0","timestamp":1778058897211}
{"data":{"accessExpireSec":3600,"exp":1778062497,"iat":1778058897,"jwtDotCount":2,"tokenLen":143,"userId":5},"hypothesisId":"H1","location":"login_logic.go:Login","message":"issued login access token","runId":"pre-fix","sessionId":"bd9af0","timestamp":1778058897211}
{"data":{"accessExpireSec":3600,"exp":1778062497,"iat":1778058897,"jwtDotCount":2,"tokenLen":143,"userId":5},"hypothesisId":"H1","location":"login_logic.go:Login","message":"issued login access token","runId":"pre-fix","sessionId":"bd9af0","timestamp":1778058897213}
{"data":{"accessExpireSec":3600,"exp":1778062497,"iat":1778058897,"jwtDotCount":2,"tokenLen":143,"userId":5},"hypothesisId":"H1","location":"login_logic.go:Login","message":"issued login access token","runId":"pre-fix","sessionId":"bd9af0","timestamp":1778058897215}
{"data":{"accessExpireSec":3600,"exp":1778062497,"iat":1778058897,"jwtDotCount":2,"tokenLen":143,"userId":5},"hypothesisId":"H1","location":"login_logic.go:Login","message":"issued login access token","runId":"pre-fix","sessionId":"bd9af0","timestamp":1778058897240}
{"data":{"accessExpireSec":3600,"exp":1778062497,"iat":1778058897,"jwtDotCount":2,"tokenLen":143,"userId":5},"hypothesisId":"H1","location":"login_logic.go:Login","message":"issued login access token","runId":"pre-fix","sessionId":"bd9af0","timestamp":1778058897241}
{"data":{"accessExpireSec":3600,"exp":1778062497,"iat":1778058897,"jwtDotCount":2,"tokenLen":143,"userId":5},"hypothesisId":"H1","location":"login_logic.go:Login","message":"issued login access token","runId":"pre-fix","sessionId":"bd9af0","timestamp":1778058897241}
{"data":{"accessExpireSec":3600,"exp":1778062497,"iat":1778058897,"jwtDotCount":2,"tokenLen":143,"userId":5},"hypothesisId":"H1","location":"login_logic.go:Login","message":"issued login access token","runId":"pre-fix","sessionId":"bd9af0","timestamp":1778058897242}
{"data":{"accessExpireSec":3600,"exp":1778062497,"iat":1778058897,"jwtDotCount":2,"tokenLen":143,"userId":5},"hypothesisId":"H1","location":"login_logic.go:Login","message":"issued login access token","runId":"pre-fix","sessionId":"bd9af0","timestamp":1778058897250}
{"data":{"accessExpireSec":3600,"exp":1778062497,"iat":1778058897,"jwtDotCount":2,"tokenLen":143,"userId":5},"hypothesisId":"H1","location":"login_logic.go:Login","message":"issued login access token","runId":"pre-fix","sessionId":"bd9af0","timestamp":1778058897260}
{"data":{"accessExpireSec":3600,"exp":1778062497,"iat":1778058897,"jwtDotCount":2,"tokenLen":143,"userId":5},"hypothesisId":"H1","location":"login_logic.go:Login","message":"issued login access token","runId":"pre-fix","sessionId":"bd9af0","timestamp":1778058897272}
{"data":{"accessExpireSec":3600,"exp":1778062497,"iat":1778058897,"jwtDotCount":2,"tokenLen":143,"userId":5},"hypothesisId":"H1","location":"login_logic.go:Login","message":"issued login access token","runId":"pre-fix","sessionId":"bd9af0","timestamp":1778058897272}
{"data":{"accessExpireSec":3600,"exp":1778062497,"iat":1778058897,"jwtDotCount":2,"tokenLen":143,"userId":5},"hypothesisId":"H1","location":"login_logic.go:Login","message":"issued login access token","runId":"pre-fix","sessionId":"bd9af0","timestamp":1778058897273}
{"data":{"accessExpireSec":3600,"exp":1778062497,"iat":1778058897,"jwtDotCount":2,"tokenLen":143,"userId":5},"hypothesisId":"H1","location":"login_logic.go:Login","message":"issued login access token","runId":"pre-fix","sessionId":"bd9af0","timestamp":1778058897274}
{"data":{"accessExpireSec":3600,"exp":1778062497,"iat":1778058897,"jwtDotCount":2,"tokenLen":143,"userId":5},"hypothesisId":"H1","location":"login_logic.go:Login","message":"issued login access token","runId":"pre-fix","sessionId":"bd9af0","timestamp":1778058897305}
{"data":{"accessExpireSec":3600,"exp":1778062497,"iat":1778058897,"jwtDotCount":2,"tokenLen":143,"userId":5},"hypothesisId":"H1","location":"login_logic.go:Login","message":"issued login access token","runId":"pre-fix","sessionId":"bd9af0","timestamp":1778058897306}
{"data":{"accessExpireSec":3600,"exp":1778062497,"iat":1778058897,"jwtDotCount":2,"tokenLen":143,"userId":5},"hypothesisId":"H1","location":"login_logic.go:Login","message":"issued login access token","runId":"pre-fix","sessionId":"bd9af0","timestamp":1778058897308}
{"data":{"accessExpireSec":3600,"exp":1778062497,"iat":1778058897,"jwtDotCount":2,"tokenLen":143,"userId":5},"hypothesisId":"H1","location":"login_logic.go:Login","message":"issued login access token","runId":"pre-fix","sessionId":"bd9af0","timestamp":1778058897315}
{"data":{"accessExpireSec":3600,"exp":1778062497,"iat":1778058897,"jwtDotCount":2,"tokenLen":143,"userId":5},"hypothesisId":"H1","location":"login_logic.go:Login","message":"issued login access token","runId":"pre-fix","sessionId":"bd9af0","timestamp":1778058897323}
{"data":{"accessExpireSec":3600,"exp":1778062497,"iat":1778058897,"jwtDotCount":2,"tokenLen":143,"userId":5},"hypothesisId":"H1","location":"login_logic.go:Login","message":"issued login access token","runId":"pre-fix","sessionId":"bd9af0","timestamp":1778058897337}
{"data":{"accessExpireSec":3600,"exp":1778062497,"iat":1778058897,"jwtDotCount":2,"tokenLen":143,"userId":5},"hypothesisId":"H1","location":"login_logic.go:Login","message":"issued login access token","runId":"pre-fix","sessionId":"bd9af0","timestamp":1778058897337}
{"data":{"accessExpireSec":3600,"exp":1778062497,"iat":1778058897,"jwtDotCount":2,"tokenLen":143,"userId":5},"hypothesisId":"H1","location":"login_logic.go:Login","message":"issued login access token","runId":"pre-fix","sessionId":"bd9af0","timestamp":1778058897338}
{"data":{"accessExpireSec":3600,"exp":1778062497,"iat":1778058897,"jwtDotCount":2,"tokenLen":143,"userId":5},"hypothesisId":"H1","location":"login_logic.go:Login","message":"issued login access token","runId":"pre-fix","sessionId":"bd9af0","timestamp":1778058897339}
{"data":{"accessExpireSec":3600,"exp":1778062497,"iat":1778058897,"jwtDotCount":2,"tokenLen":143,"userId":5},"hypothesisId":"H1","location":"login_logic.go:Login","message":"issued login access token","runId":"pre-fix","sessionId":"bd9af0","timestamp":1778058897367}
{"data":{"accessExpireSec":3600,"exp":1778062497,"iat":1778058897,"jwtDotCount":2,"tokenLen":143,"userId":5},"hypothesisId":"H1","location":"login_logic.go:Login","message":"issued login access token","runId":"pre-fix","sessionId":"bd9af0","timestamp":1778058897368}
{"data":{"accessExpireSec":3600,"exp":1778062497,"iat":1778058897,"jwtDotCount":2,"tokenLen":143,"userId":5},"hypothesisId":"H1","location":"login_logic.go:Login","message":"issued login access token","runId":"pre-fix","sessionId":"bd9af0","timestamp":1778058897370}
{"data":{"accessExpireSec":3600,"exp":1778062497,"iat":1778058897,"jwtDotCount":2,"tokenLen":143,"userId":5},"hypothesisId":"H1","location":"login_logic.go:Login","message":"issued login access token","runId":"pre-fix","sessionId":"bd9af0","timestamp":1778058897376}
{"data":{"accessExpireSec":3600,"exp":1778062497,"iat":1778058897,"jwtDotCount":2,"tokenLen":143,"userId":5},"hypothesisId":"H1","location":"login_logic.go:Login","message":"issued login access token","runId":"pre-fix","sessionId":"bd9af0","timestamp":1778058897386}
{"data":{"accessExpireSec":3600,"exp":1778062497,"iat":1778058897,"jwtDotCount":2,"tokenLen":143,"userId":5},"hypothesisId":"H1","location":"login_logic.go:Login","message":"issued login access token","runId":"pre-fix","sessionId":"bd9af0","timestamp":1778058897400}
{"data":{"accessExpireSec":3600,"exp":1778062497,"iat":1778058897,"jwtDotCount":2,"tokenLen":143,"userId":5},"hypothesisId":"H1","location":"login_logic.go:Login","message":"issued login access token","runId":"pre-fix","sessionId":"bd9af0","timestamp":1778058897400}
{"data":{"accessExpireSec":3600,"exp":1778062497,"iat":1778058897,"jwtDotCount":2,"tokenLen":143,"userId":5},"hypothesisId":"H1","location":"login_logic.go:Login","message":"issued login access token","runId":"pre-fix","sessionId":"bd9af0","timestamp":1778058897401}
{"data":{"accessExpireSec":3600,"exp":1778062497,"iat":1778058897,"jwtDotCount":2,"tokenLen":143,"userId":5},"hypothesisId":"H1","location":"login_logic.go:Login","message":"issued login access token","runId":"pre-fix","sessionId":"bd9af0","timestamp":1778058897403}
{"data":{"accessExpireSec":3600,"exp":1778062497,"iat":1778058897,"jwtDotCount":2,"tokenLen":143,"userId":5},"hypothesisId":"H1","location":"login_logic.go:Login","message":"issued login access token","runId":"pre-fix","sessionId":"bd9af0","timestamp":1778058897433}
{"data":{"accessExpireSec":3600,"exp":1778062497,"iat":1778058897,"jwtDotCount":2,"tokenLen":143,"userId":5},"hypothesisId":"H1","location":"login_logic.go:Login","message":"issued login access token","runId":"pre-fix","sessionId":"bd9af0","timestamp":1778058897433}
{"data":{"accessExpireSec":3600,"exp":1778062497,"iat":1778058897,"jwtDotCount":2,"tokenLen":143,"userId":5},"hypothesisId":"H1","location":"login_logic.go:Login","message":"issued login access token","runId":"pre-fix","sessionId":"bd9af0","timestamp":1778058897433}
{"data":{"accessExpireSec":3600,"exp":1778062497,"iat":1778058897,"jwtDotCount":2,"tokenLen":143,"userId":5},"hypothesisId":"H1","location":"login_logic.go:Login","message":"issued login access token","runId":"pre-fix","sessionId":"bd9af0","timestamp":1778058897441}
{"data":{"accessExpireSec":3600,"exp":1778062497,"iat":1778058897,"jwtDotCount":2,"tokenLen":143,"userId":5},"hypothesisId":"H1","location":"login_logic.go:Login","message":"issued login access token","runId":"pre-fix","sessionId":"bd9af0","timestamp":1778058897450}
{"data":{"accessExpireSec":3600,"exp":1778062497,"iat":1778058897,"jwtDotCount":2,"tokenLen":143,"userId":5},"hypothesisId":"H1","location":"login_logic.go:Login","message":"issued login access token","runId":"pre-fix","sessionId":"bd9af0","timestamp":1778058897466}
{"data":{"accessExpireSec":3600,"exp":1778062497,"iat":1778058897,"jwtDotCount":2,"tokenLen":143,"userId":5},"hypothesisId":"H1","location":"login_logic.go:Login","message":"issued login access token","runId":"pre-fix","sessionId":"bd9af0","timestamp":1778058897466}
{"data":{"accessExpireSec":3600,"exp":1778062497,"iat":1778058897,"jwtDotCount":2,"tokenLen":143,"userId":5},"hypothesisId":"H1","location":"login_logic.go:Login","message":"issued login access token","runId":"pre-fix","sessionId":"bd9af0","timestamp":1778058897467}
{"data":{"accessExpireSec":3600,"exp":1778062497,"iat":1778058897,"jwtDotCount":2,"tokenLen":143,"userId":5},"hypothesisId":"H1","location":"login_logic.go:Login","message":"issued login access token","runId":"pre-fix","sessionId":"bd9af0","timestamp":1778058897467}
{"data":{"accessExpireSec":3600,"exp":1778062497,"iat":1778058897,"jwtDotCount":2,"tokenLen":143,"userId":5},"hypothesisId":"H1","location":"login_logic.go:Login","message":"issued login access token","runId":"pre-fix","sessionId":"bd9af0","timestamp":1778058897498}
{"data":{"accessExpireSec":3600,"exp":1778062497,"iat":1778058897,"jwtDotCount":2,"tokenLen":143,"userId":5},"hypothesisId":"H1","location":"login_logic.go:Login","message":"issued login access token","runId":"pre-fix","sessionId":"bd9af0","timestamp":1778058897501}
{"data":{"accessExpireSec":3600,"exp":1778062497,"iat":1778058897,"jwtDotCount":2,"tokenLen":143,"userId":5},"hypothesisId":"H1","location":"login_logic.go:Login","message":"issued login access token","runId":"pre-fix","sessionId":"bd9af0","timestamp":1778058897502}
{"data":{"accessExpireSec":3600,"exp":1778062497,"iat":1778058897,"jwtDotCount":2,"tokenLen":143,"userId":5},"hypothesisId":"H1","location":"login_logic.go:Login","message":"issued login access token","runId":"pre-fix","sessionId":"bd9af0","timestamp":1778058897507}
{"data":{"accessExpireSec":3600,"exp":1778062497,"iat":1778058897,"jwtDotCount":2,"tokenLen":143,"userId":5},"hypothesisId":"H1","location":"login_logic.go:Login","message":"issued login access token","runId":"pre-fix","sessionId":"bd9af0","timestamp":1778058897517}
{"data":{"accessExpireSec":3600,"exp":1778062497,"iat":1778058897,"jwtDotCount":2,"tokenLen":143,"userId":5},"hypothesisId":"H1","location":"login_logic.go:Login","message":"issued login access token","runId":"pre-fix","sessionId":"bd9af0","timestamp":1778058897535}
{"data":{"accessExpireSec":3600,"exp":1778062497,"iat":1778058897,"jwtDotCount":2,"tokenLen":143,"userId":5},"hypothesisId":"H1","location":"login_logic.go:Login","message":"issued login access token","runId":"pre-fix","sessionId":"bd9af0","timestamp":1778058897536}
{"data":{"accessExpireSec":3600,"exp":1778062497,"iat":1778058897,"jwtDotCount":2,"tokenLen":143,"userId":5},"hypothesisId":"H1","location":"login_logic.go:Login","message":"issued login access token","runId":"pre-fix","sessionId":"bd9af0","timestamp":1778058897536}
{"data":{"accessExpireSec":3600,"exp":1778062497,"iat":1778058897,"jwtDotCount":2,"tokenLen":143,"userId":5},"hypothesisId":"H1","location":"login_logic.go:Login","message":"issued login access token","runId":"pre-fix","sessionId":"bd9af0","timestamp":1778058897538}
{"data":{"accessExpireSec":3600,"exp":1778062497,"iat":1778058897,"jwtDotCount":2,"tokenLen":143,"userId":5},"hypothesisId":"H1","location":"login_logic.go:Login","message":"issued login access token","runId":"pre-fix","sessionId":"bd9af0","timestamp":1778058897568}
{"data":{"accessExpireSec":3600,"exp":1778062497,"iat":1778058897,"jwtDotCount":2,"tokenLen":143,"userId":5},"hypothesisId":"H1","location":"login_logic.go:Login","message":"issued login access token","runId":"pre-fix","sessionId":"bd9af0","timestamp":1778058897571}
{"data":{"accessExpireSec":3600,"exp":1778062497,"iat":1778058897,"jwtDotCount":2,"tokenLen":143,"userId":5},"hypothesisId":"H1","location":"login_logic.go:Login","message":"issued login access token","runId":"pre-fix","sessionId":"bd9af0","timestamp":1778058897572}
{"data":{"accessExpireSec":3600,"exp":1778062497,"iat":1778058897,"jwtDotCount":2,"tokenLen":143,"userId":5},"hypothesisId":"H1","location":"login_logic.go:Login","message":"issued login access token","runId":"pre-fix","sessionId":"bd9af0","timestamp":1778058897574}
{"data":{"accessExpireSec":3600,"exp":1778062497,"iat":1778058897,"jwtDotCount":2,"tokenLen":143,"userId":5},"hypothesisId":"H1","location":"login_logic.go:Login","message":"issued login access token","runId":"pre-fix","sessionId":"bd9af0","timestamp":1778058897583}
{"data":{"accessExpireSec":3600,"exp":1778062497,"iat":1778058897,"jwtDotCount":2,"tokenLen":143,"userId":5},"hypothesisId":"H1","location":"login_logic.go:Login","message":"issued login access token","runId":"pre-fix","sessionId":"bd9af0","timestamp":1778058897602}
{"data":{"accessExpireSec":3600,"exp":1778062497,"iat":1778058897,"jwtDotCount":2,"tokenLen":143,"userId":5},"hypothesisId":"H1","location":"login_logic.go:Login","message":"issued login access token","runId":"pre-fix","sessionId":"bd9af0","timestamp":1778058897602}
{"data":{"accessExpireSec":3600,"exp":1778062497,"iat":1778058897,"jwtDotCount":2,"tokenLen":143,"userId":5},"hypothesisId":"H1","location":"login_logic.go:Login","message":"issued login access token","runId":"pre-fix","sessionId":"bd9af0","timestamp":1778058897603}
{"data":{"accessExpireSec":3600,"exp":1778062497,"iat":1778058897,"jwtDotCount":2,"tokenLen":143,"userId":5},"hypothesisId":"H1","location":"login_logic.go:Login","message":"issued login access token","runId":"pre-fix","sessionId":"bd9af0","timestamp":1778058897604}
{"data":{"accessExpireSec":3600,"exp":1778062497,"iat":1778058897,"jwtDotCount":2,"tokenLen":143,"userId":5},"hypothesisId":"H1","location":"login_logic.go:Login","message":"issued login access token","runId":"pre-fix","sessionId":"bd9af0","timestamp":1778058897615}
{"data":{"accessExpireSec":3600,"exp":1778062497,"iat":1778058897,"jwtDotCount":2,"tokenLen":143,"userId":5},"hypothesisId":"H1","location":"login_logic.go:Login","message":"issued login access token","runId":"pre-fix","sessionId":"bd9af0","timestamp":1778058897629}
{"data":{"accessExpireSec":3600,"exp":1778062497,"iat":1778058897,"jwtDotCount":2,"tokenLen":143,"userId":5},"hypothesisId":"H1","location":"login_logic.go:Login","message":"issued login access token","runId":"pre-fix","sessionId":"bd9af0","timestamp":1778058897633}
{"data":{"accessExpireSec":3600,"exp":1778062497,"iat":1778058897,"jwtDotCount":2,"tokenLen":143,"userId":5},"hypothesisId":"H1","location":"login_logic.go:Login","message":"issued login access token","runId":"pre-fix","sessionId":"bd9af0","timestamp":1778058897634}
{"data":{"accessExpireSec":3600,"exp":1778062497,"iat":1778058897,"jwtDotCount":2,"tokenLen":143,"userId":5},"hypothesisId":"H1","location":"login_logic.go:Login","message":"issued login access token","runId":"pre-fix","sessionId":"bd9af0","timestamp":1778058897636}
{"data":{"accessExpireSec":3600,"exp":1778062497,"iat":1778058897,"jwtDotCount":2,"tokenLen":143,"userId":5},"hypothesisId":"H1","location":"login_logic.go:Login","message":"issued login access token","runId":"pre-fix","sessionId":"bd9af0","timestamp":1778058897644}
{"data":{"accessExpireSec":3600,"exp":1778062497,"iat":1778058897,"jwtDotCount":2,"tokenLen":143,"userId":5},"hypothesisId":"H1","location":"login_logic.go:Login","message":"issued login access token","runId":"pre-fix","sessionId":"bd9af0","timestamp":1778058897664}
{"data":{"accessExpireSec":3600,"exp":1778062497,"iat":1778058897,"jwtDotCount":2,"tokenLen":143,"userId":5},"hypothesisId":"H1","location":"login_logic.go:Login","message":"issued login access token","runId":"pre-fix","sessionId":"bd9af0","timestamp":1778058897665}
{"data":{"accessExpireSec":3600,"exp":1778062497,"iat":1778058897,"jwtDotCount":2,"tokenLen":143,"userId":5},"hypothesisId":"H1","location":"login_logic.go:Login","message":"issued login access token","runId":"pre-fix","sessionId":"bd9af0","timestamp":1778058897665}
{"data":{"accessExpireSec":3600,"exp":1778062497,"iat":1778058897,"jwtDotCount":2,"tokenLen":143,"userId":5},"hypothesisId":"H1","location":"login_logic.go:Login","message":"issued login access token","runId":"pre-fix","sessionId":"bd9af0","timestamp":1778058897665}
{"data":{"accessExpireSec":3600,"exp":1778062497,"iat":1778058897,"jwtDotCount":2,"tokenLen":143,"userId":5},"hypothesisId":"H1","location":"login_logic.go:Login","message":"issued login access token","runId":"pre-fix","sessionId":"bd9af0","timestamp":1778058897675}
{"data":{"accessExpireSec":3600,"exp":1778062497,"iat":1778058897,"jwtDotCount":2,"tokenLen":143,"userId":5},"hypothesisId":"H1","location":"login_logic.go:Login","message":"issued login access token","runId":"pre-fix","sessionId":"bd9af0","timestamp":1778058897691}
{"data":{"accessExpireSec":3600,"exp":1778062497,"iat":1778058897,"jwtDotCount":2,"tokenLen":143,"userId":5},"hypothesisId":"H1","location":"login_logic.go:Login","message":"issued login access token","runId":"pre-fix","sessionId":"bd9af0","timestamp":1778058897698}
{"data":{"accessExpireSec":3600,"exp":1778062497,"iat":1778058897,"jwtDotCount":2,"tokenLen":143,"userId":5},"hypothesisId":"H1","location":"login_logic.go:Login","message":"issued login access token","runId":"pre-fix","sessionId":"bd9af0","timestamp":1778058897698}
{"data":{"accessExpireSec":3600,"exp":1778062497,"iat":1778058897,"jwtDotCount":2,"tokenLen":143,"userId":5},"hypothesisId":"H1","location":"login_logic.go:Login","message":"issued login access token","runId":"pre-fix","sessionId":"bd9af0","timestamp":1778058897705}
{"data":{"accessExpireSec":3600,"exp":1778062497,"iat":1778058897,"jwtDotCount":2,"tokenLen":143,"userId":5},"hypothesisId":"H1","location":"login_logic.go:Login","message":"issued login access token","runId":"pre-fix","sessionId":"bd9af0","timestamp":1778058897723}
{"data":{"accessExpireSec":3600,"exp":1778062497,"iat":1778058897,"jwtDotCount":2,"tokenLen":143,"userId":5},"hypothesisId":"H1","location":"login_logic.go:Login","message":"issued login access token","runId":"pre-fix","sessionId":"bd9af0","timestamp":1778058897725}
{"data":{"accessExpireSec":3600,"exp":1778062497,"iat":1778058897,"jwtDotCount":2,"tokenLen":143,"userId":5},"hypothesisId":"H1","location":"login_logic.go:Login","message":"issued login access token","runId":"pre-fix","sessionId":"bd9af0","timestamp":1778058897725}
{"data":{"accessExpireSec":3600,"exp":1778062497,"iat":1778058897,"jwtDotCount":2,"tokenLen":143,"userId":5},"hypothesisId":"H1","location":"login_logic.go:Login","message":"issued login access token","runId":"pre-fix","sessionId":"bd9af0","timestamp":1778058897725}
{"data":{"accessExpireSec":3600,"exp":1778062497,"iat":1778058897,"jwtDotCount":2,"tokenLen":143,"userId":5},"hypothesisId":"H1","location":"login_logic.go:Login","message":"issued login access token","runId":"pre-fix","sessionId":"bd9af0","timestamp":1778058897735}
{"data":{"accessExpireSec":3600,"exp":1778062497,"iat":1778058897,"jwtDotCount":2,"tokenLen":143,"userId":5},"hypothesisId":"H1","location":"login_logic.go:Login","message":"issued login access token","runId":"pre-fix","sessionId":"bd9af0","timestamp":1778058897751}
{"data":{"accessExpireSec":3600,"exp":1778062497,"iat":1778058897,"jwtDotCount":2,"tokenLen":143,"userId":5},"hypothesisId":"H1","location":"login_logic.go:Login","message":"issued login access token","runId":"pre-fix","sessionId":"bd9af0","timestamp":1778058897756}
{"data":{"accessExpireSec":3600,"exp":1778062497,"iat":1778058897,"jwtDotCount":2,"tokenLen":143,"userId":5},"hypothesisId":"H1","location":"login_logic.go:Login","message":"issued login access token","runId":"pre-fix","sessionId":"bd9af0","timestamp":1778058897759}
{"data":{"accessExpireSec":3600,"exp":1778062497,"iat":1778058897,"jwtDotCount":2,"tokenLen":143,"userId":5},"hypothesisId":"H1","location":"login_logic.go:Login","message":"issued login access token","runId":"pre-fix","sessionId":"bd9af0","timestamp":1778058897764}
{"data":{"accessExpireSec":3600,"exp":1778062497,"iat":1778058897,"jwtDotCount":2,"tokenLen":143,"userId":5},"hypothesisId":"H1","location":"login_logic.go:Login","message":"issued login access token","runId":"pre-fix","sessionId":"bd9af0","timestamp":1778058897769}
{"data":{"accessExpireSec":3600,"exp":1778062497,"iat":1778058897,"jwtDotCount":2,"tokenLen":143,"userId":5},"hypothesisId":"H1","location":"login_logic.go:Login","message":"issued login access token","runId":"pre-fix","sessionId":"bd9af0","timestamp":1778058897784}
{"data":{"accessExpireSec":3600,"exp":1778062497,"iat":1778058897,"jwtDotCount":2,"tokenLen":143,"userId":5},"hypothesisId":"H1","location":"login_logic.go:Login","message":"issued login access token","runId":"pre-fix","sessionId":"bd9af0","timestamp":1778058897786}
{"data":{"accessExpireSec":3600,"exp":1778062497,"iat":1778058897,"jwtDotCount":2,"tokenLen":143,"userId":5},"hypothesisId":"H1","location":"login_logic.go:Login","message":"issued login access token","runId":"pre-fix","sessionId":"bd9af0","timestamp":1778058897786}
{"data":{"accessExpireSec":3600,"exp":1778062497,"iat":1778058897,"jwtDotCount":2,"tokenLen":143,"userId":5},"hypothesisId":"H1","location":"login_logic.go:Login","message":"issued login access token","runId":"pre-fix","sessionId":"bd9af0","timestamp":1778058897787}
{"data":{"accessExpireSec":3600,"exp":1778062497,"iat":1778058897,"jwtDotCount":2,"tokenLen":143,"userId":5},"hypothesisId":"H1","location":"login_logic.go:Login","message":"issued login access token","runId":"pre-fix","sessionId":"bd9af0","timestamp":1778058897794}
{"data":{"accessExpireSec":3600,"exp":1778062497,"iat":1778058897,"jwtDotCount":2,"tokenLen":143,"userId":5},"hypothesisId":"H1","location":"login_logic.go:Login","message":"issued login access token","runId":"pre-fix","sessionId":"bd9af0","timestamp":1778058897813}
{"data":{"accessExpireSec":3600,"exp":1778062497,"iat":1778058897,"jwtDotCount":2,"tokenLen":143,"userId":5},"hypothesisId":"H1","location":"login_logic.go:Login","message":"issued login access token","runId":"pre-fix","sessionId":"bd9af0","timestamp":1778058897817}
{"data":{"accessExpireSec":3600,"exp":1778062497,"iat":1778058897,"jwtDotCount":2,"tokenLen":143,"userId":5},"hypothesisId":"H1","location":"login_logic.go:Login","message":"issued login access token","runId":"pre-fix","sessionId":"bd9af0","timestamp":1778058897819}
{"data":{"accessExpireSec":3600,"exp":1778062497,"iat":1778058897,"jwtDotCount":2,"tokenLen":143,"userId":5},"hypothesisId":"H1","location":"login_logic.go:Login","message":"issued login access token","runId":"pre-fix","sessionId":"bd9af0","timestamp":1778058897823}
{"data":{"accessExpireSec":3600,"exp":1778062497,"iat":1778058897,"jwtDotCount":2,"tokenLen":143,"userId":5},"hypothesisId":"H1","location":"login_logic.go:Login","message":"issued login access token","runId":"pre-fix","sessionId":"bd9af0","timestamp":1778058897831}
{"data":{"accessExpireSec":3600,"exp":1778062497,"iat":1778058897,"jwtDotCount":2,"tokenLen":143,"userId":5},"hypothesisId":"H1","location":"login_logic.go:Login","message":"issued login access token","runId":"pre-fix","sessionId":"bd9af0","timestamp":1778058897846}
{"data":{"accessExpireSec":3600,"exp":1778062497,"iat":1778058897,"jwtDotCount":2,"tokenLen":143,"userId":5},"hypothesisId":"H1","location":"login_logic.go:Login","message":"issued login access token","runId":"pre-fix","sessionId":"bd9af0","timestamp":1778058897847}
{"data":{"accessExpireSec":3600,"exp":1778062497,"iat":1778058897,"jwtDotCount":2,"tokenLen":143,"userId":5},"hypothesisId":"H1","location":"login_logic.go:Login","message":"issued login access token","runId":"pre-fix","sessionId":"bd9af0","timestamp":1778058897848}
{"data":{"accessExpireSec":3600,"exp":1778062497,"iat":1778058897,"jwtDotCount":2,"tokenLen":143,"userId":5},"hypothesisId":"H1","location":"login_logic.go:Login","message":"issued login access token","runId":"pre-fix","sessionId":"bd9af0","timestamp":1778058897849}
{"data":{"accessExpireSec":3600,"exp":1778062497,"iat":1778058897,"jwtDotCount":2,"tokenLen":143,"userId":5},"hypothesisId":"H1","location":"login_logic.go:Login","message":"issued login access token","runId":"pre-fix","sessionId":"bd9af0","timestamp":1778058897856}
{"data":{"accessExpireSec":3600,"exp":1778062497,"iat":1778058897,"jwtDotCount":2,"tokenLen":143,"userId":5},"hypothesisId":"H1","location":"login_logic.go:Login","message":"issued login access token","runId":"pre-fix","sessionId":"bd9af0","timestamp":1778058897876}
{"data":{"accessExpireSec":3600,"exp":1778062497,"iat":1778058897,"jwtDotCount":2,"tokenLen":143,"userId":5},"hypothesisId":"H1","location":"login_logic.go:Login","message":"issued login access token","runId":"pre-fix","sessionId":"bd9af0","timestamp":1778058897876}
{"data":{"accessExpireSec":3600,"exp":1778062497,"iat":1778058897,"jwtDotCount":2,"tokenLen":143,"userId":5},"hypothesisId":"H1","location":"login_logic.go:Login","message":"issued login access token","runId":"pre-fix","sessionId":"bd9af0","timestamp":1778058897879}
{"data":{"accessExpireSec":3600,"exp":1778062497,"iat":1778058897,"jwtDotCount":2,"tokenLen":143,"userId":5},"hypothesisId":"H1","location":"login_logic.go:Login","message":"issued login access token","runId":"pre-fix","sessionId":"bd9af0","timestamp":1778058897886}
{"data":{"accessExpireSec":3600,"exp":1778062497,"iat":1778058897,"jwtDotCount":2,"tokenLen":143,"userId":5},"hypothesisId":"H1","location":"login_logic.go:Login","message":"issued login access token","runId":"pre-fix","sessionId":"bd9af0","timestamp":1778058897893}
{"data":{"accessExpireSec":3600,"exp":1778062497,"iat":1778058897,"jwtDotCount":2,"tokenLen":143,"userId":5},"hypothesisId":"H1","location":"login_logic.go:Login","message":"issued login access token","runId":"pre-fix","sessionId":"bd9af0","timestamp":1778058897905}
{"data":{"accessExpireSec":3600,"exp":1778062497,"iat":1778058897,"jwtDotCount":2,"tokenLen":143,"userId":5},"hypothesisId":"H1","location":"login_logic.go:Login","message":"issued login access token","runId":"pre-fix","sessionId":"bd9af0","timestamp":1778058897907}
{"data":{"accessExpireSec":3600,"exp":1778062497,"iat":1778058897,"jwtDotCount":2,"tokenLen":143,"userId":5},"hypothesisId":"H1","location":"login_logic.go:Login","message":"issued login access token","runId":"pre-fix","sessionId":"bd9af0","timestamp":1778058897907}
{"data":{"accessExpireSec":3600,"exp":1778062497,"iat":1778058897,"jwtDotCount":2,"tokenLen":143,"userId":5},"hypothesisId":"H1","location":"login_logic.go:Login","message":"issued login access token","runId":"pre-fix","sessionId":"bd9af0","timestamp":1778058897908}
{"data":{"accessExpireSec":3600,"exp":1778062497,"iat":1778058897,"jwtDotCount":2,"tokenLen":143,"userId":5},"hypothesisId":"H1","location":"login_logic.go:Login","message":"issued login access token","runId":"pre-fix","sessionId":"bd9af0","timestamp":1778058897914}
{"data":{"accessExpireSec":3600,"exp":1778062497,"iat":1778058897,"jwtDotCount":2,"tokenLen":143,"userId":5},"hypothesisId":"H1","location":"login_logic.go:Login","message":"issued login access token","runId":"pre-fix","sessionId":"bd9af0","timestamp":1778058897933}
{"data":{"accessExpireSec":3600,"exp":1778062497,"iat":1778058897,"jwtDotCount":2,"tokenLen":143,"userId":5},"hypothesisId":"H1","location":"login_logic.go:Login","message":"issued login access token","runId":"pre-fix","sessionId":"bd9af0","timestamp":1778058897936}
{"data":{"accessExpireSec":3600,"exp":1778062497,"iat":1778058897,"jwtDotCount":2,"tokenLen":143,"userId":5},"hypothesisId":"H1","location":"login_logic.go:Login","message":"issued login access token","runId":"pre-fix","sessionId":"bd9af0","timestamp":1778058897939}
{"data":{"accessExpireSec":3600,"exp":1778062497,"iat":1778058897,"jwtDotCount":2,"tokenLen":143,"userId":5},"hypothesisId":"H1","location":"login_logic.go:Login","message":"issued login access token","runId":"pre-fix","sessionId":"bd9af0","timestamp":1778058897944}
{"data":{"accessExpireSec":3600,"exp":1778062497,"iat":1778058897,"jwtDotCount":2,"tokenLen":143,"userId":5},"hypothesisId":"H1","location":"login_logic.go:Login","message":"issued login access token","runId":"pre-fix","sessionId":"bd9af0","timestamp":1778058897951}
{"data":{"accessExpireSec":3600,"exp":1778062497,"iat":1778058897,"jwtDotCount":2,"tokenLen":143,"userId":5},"hypothesisId":"H1","location":"login_logic.go:Login","message":"issued login access token","runId":"pre-fix","sessionId":"bd9af0","timestamp":1778058897968}
{"data":{"accessExpireSec":3600,"exp":1778062497,"iat":1778058897,"jwtDotCount":2,"tokenLen":143,"userId":5},"hypothesisId":"H1","location":"login_logic.go:Login","message":"issued login access token","runId":"pre-fix","sessionId":"bd9af0","timestamp":1778058897971}
{"data":{"accessExpireSec":3600,"exp":1778062497,"iat":1778058897,"jwtDotCount":2,"tokenLen":143,"userId":5},"hypothesisId":"H1","location":"login_logic.go:Login","message":"issued login access token","runId":"pre-fix","sessionId":"bd9af0","timestamp":1778058897971}
{"data":{"accessExpireSec":3600,"exp":1778062497,"iat":1778058897,"jwtDotCount":2,"tokenLen":143,"userId":5},"hypothesisId":"H1","location":"login_logic.go:Login","message":"issued login access token","runId":"pre-fix","sessionId":"bd9af0","timestamp":1778058897974}
{"data":{"accessExpireSec":3600,"exp":1778062497,"iat":1778058897,"jwtDotCount":2,"tokenLen":143,"userId":5},"hypothesisId":"H1","location":"login_logic.go:Login","message":"issued login access token","runId":"pre-fix","sessionId":"bd9af0","timestamp":1778058897985}
{"data":{"accessExpireSec":3600,"exp":1778062498,"iat":1778058898,"jwtDotCount":2,"tokenLen":143,"userId":5},"hypothesisId":"H1","location":"login_logic.go:Login","message":"issued login access token","runId":"pre-fix","sessionId":"bd9af0","timestamp":1778058898006}
{"data":{"accessExpireSec":3600,"exp":1778062498,"iat":1778058898,"jwtDotCount":2,"tokenLen":143,"userId":5},"hypothesisId":"H1","location":"login_logic.go:Login","message":"issued login access token","runId":"pre-fix","sessionId":"bd9af0","timestamp":1778058898011}
{"data":{"accessExpireSec":3600,"exp":1778062498,"iat":1778058898,"jwtDotCount":2,"tokenLen":143,"userId":5},"hypothesisId":"H1","location":"login_logic.go:Login","message":"issued login access token","runId":"pre-fix","sessionId":"bd9af0","timestamp":1778058898013}
{"data":{"accessExpireSec":3600,"exp":1778062498,"iat":1778058898,"jwtDotCount":2,"tokenLen":143,"userId":5},"hypothesisId":"H1","location":"login_logic.go:Login","message":"issued login access token","runId":"pre-fix","sessionId":"bd9af0","timestamp":1778058898019}
{"data":{"accessExpireSec":3600,"exp":1778062498,"iat":1778058898,"jwtDotCount":2,"tokenLen":143,"userId":5},"hypothesisId":"H1","location":"login_logic.go:Login","message":"issued login access token","runId":"pre-fix","sessionId":"bd9af0","timestamp":1778058898027}
{"data":{"accessExpireSec":3600,"exp":1778062498,"iat":1778058898,"jwtDotCount":2,"tokenLen":143,"userId":5},"hypothesisId":"H1","location":"login_logic.go:Login","message":"issued login access token","runId":"pre-fix","sessionId":"bd9af0","timestamp":1778058898040}
{"data":{"accessExpireSec":3600,"exp":1778062498,"iat":1778058898,"jwtDotCount":2,"tokenLen":143,"userId":5},"hypothesisId":"H1","location":"login_logic.go:Login","message":"issued login access token","runId":"pre-fix","sessionId":"bd9af0","timestamp":1778058898041}
{"data":{"accessExpireSec":3600,"exp":1778062498,"iat":1778058898,"jwtDotCount":2,"tokenLen":143,"userId":5},"hypothesisId":"H1","location":"login_logic.go:Login","message":"issued login access token","runId":"pre-fix","sessionId":"bd9af0","timestamp":1778058898041}
{"data":{"accessExpireSec":3600,"exp":1778062498,"iat":1778058898,"jwtDotCount":2,"tokenLen":143,"userId":5},"hypothesisId":"H1","location":"login_logic.go:Login","message":"issued login access token","runId":"pre-fix","sessionId":"bd9af0","timestamp":1778058898044}
{"data":{"accessExpireSec":3600,"exp":1778062498,"iat":1778058898,"jwtDotCount":2,"tokenLen":143,"userId":5},"hypothesisId":"H1","location":"login_logic.go:Login","message":"issued login access token","runId":"pre-fix","sessionId":"bd9af0","timestamp":1778058898054}
{"data":{"accessExpireSec":3600,"exp":1778062498,"iat":1778058898,"jwtDotCount":2,"tokenLen":143,"userId":5},"hypothesisId":"H1","location":"login_logic.go:Login","message":"issued login access token","runId":"pre-fix","sessionId":"bd9af0","timestamp":1778058898074}
{"data":{"accessExpireSec":3600,"exp":1778062498,"iat":1778058898,"jwtDotCount":2,"tokenLen":143,"userId":5},"hypothesisId":"H1","location":"login_logic.go:Login","message":"issued login access token","runId":"pre-fix","sessionId":"bd9af0","timestamp":1778058898078}
{"data":{"accessExpireSec":3600,"exp":1778062498,"iat":1778058898,"jwtDotCount":2,"tokenLen":143,"userId":5},"hypothesisId":"H1","location":"login_logic.go:Login","message":"issued login access token","runId":"pre-fix","sessionId":"bd9af0","timestamp":1778058898079}
{"data":{"accessExpireSec":3600,"exp":1778062498,"iat":1778058898,"jwtDotCount":2,"tokenLen":143,"userId":5},"hypothesisId":"H1","location":"login_logic.go:Login","message":"issued login access token","runId":"pre-fix","sessionId":"bd9af0","timestamp":1778058898085}
{"data":{"accessExpireSec":3600,"exp":1778062498,"iat":1778058898,"jwtDotCount":2,"tokenLen":143,"userId":5},"hypothesisId":"H1","location":"login_logic.go:Login","message":"issued login access token","runId":"pre-fix","sessionId":"bd9af0","timestamp":1778058898095}
{"data":{"accessExpireSec":3600,"exp":1778062498,"iat":1778058898,"jwtDotCount":2,"tokenLen":143,"userId":5},"hypothesisId":"H1","location":"login_logic.go:Login","message":"issued login access token","runId":"pre-fix","sessionId":"bd9af0","timestamp":1778058898108}
{"data":{"accessExpireSec":3600,"exp":1778062498,"iat":1778058898,"jwtDotCount":2,"tokenLen":143,"userId":5},"hypothesisId":"H1","location":"login_logic.go:Login","message":"issued login access token","runId":"pre-fix","sessionId":"bd9af0","timestamp":1778058898109}
{"data":{"accessExpireSec":3600,"exp":1778062498,"iat":1778058898,"jwtDotCount":2,"tokenLen":143,"userId":5},"hypothesisId":"H1","location":"login_logic.go:Login","message":"issued login access token","runId":"pre-fix","sessionId":"bd9af0","timestamp":1778058898109}
{"data":{"accessExpireSec":3600,"exp":1778062498,"iat":1778058898,"jwtDotCount":2,"tokenLen":143,"userId":5},"hypothesisId":"H1","location":"login_logic.go:Login","message":"issued login access token","runId":"pre-fix","sessionId":"bd9af0","timestamp":1778058898110}
{"data":{"accessExpireSec":3600,"exp":1778062498,"iat":1778058898,"jwtDotCount":2,"tokenLen":143,"userId":5},"hypothesisId":"H1","location":"login_logic.go:Login","message":"issued login access token","runId":"pre-fix","sessionId":"bd9af0","timestamp":1778058898119}
{"data":{"accessExpireSec":3600,"exp":1778062498,"iat":1778058898,"jwtDotCount":2,"tokenLen":143,"userId":5},"hypothesisId":"H1","location":"login_logic.go:Login","message":"issued login access token","runId":"pre-fix","sessionId":"bd9af0","timestamp":1778058898136}
{"data":{"accessExpireSec":3600,"exp":1778062498,"iat":1778058898,"jwtDotCount":2,"tokenLen":143,"userId":5},"hypothesisId":"H1","location":"login_logic.go:Login","message":"issued login access token","runId":"pre-fix","sessionId":"bd9af0","timestamp":1778058898139}
{"data":{"accessExpireSec":3600,"exp":1778062498,"iat":1778058898,"jwtDotCount":2,"tokenLen":143,"userId":5},"hypothesisId":"H1","location":"login_logic.go:Login","message":"issued login access token","runId":"pre-fix","sessionId":"bd9af0","timestamp":1778058898141}
{"data":{"accessExpireSec":3600,"exp":1778062498,"iat":1778058898,"jwtDotCount":2,"tokenLen":143,"userId":5},"hypothesisId":"H1","location":"login_logic.go:Login","message":"issued login access token","runId":"pre-fix","sessionId":"bd9af0","timestamp":1778058898149}
{"data":{"accessExpireSec":3600,"exp":1778062498,"iat":1778058898,"jwtDotCount":2,"tokenLen":143,"userId":5},"hypothesisId":"H1","location":"login_logic.go:Login","message":"issued login access token","runId":"pre-fix","sessionId":"bd9af0","timestamp":1778058898156}
{"data":{"accessExpireSec":3600,"exp":1778062498,"iat":1778058898,"jwtDotCount":2,"tokenLen":143,"userId":5},"hypothesisId":"H1","location":"login_logic.go:Login","message":"issued login access token","runId":"pre-fix","sessionId":"bd9af0","timestamp":1778058898166}
{"data":{"accessExpireSec":3600,"exp":1778062498,"iat":1778058898,"jwtDotCount":2,"tokenLen":143,"userId":5},"hypothesisId":"H1","location":"login_logic.go:Login","message":"issued login access token","runId":"pre-fix","sessionId":"bd9af0","timestamp":1778058898168}
{"data":{"accessExpireSec":3600,"exp":1778062498,"iat":1778058898,"jwtDotCount":2,"tokenLen":143,"userId":5},"hypothesisId":"H1","location":"login_logic.go:Login","message":"issued login access token","runId":"pre-fix","sessionId":"bd9af0","timestamp":1778058898169}
{"data":{"accessExpireSec":3600,"exp":1778062498,"iat":1778058898,"jwtDotCount":2,"tokenLen":143,"userId":5},"hypothesisId":"H1","location":"login_logic.go:Login","message":"issued login access token","runId":"pre-fix","sessionId":"bd9af0","timestamp":1778058898170}
{"data":{"accessExpireSec":3600,"exp":1778062498,"iat":1778058898,"jwtDotCount":2,"tokenLen":143,"userId":5},"hypothesisId":"H1","location":"login_logic.go:Login","message":"issued login access token","runId":"pre-fix","sessionId":"bd9af0","timestamp":1778058898180}
{"data":{"accessExpireSec":3600,"exp":1778062498,"iat":1778058898,"jwtDotCount":2,"tokenLen":143,"userId":5},"hypothesisId":"H1","location":"login_logic.go:Login","message":"issued login access token","runId":"pre-fix","sessionId":"bd9af0","timestamp":1778058898197}
{"data":{"accessExpireSec":3600,"exp":1778062498,"iat":1778058898,"jwtDotCount":2,"tokenLen":143,"userId":5},"hypothesisId":"H1","location":"login_logic.go:Login","message":"issued login access token","runId":"pre-fix","sessionId":"bd9af0","timestamp":1778058898201}
{"data":{"accessExpireSec":3600,"exp":1778062498,"iat":1778058898,"jwtDotCount":2,"tokenLen":143,"userId":5},"hypothesisId":"H1","location":"login_logic.go:Login","message":"issued login access token","runId":"pre-fix","sessionId":"bd9af0","timestamp":1778058898203}
{"data":{"accessExpireSec":3600,"exp":1778062498,"iat":1778058898,"jwtDotCount":2,"tokenLen":143,"userId":5},"hypothesisId":"H1","location":"login_logic.go:Login","message":"issued login access token","runId":"pre-fix","sessionId":"bd9af0","timestamp":1778058898208}
{"data":{"accessExpireSec":3600,"exp":1778062498,"iat":1778058898,"jwtDotCount":2,"tokenLen":143,"userId":5},"hypothesisId":"H1","location":"login_logic.go:Login","message":"issued login access token","runId":"pre-fix","sessionId":"bd9af0","timestamp":1778058898215}
{"data":{"accessExpireSec":3600,"exp":1778062498,"iat":1778058898,"jwtDotCount":2,"tokenLen":143,"userId":5},"hypothesisId":"H1","location":"login_logic.go:Login","message":"issued login access token","runId":"pre-fix","sessionId":"bd9af0","timestamp":1778058898227}
{"data":{"accessExpireSec":3600,"exp":1778062498,"iat":1778058898,"jwtDotCount":2,"tokenLen":143,"userId":5},"hypothesisId":"H1","location":"login_logic.go:Login","message":"issued login access token","runId":"pre-fix","sessionId":"bd9af0","timestamp":1778058898228}
{"data":{"accessExpireSec":3600,"exp":1778062498,"iat":1778058898,"jwtDotCount":2,"tokenLen":143,"userId":5},"hypothesisId":"H1","location":"login_logic.go:Login","message":"issued login access token","runId":"pre-fix","sessionId":"bd9af0","timestamp":1778058898228}
{"data":{"accessExpireSec":3600,"exp":1778062498,"iat":1778058898,"jwtDotCount":2,"tokenLen":143,"userId":5},"hypothesisId":"H1","location":"login_logic.go:Login","message":"issued login access token","runId":"pre-fix","sessionId":"bd9af0","timestamp":1778058898228}
{"data":{"accessExpireSec":3600,"exp":1778062498,"iat":1778058898,"jwtDotCount":2,"tokenLen":143,"userId":5},"hypothesisId":"H1","location":"login_logic.go:Login","message":"issued login access token","runId":"pre-fix","sessionId":"bd9af0","timestamp":1778058898241}
{"data":{"accessExpireSec":3600,"exp":1778062498,"iat":1778058898,"jwtDotCount":2,"tokenLen":143,"userId":5},"hypothesisId":"H1","location":"login_logic.go:Login","message":"issued login access token","runId":"pre-fix","sessionId":"bd9af0","timestamp":1778058898256}
{"data":{"accessExpireSec":3600,"exp":1778062498,"iat":1778058898,"jwtDotCount":2,"tokenLen":143,"userId":5},"hypothesisId":"H1","location":"login_logic.go:Login","message":"issued login access token","runId":"pre-fix","sessionId":"bd9af0","timestamp":1778058898259}
{"data":{"accessExpireSec":3600,"exp":1778062498,"iat":1778058898,"jwtDotCount":2,"tokenLen":143,"userId":5},"hypothesisId":"H1","location":"login_logic.go:Login","message":"issued login access token","runId":"pre-fix","sessionId":"bd9af0","timestamp":1778058898261}
{"data":{"accessExpireSec":3600,"exp":1778062498,"iat":1778058898,"jwtDotCount":2,"tokenLen":143,"userId":5},"hypothesisId":"H1","location":"login_logic.go:Login","message":"issued login access token","runId":"pre-fix","sessionId":"bd9af0","timestamp":1778058898268}
{"data":{"accessExpireSec":3600,"exp":1778062498,"iat":1778058898,"jwtDotCount":2,"tokenLen":143,"userId":5},"hypothesisId":"H1","location":"login_logic.go:Login","message":"issued login access token","runId":"pre-fix","sessionId":"bd9af0","timestamp":1778058898273}
{"data":{"accessExpireSec":3600,"exp":1778062498,"iat":1778058898,"jwtDotCount":2,"tokenLen":143,"userId":5},"hypothesisId":"H1","location":"login_logic.go:Login","message":"issued login access token","runId":"pre-fix","sessionId":"bd9af0","timestamp":1778058898287}
{"data":{"accessExpireSec":3600,"exp":1778062498,"iat":1778058898,"jwtDotCount":2,"tokenLen":143,"userId":5},"hypothesisId":"H1","location":"login_logic.go:Login","message":"issued login access token","runId":"pre-fix","sessionId":"bd9af0","timestamp":1778058898288}
{"data":{"accessExpireSec":3600,"exp":1778062498,"iat":1778058898,"jwtDotCount":2,"tokenLen":143,"userId":5},"hypothesisId":"H1","location":"login_logic.go:Login","message":"issued login access token","runId":"pre-fix","sessionId":"bd9af0","timestamp":1778058898290}
{"data":{"accessExpireSec":3600,"exp":1778062498,"iat":1778058898,"jwtDotCount":2,"tokenLen":143,"userId":5},"hypothesisId":"H1","location":"login_logic.go:Login","message":"issued login access token","runId":"pre-fix","sessionId":"bd9af0","timestamp":1778058898290}
{"data":{"accessExpireSec":3600,"exp":1778062498,"iat":1778058898,"jwtDotCount":2,"tokenLen":143,"userId":5},"hypothesisId":"H1","location":"login_logic.go:Login","message":"issued login access token","runId":"pre-fix","sessionId":"bd9af0","timestamp":1778058898303}
{"data":{"accessExpireSec":3600,"exp":1778062498,"iat":1778058898,"jwtDotCount":2,"tokenLen":143,"userId":5},"hypothesisId":"H1","location":"login_logic.go:Login","message":"issued login access token","runId":"pre-fix","sessionId":"bd9af0","timestamp":1778058898317}
{"data":{"accessExpireSec":3600,"exp":1778062498,"iat":1778058898,"jwtDotCount":2,"tokenLen":143,"userId":5},"hypothesisId":"H1","location":"login_logic.go:Login","message":"issued login access token","runId":"pre-fix","sessionId":"bd9af0","timestamp":1778058898320}
{"data":{"accessExpireSec":3600,"exp":1778062498,"iat":1778058898,"jwtDotCount":2,"tokenLen":143,"userId":5},"hypothesisId":"H1","location":"login_logic.go:Login","message":"issued login access token","runId":"pre-fix","sessionId":"bd9af0","timestamp":1778058898322}
{"data":{"accessExpireSec":3600,"exp":1778062498,"iat":1778058898,"jwtDotCount":2,"tokenLen":143,"userId":5},"hypothesisId":"H1","location":"login_logic.go:Login","message":"issued login access token","runId":"pre-fix","sessionId":"bd9af0","timestamp":1778058898335}
{"data":{"accessExpireSec":3600,"exp":1778062498,"iat":1778058898,"jwtDotCount":2,"tokenLen":143,"userId":5},"hypothesisId":"H1","location":"login_logic.go:Login","message":"issued login access token","runId":"pre-fix","sessionId":"bd9af0","timestamp":1778058898342}
{"data":{"accessExpireSec":3600,"exp":1778062498,"iat":1778058898,"jwtDotCount":2,"tokenLen":143,"userId":5},"hypothesisId":"H1","location":"login_logic.go:Login","message":"issued login access token","runId":"pre-fix","sessionId":"bd9af0","timestamp":1778058898355}
{"data":{"accessExpireSec":3600,"exp":1778062498,"iat":1778058898,"jwtDotCount":2,"tokenLen":143,"userId":5},"hypothesisId":"H1","location":"login_logic.go:Login","message":"issued login access token","runId":"pre-fix","sessionId":"bd9af0","timestamp":1778058898355}
{"data":{"accessExpireSec":3600,"exp":1778062498,"iat":1778058898,"jwtDotCount":2,"tokenLen":143,"userId":5},"hypothesisId":"H1","location":"login_logic.go:Login","message":"issued login access token","runId":"pre-fix","sessionId":"bd9af0","timestamp":1778058898356}
{"data":{"accessExpireSec":3600,"exp":1778062498,"iat":1778058898,"jwtDotCount":2,"tokenLen":143,"userId":5},"hypothesisId":"H1","location":"login_logic.go:Login","message":"issued login access token","runId":"pre-fix","sessionId":"bd9af0","timestamp":1778058898358}
{"data":{"accessExpireSec":3600,"exp":1778062498,"iat":1778058898,"jwtDotCount":2,"tokenLen":143,"userId":5},"hypothesisId":"H1","location":"login_logic.go:Login","message":"issued login access token","runId":"pre-fix","sessionId":"bd9af0","timestamp":1778058898370}
{"data":{"accessExpireSec":3600,"exp":1778062498,"iat":1778058898,"jwtDotCount":2,"tokenLen":143,"userId":5},"hypothesisId":"H1","location":"login_logic.go:Login","message":"issued login access token","runId":"pre-fix","sessionId":"bd9af0","timestamp":1778058898383}
{"data":{"accessExpireSec":3600,"exp":1778062498,"iat":1778058898,"jwtDotCount":2,"tokenLen":143,"userId":5},"hypothesisId":"H1","location":"login_logic.go:Login","message":"issued login access token","runId":"pre-fix","sessionId":"bd9af0","timestamp":1778058898385}
{"data":{"accessExpireSec":3600,"exp":1778062498,"iat":1778058898,"jwtDotCount":2,"tokenLen":143,"userId":5},"hypothesisId":"H1","location":"login_logic.go:Login","message":"issued login access token","runId":"pre-fix","sessionId":"bd9af0","timestamp":1778058898387}
{"data":{"accessExpireSec":3600,"exp":1778062498,"iat":1778058898,"jwtDotCount":2,"tokenLen":143,"userId":5},"hypothesisId":"H1","location":"login_logic.go:Login","message":"issued login access token","runId":"pre-fix","sessionId":"bd9af0","timestamp":1778058898394}
{"data":{"accessExpireSec":3600,"exp":1778062498,"iat":1778058898,"jwtDotCount":2,"tokenLen":143,"userId":5},"hypothesisId":"H1","location":"login_logic.go:Login","message":"issued login access token","runId":"pre-fix","sessionId":"bd9af0","timestamp":1778058898402}
{"data":{"accessExpireSec":3600,"exp":1778062498,"iat":1778058898,"jwtDotCount":2,"tokenLen":143,"userId":5},"hypothesisId":"H1","location":"login_logic.go:Login","message":"issued login access token","runId":"pre-fix","sessionId":"bd9af0","timestamp":1778058898415}
{"data":{"accessExpireSec":3600,"exp":1778062498,"iat":1778058898,"jwtDotCount":2,"tokenLen":143,"userId":5},"hypothesisId":"H1","location":"login_logic.go:Login","message":"issued login access token","runId":"pre-fix","sessionId":"bd9af0","timestamp":1778058898415}
{"data":{"accessExpireSec":3600,"exp":1778062498,"iat":1778058898,"jwtDotCount":2,"tokenLen":143,"userId":5},"hypothesisId":"H1","location":"login_logic.go:Login","message":"issued login access token","runId":"pre-fix","sessionId":"bd9af0","timestamp":1778058898416}
{"data":{"accessExpireSec":3600,"exp":1778062498,"iat":1778058898,"jwtDotCount":2,"tokenLen":143,"userId":5},"hypothesisId":"H1","location":"login_logic.go:Login","message":"issued login access token","runId":"pre-fix","sessionId":"bd9af0","timestamp":1778058898416}
{"data":{"accessExpireSec":3600,"exp":1778062498,"iat":1778058898,"jwtDotCount":2,"tokenLen":143,"userId":5},"hypothesisId":"H1","location":"login_logic.go:Login","message":"issued login access token","runId":"pre-fix","sessionId":"bd9af0","timestamp":1778058898430}
{"data":{"accessExpireSec":3600,"exp":1778062498,"iat":1778058898,"jwtDotCount":2,"tokenLen":143,"userId":5},"hypothesisId":"H1","location":"login_logic.go:Login","message":"issued login access token","runId":"pre-fix","sessionId":"bd9af0","timestamp":1778058898442}
{"data":{"accessExpireSec":3600,"exp":1778062498,"iat":1778058898,"jwtDotCount":2,"tokenLen":143,"userId":5},"hypothesisId":"H1","location":"login_logic.go:Login","message":"issued login access token","runId":"pre-fix","sessionId":"bd9af0","timestamp":1778058898444}
{"data":{"accessExpireSec":3600,"exp":1778062498,"iat":1778058898,"jwtDotCount":2,"tokenLen":143,"userId":5},"hypothesisId":"H1","location":"login_logic.go:Login","message":"issued login access token","runId":"pre-fix","sessionId":"bd9af0","timestamp":1778058898445}
{"data":{"accessExpireSec":3600,"exp":1778062498,"iat":1778058898,"jwtDotCount":2,"tokenLen":143,"userId":5},"hypothesisId":"H1","location":"login_logic.go:Login","message":"issued login access token","runId":"pre-fix","sessionId":"bd9af0","timestamp":1778058898455}
{"data":{"accessExpireSec":3600,"exp":1778062498,"iat":1778058898,"jwtDotCount":2,"tokenLen":143,"userId":5},"hypothesisId":"H1","location":"login_logic.go:Login","message":"issued login access token","runId":"pre-fix","sessionId":"bd9af0","timestamp":1778058898461}
{"data":{"accessExpireSec":3600,"exp":1778062498,"iat":1778058898,"jwtDotCount":2,"tokenLen":143,"userId":5},"hypothesisId":"H1","location":"login_logic.go:Login","message":"issued login access token","runId":"pre-fix","sessionId":"bd9af0","timestamp":1778058898476}
{"data":{"accessExpireSec":3600,"exp":1778062498,"iat":1778058898,"jwtDotCount":2,"tokenLen":143,"userId":5},"hypothesisId":"H1","location":"login_logic.go:Login","message":"issued login access token","runId":"pre-fix","sessionId":"bd9af0","timestamp":1778058898476}
{"data":{"accessExpireSec":3600,"exp":1778062498,"iat":1778058898,"jwtDotCount":2,"tokenLen":143,"userId":5},"hypothesisId":"H1","location":"login_logic.go:Login","message":"issued login access token","runId":"pre-fix","sessionId":"bd9af0","timestamp":1778058898476}
{"data":{"accessExpireSec":3600,"exp":1778062498,"iat":1778058898,"jwtDotCount":2,"tokenLen":143,"userId":5},"hypothesisId":"H1","location":"login_logic.go:Login","message":"issued login access token","runId":"pre-fix","sessionId":"bd9af0","timestamp":1778058898491}
{"data":{"accessExpireSec":3600,"exp":1778062498,"iat":1778058898,"jwtDotCount":2,"tokenLen":143,"userId":5},"hypothesisId":"H1","location":"login_logic.go:Login","message":"issued login access token","runId":"pre-fix","sessionId":"bd9af0","timestamp":1778058898501}
{"data":{"accessExpireSec":3600,"exp":1778062498,"iat":1778058898,"jwtDotCount":2,"tokenLen":143,"userId":5},"hypothesisId":"H1","location":"login_logic.go:Login","message":"issued login access token","runId":"pre-fix","sessionId":"bd9af0","timestamp":1778058898501}
{"data":{"accessExpireSec":3600,"exp":1778062498,"iat":1778058898,"jwtDotCount":2,"tokenLen":143,"userId":5},"hypothesisId":"H1","location":"login_logic.go:Login","message":"issued login access token","runId":"pre-fix","sessionId":"bd9af0","timestamp":1778058898505}
{"data":{"accessExpireSec":3600,"exp":1778062498,"iat":1778058898,"jwtDotCount":2,"tokenLen":143,"userId":5},"hypothesisId":"H1","location":"login_logic.go:Login","message":"issued login access token","runId":"pre-fix","sessionId":"bd9af0","timestamp":1778058898514}
{"data":{"accessExpireSec":3600,"exp":1778062498,"iat":1778058898,"jwtDotCount":2,"tokenLen":143,"userId":5},"hypothesisId":"H1","location":"login_logic.go:Login","message":"issued login access token","runId":"pre-fix","sessionId":"bd9af0","timestamp":1778058898520}
{"data":{"accessExpireSec":3600,"exp":1778062498,"iat":1778058898,"jwtDotCount":2,"tokenLen":143,"userId":5},"hypothesisId":"H1","location":"login_logic.go:Login","message":"issued login access token","runId":"pre-fix","sessionId":"bd9af0","timestamp":1778058898536}
{"data":{"accessExpireSec":3600,"exp":1778062498,"iat":1778058898,"jwtDotCount":2,"tokenLen":143,"userId":5},"hypothesisId":"H1","location":"login_logic.go:Login","message":"issued login access token","runId":"pre-fix","sessionId":"bd9af0","timestamp":1778058898537}
{"data":{"accessExpireSec":3600,"exp":1778062498,"iat":1778058898,"jwtDotCount":2,"tokenLen":143,"userId":5},"hypothesisId":"H1","location":"login_logic.go:Login","message":"issued login access token","runId":"pre-fix","sessionId":"bd9af0","timestamp":1778058898540}
{"data":{"accessExpireSec":3600,"exp":1778062498,"iat":1778058898,"jwtDotCount":2,"tokenLen":143,"userId":5},"hypothesisId":"H1","location":"login_logic.go:Login","message":"issued login access token","runId":"pre-fix","sessionId":"bd9af0","timestamp":1778058898546}
{"data":{"accessExpireSec":3600,"exp":1778062498,"iat":1778058898,"jwtDotCount":2,"tokenLen":143,"userId":5},"hypothesisId":"H1","location":"login_logic.go:Login","message":"issued login access token","runId":"pre-fix","sessionId":"bd9af0","timestamp":1778058898551}
{"data":{"accessExpireSec":3600,"exp":1778062498,"iat":1778058898,"jwtDotCount":2,"tokenLen":143,"userId":5},"hypothesisId":"H1","location":"login_logic.go:Login","message":"issued login access token","runId":"pre-fix","sessionId":"bd9af0","timestamp":1778058898561}
{"data":{"accessExpireSec":3600,"exp":1778062498,"iat":1778058898,"jwtDotCount":2,"tokenLen":143,"userId":5},"hypothesisId":"H1","location":"login_logic.go:Login","message":"issued login access token","runId":"pre-fix","sessionId":"bd9af0","timestamp":1778058898562}
{"data":{"accessExpireSec":3600,"exp":1778062498,"iat":1778058898,"jwtDotCount":2,"tokenLen":143,"userId":5},"hypothesisId":"H1","location":"login_logic.go:Login","message":"issued login access token","runId":"pre-fix","sessionId":"bd9af0","timestamp":1778058898562}
{"data":{"accessExpireSec":3600,"exp":1778062498,"iat":1778058898,"jwtDotCount":2,"tokenLen":143,"userId":5},"hypothesisId":"H1","location":"login_logic.go:Login","message":"issued login access token","runId":"pre-fix","sessionId":"bd9af0","timestamp":1778058898573}
{"data":{"accessExpireSec":3600,"exp":1778062498,"iat":1778058898,"jwtDotCount":2,"tokenLen":143,"userId":5},"hypothesisId":"H1","location":"login_logic.go:Login","message":"issued login access token","runId":"pre-fix","sessionId":"bd9af0","timestamp":1778058898577}
{"data":{"accessExpireSec":3600,"exp":1778062498,"iat":1778058898,"jwtDotCount":2,"tokenLen":143,"userId":5},"hypothesisId":"H1","location":"login_logic.go:Login","message":"issued login access token","runId":"pre-fix","sessionId":"bd9af0","timestamp":1778058898594}
{"data":{"accessExpireSec":3600,"exp":1778062498,"iat":1778058898,"jwtDotCount":2,"tokenLen":143,"userId":5},"hypothesisId":"H1","location":"login_logic.go:Login","message":"issued login access token","runId":"pre-fix","sessionId":"bd9af0","timestamp":1778058898595}
{"data":{"accessExpireSec":3600,"exp":1778062498,"iat":1778058898,"jwtDotCount":2,"tokenLen":143,"userId":5},"hypothesisId":"H1","location":"login_logic.go:Login","message":"issued login access token","runId":"pre-fix","sessionId":"bd9af0","timestamp":1778058898599}
{"data":{"accessExpireSec":3600,"exp":1778062498,"iat":1778058898,"jwtDotCount":2,"tokenLen":143,"userId":5},"hypothesisId":"H1","location":"login_logic.go:Login","message":"issued login access token","runId":"pre-fix","sessionId":"bd9af0","timestamp":1778058898603}
{"data":{"accessExpireSec":3600,"exp":1778062498,"iat":1778058898,"jwtDotCount":2,"tokenLen":143,"userId":5},"hypothesisId":"H1","location":"login_logic.go:Login","message":"issued login access token","runId":"pre-fix","sessionId":"bd9af0","timestamp":1778058898609}
{"data":{"accessExpireSec":3600,"exp":1778062498,"iat":1778058898,"jwtDotCount":2,"tokenLen":143,"userId":5},"hypothesisId":"H1","location":"login_logic.go:Login","message":"issued login access token","runId":"pre-fix","sessionId":"bd9af0","timestamp":1778058898619}
{"data":{"accessExpireSec":3600,"exp":1778062498,"iat":1778058898,"jwtDotCount":2,"tokenLen":143,"userId":5},"hypothesisId":"H1","location":"login_logic.go:Login","message":"issued login access token","runId":"pre-fix","sessionId":"bd9af0","timestamp":1778058898620}
{"data":{"accessExpireSec":3600,"exp":1778062498,"iat":1778058898,"jwtDotCount":2,"tokenLen":143,"userId":5},"hypothesisId":"H1","location":"login_logic.go:Login","message":"issued login access token","runId":"pre-fix","sessionId":"bd9af0","timestamp":1778058898621}
{"data":{"accessExpireSec":3600,"exp":1778062498,"iat":1778058898,"jwtDotCount":2,"tokenLen":143,"userId":5},"hypothesisId":"H1","location":"login_logic.go:Login","message":"issued login access token","runId":"pre-fix","sessionId":"bd9af0","timestamp":1778058898631}
{"data":{"accessExpireSec":3600,"exp":1778062498,"iat":1778058898,"jwtDotCount":2,"tokenLen":143,"userId":5},"hypothesisId":"H1","location":"login_logic.go:Login","message":"issued login access token","runId":"pre-fix","sessionId":"bd9af0","timestamp":1778058898634}
{"data":{"accessExpireSec":3600,"exp":1778062498,"iat":1778058898,"jwtDotCount":2,"tokenLen":143,"userId":5},"hypothesisId":"H1","location":"login_logic.go:Login","message":"issued login access token","runId":"pre-fix","sessionId":"bd9af0","timestamp":1778058898653}
{"data":{"accessExpireSec":3600,"exp":1778062498,"iat":1778058898,"jwtDotCount":2,"tokenLen":143,"userId":5},"hypothesisId":"H1","location":"login_logic.go:Login","message":"issued login access token","runId":"pre-fix","sessionId":"bd9af0","timestamp":1778058898653}
{"data":{"accessExpireSec":3600,"exp":1778062498,"iat":1778058898,"jwtDotCount":2,"tokenLen":143,"userId":5},"hypothesisId":"H1","location":"login_logic.go:Login","message":"issued login access token","runId":"pre-fix","sessionId":"bd9af0","timestamp":1778058898657}
{"data":{"accessExpireSec":3600,"exp":1778062498,"iat":1778058898,"jwtDotCount":2,"tokenLen":143,"userId":5},"hypothesisId":"H1","location":"login_logic.go:Login","message":"issued login access token","runId":"pre-fix","sessionId":"bd9af0","timestamp":1778058898664}
{"data":{"accessExpireSec":3600,"exp":1778062498,"iat":1778058898,"jwtDotCount":2,"tokenLen":143,"userId":5},"hypothesisId":"H1","location":"login_logic.go:Login","message":"issued login access token","runId":"pre-fix","sessionId":"bd9af0","timestamp":1778058898670}
{"data":{"accessExpireSec":3600,"exp":1778062498,"iat":1778058898,"jwtDotCount":2,"tokenLen":143,"userId":5},"hypothesisId":"H1","location":"login_logic.go:Login","message":"issued login access token","runId":"pre-fix","sessionId":"bd9af0","timestamp":1778058898680}
{"data":{"accessExpireSec":3600,"exp":1778062498,"iat":1778058898,"jwtDotCount":2,"tokenLen":143,"userId":5},"hypothesisId":"H1","location":"login_logic.go:Login","message":"issued login access token","runId":"pre-fix","sessionId":"bd9af0","timestamp":1778058898680}
{"data":{"accessExpireSec":3600,"exp":1778062498,"iat":1778058898,"jwtDotCount":2,"tokenLen":143,"userId":5},"hypothesisId":"H1","location":"login_logic.go:Login","message":"issued login access token","runId":"pre-fix","sessionId":"bd9af0","timestamp":1778058898680}
{"data":{"accessExpireSec":3600,"exp":1778062498,"iat":1778058898,"jwtDotCount":2,"tokenLen":143,"userId":5},"hypothesisId":"H1","location":"login_logic.go:Login","message":"issued login access token","runId":"pre-fix","sessionId":"bd9af0","timestamp":1778058898690}
{"data":{"accessExpireSec":3600,"exp":1778062498,"iat":1778058898,"jwtDotCount":2,"tokenLen":143,"userId":5},"hypothesisId":"H1","location":"login_logic.go:Login","message":"issued login access token","runId":"pre-fix","sessionId":"bd9af0","timestamp":1778058898694}
{"data":{"accessExpireSec":3600,"exp":1778062498,"iat":1778058898,"jwtDotCount":2,"tokenLen":143,"userId":5},"hypothesisId":"H1","location":"login_logic.go:Login","message":"issued login access token","runId":"pre-fix","sessionId":"bd9af0","timestamp":1778058898713}
{"data":{"accessExpireSec":3600,"exp":1778062498,"iat":1778058898,"jwtDotCount":2,"tokenLen":143,"userId":5},"hypothesisId":"H1","location":"login_logic.go:Login","message":"issued login access token","runId":"pre-fix","sessionId":"bd9af0","timestamp":1778058898714}
{"data":{"accessExpireSec":3600,"exp":1778062498,"iat":1778058898,"jwtDotCount":2,"tokenLen":143,"userId":5},"hypothesisId":"H1","location":"login_logic.go:Login","message":"issued login access token","runId":"pre-fix","sessionId":"bd9af0","timestamp":1778058898714}
{"data":{"accessExpireSec":3600,"exp":1778062498,"iat":1778058898,"jwtDotCount":2,"tokenLen":143,"userId":5},"hypothesisId":"H1","location":"login_logic.go:Login","message":"issued login access token","runId":"pre-fix","sessionId":"bd9af0","timestamp":1778058898722}
{"data":{"accessExpireSec":3600,"exp":1778062498,"iat":1778058898,"jwtDotCount":2,"tokenLen":143,"userId":5},"hypothesisId":"H1","location":"login_logic.go:Login","message":"issued login access token","runId":"pre-fix","sessionId":"bd9af0","timestamp":1778058898730}
{"data":{"accessExpireSec":3600,"exp":1778062498,"iat":1778058898,"jwtDotCount":2,"tokenLen":143,"userId":5},"hypothesisId":"H1","location":"login_logic.go:Login","message":"issued login access token","runId":"pre-fix","sessionId":"bd9af0","timestamp":1778058898738}
{"data":{"accessExpireSec":3600,"exp":1778062498,"iat":1778058898,"jwtDotCount":2,"tokenLen":143,"userId":5},"hypothesisId":"H1","location":"login_logic.go:Login","message":"issued login access token","runId":"pre-fix","sessionId":"bd9af0","timestamp":1778058898738}
{"data":{"accessExpireSec":3600,"exp":1778062498,"iat":1778058898,"jwtDotCount":2,"tokenLen":143,"userId":5},"hypothesisId":"H1","location":"login_logic.go:Login","message":"issued login access token","runId":"pre-fix","sessionId":"bd9af0","timestamp":1778058898738}
{"data":{"accessExpireSec":3600,"exp":1778062498,"iat":1778058898,"jwtDotCount":2,"tokenLen":143,"userId":5},"hypothesisId":"H1","location":"login_logic.go:Login","message":"issued login access token","runId":"pre-fix","sessionId":"bd9af0","timestamp":1778058898748}
{"data":{"accessExpireSec":3600,"exp":1778062498,"iat":1778058898,"jwtDotCount":2,"tokenLen":143,"userId":5},"hypothesisId":"H1","location":"login_logic.go:Login","message":"issued login access token","runId":"pre-fix","sessionId":"bd9af0","timestamp":1778058898752}
{"data":{"accessExpireSec":3600,"exp":1778062498,"iat":1778058898,"jwtDotCount":2,"tokenLen":143,"userId":5},"hypothesisId":"H1","location":"login_logic.go:Login","message":"issued login access token","runId":"pre-fix","sessionId":"bd9af0","timestamp":1778058898773}
{"data":{"accessExpireSec":3600,"exp":1778062498,"iat":1778058898,"jwtDotCount":2,"tokenLen":143,"userId":5},"hypothesisId":"H1","location":"login_logic.go:Login","message":"issued login access token","runId":"pre-fix","sessionId":"bd9af0","timestamp":1778058898773}
{"data":{"accessExpireSec":3600,"exp":1778062498,"iat":1778058898,"jwtDotCount":2,"tokenLen":143,"userId":5},"hypothesisId":"H1","location":"login_logic.go:Login","message":"issued login access token","runId":"pre-fix","sessionId":"bd9af0","timestamp":1778058898775}
{"data":{"accessExpireSec":3600,"exp":1778062498,"iat":1778058898,"jwtDotCount":2,"tokenLen":143,"userId":5},"hypothesisId":"H1","location":"login_logic.go:Login","message":"issued login access token","runId":"pre-fix","sessionId":"bd9af0","timestamp":1778058898779}
{"data":{"accessExpireSec":3600,"exp":1778062498,"iat":1778058898,"jwtDotCount":2,"tokenLen":143,"userId":5},"hypothesisId":"H1","location":"login_logic.go:Login","message":"issued login access token","runId":"pre-fix","sessionId":"bd9af0","timestamp":1778058898789}
{"data":{"accessExpireSec":3600,"exp":1778062498,"iat":1778058898,"jwtDotCount":2,"tokenLen":143,"userId":5},"hypothesisId":"H1","location":"login_logic.go:Login","message":"issued login access token","runId":"pre-fix","sessionId":"bd9af0","timestamp":1778058898798}
{"data":{"accessExpireSec":3600,"exp":1778062498,"iat":1778058898,"jwtDotCount":2,"tokenLen":143,"userId":5},"hypothesisId":"H1","location":"login_logic.go:Login","message":"issued login access token","runId":"pre-fix","sessionId":"bd9af0","timestamp":1778058898798}
{"data":{"accessExpireSec":3600,"exp":1778062498,"iat":1778058898,"jwtDotCount":2,"tokenLen":143,"userId":5},"hypothesisId":"H1","location":"login_logic.go:Login","message":"issued login access token","runId":"pre-fix","sessionId":"bd9af0","timestamp":1778058898798}
{"data":{"accessExpireSec":3600,"exp":1778062498,"iat":1778058898,"jwtDotCount":2,"tokenLen":143,"userId":5},"hypothesisId":"H1","location":"login_logic.go:Login","message":"issued login access token","runId":"pre-fix","sessionId":"bd9af0","timestamp":1778058898806}
{"data":{"accessExpireSec":3600,"exp":1778062498,"iat":1778058898,"jwtDotCount":2,"tokenLen":143,"userId":5},"hypothesisId":"H1","location":"login_logic.go:Login","message":"issued login access token","runId":"pre-fix","sessionId":"bd9af0","timestamp":1778058898811}
{"data":{"accessExpireSec":3600,"exp":1778062498,"iat":1778058898,"jwtDotCount":2,"tokenLen":143,"userId":5},"hypothesisId":"H1","location":"login_logic.go:Login","message":"issued login access token","runId":"pre-fix","sessionId":"bd9af0","timestamp":1778058898833}
{"data":{"accessExpireSec":3600,"exp":1778062498,"iat":1778058898,"jwtDotCount":2,"tokenLen":143,"userId":5},"hypothesisId":"H1","location":"login_logic.go:Login","message":"issued login access token","runId":"pre-fix","sessionId":"bd9af0","timestamp":1778058898834}
{"data":{"accessExpireSec":3600,"exp":1778062498,"iat":1778058898,"jwtDotCount":2,"tokenLen":143,"userId":5},"hypothesisId":"H1","location":"login_logic.go:Login","message":"issued login access token","runId":"pre-fix","sessionId":"bd9af0","timestamp":1778058898834}
{"data":{"accessExpireSec":3600,"exp":1778062498,"iat":1778058898,"jwtDotCount":2,"tokenLen":143,"userId":5},"hypothesisId":"H1","location":"login_logic.go:Login","message":"issued login access token","runId":"pre-fix","sessionId":"bd9af0","timestamp":1778058898837}
{"data":{"accessExpireSec":3600,"exp":1778062498,"iat":1778058898,"jwtDotCount":2,"tokenLen":143,"userId":5},"hypothesisId":"H1","location":"login_logic.go:Login","message":"issued login access token","runId":"pre-fix","sessionId":"bd9af0","timestamp":1778058898848}
{"data":{"accessExpireSec":3600,"exp":1778062498,"iat":1778058898,"jwtDotCount":2,"tokenLen":143,"userId":5},"hypothesisId":"H1","location":"login_logic.go:Login","message":"issued login access token","runId":"pre-fix","sessionId":"bd9af0","timestamp":1778058898859}
{"data":{"accessExpireSec":3600,"exp":1778062498,"iat":1778058898,"jwtDotCount":2,"tokenLen":143,"userId":5},"hypothesisId":"H1","location":"login_logic.go:Login","message":"issued login access token","runId":"pre-fix","sessionId":"bd9af0","timestamp":1778058898859}
{"data":{"accessExpireSec":3600,"exp":1778062498,"iat":1778058898,"jwtDotCount":2,"tokenLen":143,"userId":5},"hypothesisId":"H1","location":"login_logic.go:Login","message":"issued login access token","runId":"pre-fix","sessionId":"bd9af0","timestamp":1778058898859}
{"data":{"accessExpireSec":3600,"exp":1778062498,"iat":1778058898,"jwtDotCount":2,"tokenLen":143,"userId":5},"hypothesisId":"H1","location":"login_logic.go:Login","message":"issued login access token","runId":"pre-fix","sessionId":"bd9af0","timestamp":1778058898869}
{"data":{"accessExpireSec":3600,"exp":1778062498,"iat":1778058898,"jwtDotCount":2,"tokenLen":143,"userId":5},"hypothesisId":"H1","location":"login_logic.go:Login","message":"issued login access token","runId":"pre-fix","sessionId":"bd9af0","timestamp":1778058898872}
{"data":{"accessExpireSec":3600,"exp":1778062498,"iat":1778058898,"jwtDotCount":2,"tokenLen":143,"userId":5},"hypothesisId":"H1","location":"login_logic.go:Login","message":"issued login access token","runId":"pre-fix","sessionId":"bd9af0","timestamp":1778058898894}
{"data":{"accessExpireSec":3600,"exp":1778062498,"iat":1778058898,"jwtDotCount":2,"tokenLen":143,"userId":5},"hypothesisId":"H1","location":"login_logic.go:Login","message":"issued login access token","runId":"pre-fix","sessionId":"bd9af0","timestamp":1778058898894}
{"data":{"accessExpireSec":3600,"exp":1778062498,"iat":1778058898,"jwtDotCount":2,"tokenLen":143,"userId":5},"hypothesisId":"H1","location":"login_logic.go:Login","message":"issued login access token","runId":"pre-fix","sessionId":"bd9af0","timestamp":1778058898894}
{"data":{"accessExpireSec":3600,"exp":1778062498,"iat":1778058898,"jwtDotCount":2,"tokenLen":143,"userId":5},"hypothesisId":"H1","location":"login_logic.go:Login","message":"issued login access token","runId":"pre-fix","sessionId":"bd9af0","timestamp":1778058898896}
{"data":{"accessExpireSec":3600,"exp":1778062498,"iat":1778058898,"jwtDotCount":2,"tokenLen":143,"userId":5},"hypothesisId":"H1","location":"login_logic.go:Login","message":"issued login access token","runId":"pre-fix","sessionId":"bd9af0","timestamp":1778058898906}
{"data":{"accessExpireSec":3600,"exp":1778062498,"iat":1778058898,"jwtDotCount":2,"tokenLen":143,"userId":5},"hypothesisId":"H1","location":"login_logic.go:Login","message":"issued login access token","runId":"pre-fix","sessionId":"bd9af0","timestamp":1778058898920}
{"data":{"accessExpireSec":3600,"exp":1778062498,"iat":1778058898,"jwtDotCount":2,"tokenLen":143,"userId":5},"hypothesisId":"H1","location":"login_logic.go:Login","message":"issued login access token","runId":"pre-fix","sessionId":"bd9af0","timestamp":1778058898921}
{"data":{"accessExpireSec":3600,"exp":1778062498,"iat":1778058898,"jwtDotCount":2,"tokenLen":143,"userId":5},"hypothesisId":"H1","location":"login_logic.go:Login","message":"issued login access token","runId":"pre-fix","sessionId":"bd9af0","timestamp":1778058898922}
{"data":{"accessExpireSec":3600,"exp":1778062498,"iat":1778058898,"jwtDotCount":2,"tokenLen":143,"userId":5},"hypothesisId":"H1","location":"login_logic.go:Login","message":"issued login access token","runId":"pre-fix","sessionId":"bd9af0","timestamp":1778058898926}
{"data":{"accessExpireSec":3600,"exp":1778062498,"iat":1778058898,"jwtDotCount":2,"tokenLen":143,"userId":5},"hypothesisId":"H1","location":"login_logic.go:Login","message":"issued login access token","runId":"pre-fix","sessionId":"bd9af0","timestamp":1778058898931}
{"data":{"accessExpireSec":3600,"exp":1778062498,"iat":1778058898,"jwtDotCount":2,"tokenLen":143,"userId":5},"hypothesisId":"H1","location":"login_logic.go:Login","message":"issued login access token","runId":"pre-fix","sessionId":"bd9af0","timestamp":1778058898952}
{"data":{"accessExpireSec":3600,"exp":1778062498,"iat":1778058898,"jwtDotCount":2,"tokenLen":143,"userId":5},"hypothesisId":"H1","location":"login_logic.go:Login","message":"issued login access token","runId":"pre-fix","sessionId":"bd9af0","timestamp":1778058898952}
{"data":{"accessExpireSec":3600,"exp":1778062498,"iat":1778058898,"jwtDotCount":2,"tokenLen":143,"userId":5},"hypothesisId":"H1","location":"login_logic.go:Login","message":"issued login access token","runId":"pre-fix","sessionId":"bd9af0","timestamp":1778058898954}
{"data":{"accessExpireSec":3600,"exp":1778062498,"iat":1778058898,"jwtDotCount":2,"tokenLen":143,"userId":5},"hypothesisId":"H1","location":"login_logic.go:Login","message":"issued login access token","runId":"pre-fix","sessionId":"bd9af0","timestamp":1778058898955}
{"data":{"accessExpireSec":3600,"exp":1778062498,"iat":1778058898,"jwtDotCount":2,"tokenLen":143,"userId":5},"hypothesisId":"H1","location":"login_logic.go:Login","message":"issued login access token","runId":"pre-fix","sessionId":"bd9af0","timestamp":1778058898964}
{"data":{"accessExpireSec":3600,"exp":1778062498,"iat":1778058898,"jwtDotCount":2,"tokenLen":143,"userId":5},"hypothesisId":"H1","location":"login_logic.go:Login","message":"issued login access token","runId":"pre-fix","sessionId":"bd9af0","timestamp":1778058898980}
{"data":{"accessExpireSec":3600,"exp":1778062498,"iat":1778058898,"jwtDotCount":2,"tokenLen":143,"userId":5},"hypothesisId":"H1","location":"login_logic.go:Login","message":"issued login access token","runId":"pre-fix","sessionId":"bd9af0","timestamp":1778058898980}
{"data":{"accessExpireSec":3600,"exp":1778062498,"iat":1778058898,"jwtDotCount":2,"tokenLen":143,"userId":5},"hypothesisId":"H1","location":"login_logic.go:Login","message":"issued login access token","runId":"pre-fix","sessionId":"bd9af0","timestamp":1778058898981}
{"data":{"accessExpireSec":3600,"exp":1778062498,"iat":1778058898,"jwtDotCount":2,"tokenLen":143,"userId":5},"hypothesisId":"H1","location":"login_logic.go:Login","message":"issued login access token","runId":"pre-fix","sessionId":"bd9af0","timestamp":1778058898985}
{"data":{"accessExpireSec":3600,"exp":1778062498,"iat":1778058898,"jwtDotCount":2,"tokenLen":143,"userId":5},"hypothesisId":"H1","location":"login_logic.go:Login","message":"issued login access token","runId":"pre-fix","sessionId":"bd9af0","timestamp":1778058898990}
{"data":{"accessExpireSec":3600,"exp":1778062499,"iat":1778058899,"jwtDotCount":2,"tokenLen":143,"userId":5},"hypothesisId":"H1","location":"login_logic.go:Login","message":"issued login access token","runId":"pre-fix","sessionId":"bd9af0","timestamp":1778058899011}
{"data":{"accessExpireSec":3600,"exp":1778062499,"iat":1778058899,"jwtDotCount":2,"tokenLen":143,"userId":5},"hypothesisId":"H1","location":"login_logic.go:Login","message":"issued login access token","runId":"pre-fix","sessionId":"bd9af0","timestamp":1778058899011}
{"data":{"accessExpireSec":3600,"exp":1778062499,"iat":1778058899,"jwtDotCount":2,"tokenLen":143,"userId":5},"hypothesisId":"H1","location":"login_logic.go:Login","message":"issued login access token","runId":"pre-fix","sessionId":"bd9af0","timestamp":1778058899013}
{"data":{"accessExpireSec":3600,"exp":1778062499,"iat":1778058899,"jwtDotCount":2,"tokenLen":143,"userId":5},"hypothesisId":"H1","location":"login_logic.go:Login","message":"issued login access token","runId":"pre-fix","sessionId":"bd9af0","timestamp":1778058899013}
{"data":{"accessExpireSec":3600,"exp":1778062499,"iat":1778058899,"jwtDotCount":2,"tokenLen":143,"userId":5},"hypothesisId":"H1","location":"login_logic.go:Login","message":"issued login access token","runId":"pre-fix","sessionId":"bd9af0","timestamp":1778058899022}
{"data":{"accessExpireSec":3600,"exp":1778062499,"iat":1778058899,"jwtDotCount":2,"tokenLen":143,"userId":5},"hypothesisId":"H1","location":"login_logic.go:Login","message":"issued login access token","runId":"pre-fix","sessionId":"bd9af0","timestamp":1778058899039}
{"data":{"accessExpireSec":3600,"exp":1778062499,"iat":1778058899,"jwtDotCount":2,"tokenLen":143,"userId":5},"hypothesisId":"H1","location":"login_logic.go:Login","message":"issued login access token","runId":"pre-fix","sessionId":"bd9af0","timestamp":1778058899040}
{"data":{"accessExpireSec":3600,"exp":1778062499,"iat":1778058899,"jwtDotCount":2,"tokenLen":143,"userId":5},"hypothesisId":"H1","location":"login_logic.go:Login","message":"issued login access token","runId":"pre-fix","sessionId":"bd9af0","timestamp":1778058899041}
{"data":{"accessExpireSec":3600,"exp":1778062499,"iat":1778058899,"jwtDotCount":2,"tokenLen":143,"userId":5},"hypothesisId":"H1","location":"login_logic.go:Login","message":"issued login access token","runId":"pre-fix","sessionId":"bd9af0","timestamp":1778058899044}
{"data":{"accessExpireSec":3600,"exp":1778062499,"iat":1778058899,"jwtDotCount":2,"tokenLen":143,"userId":5},"hypothesisId":"H1","location":"login_logic.go:Login","message":"issued login access token","runId":"pre-fix","sessionId":"bd9af0","timestamp":1778058899049}
{"data":{"accessExpireSec":3600,"exp":1778062499,"iat":1778058899,"jwtDotCount":2,"tokenLen":143,"userId":5},"hypothesisId":"H1","location":"login_logic.go:Login","message":"issued login access token","runId":"pre-fix","sessionId":"bd9af0","timestamp":1778058899073}
{"data":{"accessExpireSec":3600,"exp":1778062499,"iat":1778058899,"jwtDotCount":2,"tokenLen":143,"userId":5},"hypothesisId":"H1","location":"login_logic.go:Login","message":"issued login access token","runId":"pre-fix","sessionId":"bd9af0","timestamp":1778058899072}
{"data":{"accessExpireSec":3600,"exp":1778062499,"iat":1778058899,"jwtDotCount":2,"tokenLen":143,"userId":5},"hypothesisId":"H1","location":"login_logic.go:Login","message":"issued login access token","runId":"pre-fix","sessionId":"bd9af0","timestamp":1778058899073}
{"data":{"accessExpireSec":3600,"exp":1778062499,"iat":1778058899,"jwtDotCount":2,"tokenLen":143,"userId":5},"hypothesisId":"H1","location":"login_logic.go:Login","message":"issued login access token","runId":"pre-fix","sessionId":"bd9af0","timestamp":1778058899074}
{"data":{"accessExpireSec":3600,"exp":1778062499,"iat":1778058899,"jwtDotCount":2,"tokenLen":143,"userId":5},"hypothesisId":"H1","location":"login_logic.go:Login","message":"issued login access token","runId":"pre-fix","sessionId":"bd9af0","timestamp":1778058899086}
{"data":{"accessExpireSec":3600,"exp":1778062499,"iat":1778058899,"jwtDotCount":2,"tokenLen":143,"userId":5},"hypothesisId":"H1","location":"login_logic.go:Login","message":"issued login access token","runId":"pre-fix","sessionId":"bd9af0","timestamp":1778058899098}
{"data":{"accessExpireSec":3600,"exp":1778062499,"iat":1778058899,"jwtDotCount":2,"tokenLen":143,"userId":5},"hypothesisId":"H1","location":"login_logic.go:Login","message":"issued login access token","runId":"pre-fix","sessionId":"bd9af0","timestamp":1778058899099}
{"data":{"accessExpireSec":3600,"exp":1778062499,"iat":1778058899,"jwtDotCount":2,"tokenLen":143,"userId":5},"hypothesisId":"H1","location":"login_logic.go:Login","message":"issued login access token","runId":"pre-fix","sessionId":"bd9af0","timestamp":1778058899099}
{"data":{"accessExpireSec":3600,"exp":1778062499,"iat":1778058899,"jwtDotCount":2,"tokenLen":143,"userId":5},"hypothesisId":"H1","location":"login_logic.go:Login","message":"issued login access token","runId":"pre-fix","sessionId":"bd9af0","timestamp":1778058899102}
{"data":{"accessExpireSec":3600,"exp":1778062499,"iat":1778058899,"jwtDotCount":2,"tokenLen":143,"userId":5},"hypothesisId":"H1","location":"login_logic.go:Login","message":"issued login access token","runId":"pre-fix","sessionId":"bd9af0","timestamp":1778058899108}
{"data":{"accessExpireSec":3600,"exp":1778062499,"iat":1778058899,"jwtDotCount":2,"tokenLen":143,"userId":5},"hypothesisId":"H1","location":"login_logic.go:Login","message":"issued login access token","runId":"pre-fix","sessionId":"bd9af0","timestamp":1778058899132}
{"data":{"accessExpireSec":3600,"exp":1778062499,"iat":1778058899,"jwtDotCount":2,"tokenLen":143,"userId":5},"hypothesisId":"H1","location":"login_logic.go:Login","message":"issued login access token","runId":"pre-fix","sessionId":"bd9af0","timestamp":1778058899132}
{"data":{"accessExpireSec":3600,"exp":1778062499,"iat":1778058899,"jwtDotCount":2,"tokenLen":143,"userId":5},"hypothesisId":"H1","location":"login_logic.go:Login","message":"issued login access token","runId":"pre-fix","sessionId":"bd9af0","timestamp":1778058899132}
{"data":{"accessExpireSec":3600,"exp":1778062499,"iat":1778058899,"jwtDotCount":2,"tokenLen":143,"userId":5},"hypothesisId":"H1","location":"login_logic.go:Login","message":"issued login access token","runId":"pre-fix","sessionId":"bd9af0","timestamp":1778058899147}
{"data":{"accessExpireSec":3600,"exp":1778062499,"iat":1778058899,"jwtDotCount":2,"tokenLen":143,"userId":5},"hypothesisId":"H1","location":"login_logic.go:Login","message":"issued login access token","runId":"pre-fix","sessionId":"bd9af0","timestamp":1778058899157}
{"data":{"accessExpireSec":3600,"exp":1778062499,"iat":1778058899,"jwtDotCount":2,"tokenLen":143,"userId":5},"hypothesisId":"H1","location":"login_logic.go:Login","message":"issued login access token","runId":"pre-fix","sessionId":"bd9af0","timestamp":1778058899158}
{"data":{"accessExpireSec":3600,"exp":1778062499,"iat":1778058899,"jwtDotCount":2,"tokenLen":143,"userId":5},"hypothesisId":"H1","location":"login_logic.go:Login","message":"issued login access token","runId":"pre-fix","sessionId":"bd9af0","timestamp":1778058899161}
{"data":{"accessExpireSec":3600,"exp":1778062499,"iat":1778058899,"jwtDotCount":2,"tokenLen":143,"userId":5},"hypothesisId":"H1","location":"login_logic.go:Login","message":"issued login access token","runId":"pre-fix","sessionId":"bd9af0","timestamp":1778058899161}
{"data":{"accessExpireSec":3600,"exp":1778062499,"iat":1778058899,"jwtDotCount":2,"tokenLen":143,"userId":5},"hypothesisId":"H1","location":"login_logic.go:Login","message":"issued login access token","runId":"pre-fix","sessionId":"bd9af0","timestamp":1778058899167}
{"data":{"accessExpireSec":3600,"exp":1778062499,"iat":1778058899,"jwtDotCount":2,"tokenLen":143,"userId":5},"hypothesisId":"H1","location":"login_logic.go:Login","message":"issued login access token","runId":"pre-fix","sessionId":"bd9af0","timestamp":1778058899195}
{"data":{"accessExpireSec":3600,"exp":1778062499,"iat":1778058899,"jwtDotCount":2,"tokenLen":143,"userId":5},"hypothesisId":"H1","location":"login_logic.go:Login","message":"issued login access token","runId":"pre-fix","sessionId":"bd9af0","timestamp":1778058899196}
{"data":{"accessExpireSec":3600,"exp":1778062499,"iat":1778058899,"jwtDotCount":2,"tokenLen":143,"userId":5},"hypothesisId":"H1","location":"login_logic.go:Login","message":"issued login access token","runId":"pre-fix","sessionId":"bd9af0","timestamp":1778058899206}
{"data":{"accessExpireSec":3600,"exp":1778062499,"iat":1778058899,"jwtDotCount":2,"tokenLen":143,"userId":5},"hypothesisId":"H1","location":"login_logic.go:Login","message":"issued login access token","runId":"pre-fix","sessionId":"bd9af0","timestamp":1778058899218}
{"data":{"accessExpireSec":3600,"exp":1778062499,"iat":1778058899,"jwtDotCount":2,"tokenLen":143,"userId":5},"hypothesisId":"H1","location":"login_logic.go:Login","message":"issued login access token","runId":"pre-fix","sessionId":"bd9af0","timestamp":1778058899219}
{"data":{"accessExpireSec":3600,"exp":1778062499,"iat":1778058899,"jwtDotCount":2,"tokenLen":143,"userId":5},"hypothesisId":"H1","location":"login_logic.go:Login","message":"issued login access token","runId":"pre-fix","sessionId":"bd9af0","timestamp":1778058899220}
{"data":{"accessExpireSec":3600,"exp":1778062499,"iat":1778058899,"jwtDotCount":2,"tokenLen":143,"userId":5},"hypothesisId":"H1","location":"login_logic.go:Login","message":"issued login access token","runId":"pre-fix","sessionId":"bd9af0","timestamp":1778058899222}
{"data":{"accessExpireSec":3600,"exp":1778062499,"iat":1778058899,"jwtDotCount":2,"tokenLen":143,"userId":5},"hypothesisId":"H1","location":"login_logic.go:Login","message":"issued login access token","runId":"pre-fix","sessionId":"bd9af0","timestamp":1778058899226}
{"data":{"accessExpireSec":3600,"exp":1778062499,"iat":1778058899,"jwtDotCount":2,"tokenLen":143,"userId":5},"hypothesisId":"H1","location":"login_logic.go:Login","message":"issued login access token","runId":"pre-fix","sessionId":"bd9af0","timestamp":1778058899254}
{"data":{"accessExpireSec":3600,"exp":1778062499,"iat":1778058899,"jwtDotCount":2,"tokenLen":143,"userId":5},"hypothesisId":"H1","location":"login_logic.go:Login","message":"issued login access token","runId":"pre-fix","sessionId":"bd9af0","timestamp":1778058899254}
{"data":{"accessExpireSec":3600,"exp":1778062499,"iat":1778058899,"jwtDotCount":2,"tokenLen":143,"userId":5},"hypothesisId":"H1","location":"login_logic.go:Login","message":"issued login access token","runId":"pre-fix","sessionId":"bd9af0","timestamp":1778058899264}
{"data":{"accessExpireSec":3600,"exp":1778062499,"iat":1778058899,"jwtDotCount":2,"tokenLen":143,"userId":5},"hypothesisId":"H1","location":"login_logic.go:Login","message":"issued login access token","runId":"pre-fix","sessionId":"bd9af0","timestamp":1778058899268}
{"data":{"accessExpireSec":3600,"exp":1778062499,"iat":1778058899,"jwtDotCount":2,"tokenLen":143,"userId":5},"hypothesisId":"H1","location":"login_logic.go:Login","message":"issued login access token","runId":"pre-fix","sessionId":"bd9af0","timestamp":1778058899277}
{"data":{"accessExpireSec":3600,"exp":1778062499,"iat":1778058899,"jwtDotCount":2,"tokenLen":143,"userId":5},"hypothesisId":"H1","location":"login_logic.go:Login","message":"issued login access token","runId":"pre-fix","sessionId":"bd9af0","timestamp":1778058899279}
{"data":{"accessExpireSec":3600,"exp":1778062499,"iat":1778058899,"jwtDotCount":2,"tokenLen":143,"userId":5},"hypothesisId":"H1","location":"login_logic.go:Login","message":"issued login access token","runId":"pre-fix","sessionId":"bd9af0","timestamp":1778058899280}
{"data":{"accessExpireSec":3600,"exp":1778062499,"iat":1778058899,"jwtDotCount":2,"tokenLen":143,"userId":5},"hypothesisId":"H1","location":"login_logic.go:Login","message":"issued login access token","runId":"pre-fix","sessionId":"bd9af0","timestamp":1778058899280}
{"data":{"accessExpireSec":3600,"exp":1778062499,"iat":1778058899,"jwtDotCount":2,"tokenLen":143,"userId":5},"hypothesisId":"H1","location":"login_logic.go:Login","message":"issued login access token","runId":"pre-fix","sessionId":"bd9af0","timestamp":1778058899285}
{"data":{"accessExpireSec":3600,"exp":1778062499,"iat":1778058899,"jwtDotCount":2,"tokenLen":143,"userId":5},"hypothesisId":"H1","location":"login_logic.go:Login","message":"issued login access token","runId":"pre-fix","sessionId":"bd9af0","timestamp":1778058899313}
{"data":{"accessExpireSec":3600,"exp":1778062499,"iat":1778058899,"jwtDotCount":2,"tokenLen":143,"userId":5},"hypothesisId":"H1","location":"login_logic.go:Login","message":"issued login access token","runId":"pre-fix","sessionId":"bd9af0","timestamp":1778058899313}
{"data":{"accessExpireSec":3600,"exp":1778062499,"iat":1778058899,"jwtDotCount":2,"tokenLen":143,"userId":5},"hypothesisId":"H1","location":"login_logic.go:Login","message":"issued login access token","runId":"pre-fix","sessionId":"bd9af0","timestamp":1778058899320}
{"data":{"accessExpireSec":3600,"exp":1778062499,"iat":1778058899,"jwtDotCount":2,"tokenLen":143,"userId":5},"hypothesisId":"H1","location":"login_logic.go:Login","message":"issued login access token","runId":"pre-fix","sessionId":"bd9af0","timestamp":1778058899324}
{"data":{"accessExpireSec":3600,"exp":1778062499,"iat":1778058899,"jwtDotCount":2,"tokenLen":143,"userId":5},"hypothesisId":"H1","location":"login_logic.go:Login","message":"issued login access token","runId":"pre-fix","sessionId":"bd9af0","timestamp":1778058899326}
{"data":{"accessExpireSec":3600,"exp":1778062499,"iat":1778058899,"jwtDotCount":2,"tokenLen":143,"userId":5},"hypothesisId":"H1","location":"login_logic.go:Login","message":"issued login access token","runId":"pre-fix","sessionId":"bd9af0","timestamp":1778058899336}
{"data":{"accessExpireSec":3600,"exp":1778062499,"iat":1778058899,"jwtDotCount":2,"tokenLen":143,"userId":5},"hypothesisId":"H1","location":"login_logic.go:Login","message":"issued login access token","runId":"pre-fix","sessionId":"bd9af0","timestamp":1778058899337}
{"data":{"accessExpireSec":3600,"exp":1778062499,"iat":1778058899,"jwtDotCount":2,"tokenLen":143,"userId":5},"hypothesisId":"H1","location":"login_logic.go:Login","message":"issued login access token","runId":"pre-fix","sessionId":"bd9af0","timestamp":1778058899338}
{"data":{"accessExpireSec":3600,"exp":1778062499,"iat":1778058899,"jwtDotCount":2,"tokenLen":143,"userId":5},"hypothesisId":"H1","location":"login_logic.go:Login","message":"issued login access token","runId":"pre-fix","sessionId":"bd9af0","timestamp":1778058899338}
{"data":{"accessExpireSec":3600,"exp":1778062499,"iat":1778058899,"jwtDotCount":2,"tokenLen":143,"userId":5},"hypothesisId":"H1","location":"login_logic.go:Login","message":"issued login access token","runId":"pre-fix","sessionId":"bd9af0","timestamp":1778058899344}
{"data":{"accessExpireSec":3600,"exp":1778062499,"iat":1778058899,"jwtDotCount":2,"tokenLen":143,"userId":5},"hypothesisId":"H1","location":"login_logic.go:Login","message":"issued login access token","runId":"pre-fix","sessionId":"bd9af0","timestamp":1778058899371}
{"data":{"accessExpireSec":3600,"exp":1778062499,"iat":1778058899,"jwtDotCount":2,"tokenLen":143,"userId":5},"hypothesisId":"H1","location":"login_logic.go:Login","message":"issued login access token","runId":"pre-fix","sessionId":"bd9af0","timestamp":1778058899374}
{"data":{"accessExpireSec":3600,"exp":1778062499,"iat":1778058899,"jwtDotCount":2,"tokenLen":143,"userId":5},"hypothesisId":"H1","location":"login_logic.go:Login","message":"issued login access token","runId":"pre-fix","sessionId":"bd9af0","timestamp":1778058899380}
{"data":{"accessExpireSec":3600,"exp":1778062499,"iat":1778058899,"jwtDotCount":2,"tokenLen":143,"userId":5},"hypothesisId":"H1","location":"login_logic.go:Login","message":"issued login access token","runId":"pre-fix","sessionId":"bd9af0","timestamp":1778058899381}
{"data":{"accessExpireSec":3600,"exp":1778062499,"iat":1778058899,"jwtDotCount":2,"tokenLen":143,"userId":5},"hypothesisId":"H1","location":"login_logic.go:Login","message":"issued login access token","runId":"pre-fix","sessionId":"bd9af0","timestamp":1778058899384}
{"data":{"accessExpireSec":3600,"exp":1778062499,"iat":1778058899,"jwtDotCount":2,"tokenLen":143,"userId":5},"hypothesisId":"H1","location":"login_logic.go:Login","message":"issued login access token","runId":"pre-fix","sessionId":"bd9af0","timestamp":1778058899394}
{"data":{"accessExpireSec":3600,"exp":1778062499,"iat":1778058899,"jwtDotCount":2,"tokenLen":143,"userId":5},"hypothesisId":"H1","location":"login_logic.go:Login","message":"issued login access token","runId":"pre-fix","sessionId":"bd9af0","timestamp":1778058899396}
{"data":{"accessExpireSec":3600,"exp":1778062499,"iat":1778058899,"jwtDotCount":2,"tokenLen":143,"userId":5},"hypothesisId":"H1","location":"login_logic.go:Login","message":"issued login access token","runId":"pre-fix","sessionId":"bd9af0","timestamp":1778058899396}
{"data":{"accessExpireSec":3600,"exp":1778062499,"iat":1778058899,"jwtDotCount":2,"tokenLen":143,"userId":5},"hypothesisId":"H1","location":"login_logic.go:Login","message":"issued login access token","runId":"pre-fix","sessionId":"bd9af0","timestamp":1778058899398}
{"data":{"accessExpireSec":3600,"exp":1778062499,"iat":1778058899,"jwtDotCount":2,"tokenLen":143,"userId":5},"hypothesisId":"H1","location":"login_logic.go:Login","message":"issued login access token","runId":"pre-fix","sessionId":"bd9af0","timestamp":1778058899406}
{"data":{"accessExpireSec":3600,"exp":1778062499,"iat":1778058899,"jwtDotCount":2,"tokenLen":143,"userId":5},"hypothesisId":"H1","location":"login_logic.go:Login","message":"issued login access token","runId":"pre-fix","sessionId":"bd9af0","timestamp":1778058899432}
{"data":{"accessExpireSec":3600,"exp":1778062499,"iat":1778058899,"jwtDotCount":2,"tokenLen":143,"userId":5},"hypothesisId":"H1","location":"login_logic.go:Login","message":"issued login access token","runId":"pre-fix","sessionId":"bd9af0","timestamp":1778058899433}
{"data":{"accessExpireSec":3600,"exp":1778062499,"iat":1778058899,"jwtDotCount":2,"tokenLen":143,"userId":5},"hypothesisId":"H1","location":"login_logic.go:Login","message":"issued login access token","runId":"pre-fix","sessionId":"bd9af0","timestamp":1778058899440}
{"data":{"accessExpireSec":3600,"exp":1778062499,"iat":1778058899,"jwtDotCount":2,"tokenLen":143,"userId":5},"hypothesisId":"H1","location":"login_logic.go:Login","message":"issued login access token","runId":"pre-fix","sessionId":"bd9af0","timestamp":1778058899442}
{"data":{"accessExpireSec":3600,"exp":1778062499,"iat":1778058899,"jwtDotCount":2,"tokenLen":143,"userId":5},"hypothesisId":"H1","location":"login_logic.go:Login","message":"issued login access token","runId":"pre-fix","sessionId":"bd9af0","timestamp":1778058899443}
{"data":{"accessExpireSec":3600,"exp":1778062499,"iat":1778058899,"jwtDotCount":2,"tokenLen":143,"userId":5},"hypothesisId":"H1","location":"login_logic.go:Login","message":"issued login access token","runId":"pre-fix","sessionId":"bd9af0","timestamp":1778058899455}
{"data":{"accessExpireSec":3600,"exp":1778062499,"iat":1778058899,"jwtDotCount":2,"tokenLen":143,"userId":5},"hypothesisId":"H1","location":"login_logic.go:Login","message":"issued login access token","runId":"pre-fix","sessionId":"bd9af0","timestamp":1778058899457}
{"data":{"accessExpireSec":3600,"exp":1778062499,"iat":1778058899,"jwtDotCount":2,"tokenLen":143,"userId":5},"hypothesisId":"H1","location":"login_logic.go:Login","message":"issued login access token","runId":"pre-fix","sessionId":"bd9af0","timestamp":1778058899460}
{"data":{"accessExpireSec":3600,"exp":1778062499,"iat":1778058899,"jwtDotCount":2,"tokenLen":143,"userId":5},"hypothesisId":"H1","location":"login_logic.go:Login","message":"issued login access token","runId":"pre-fix","sessionId":"bd9af0","timestamp":1778058899459}
{"data":{"accessExpireSec":3600,"exp":1778062499,"iat":1778058899,"jwtDotCount":2,"tokenLen":143,"userId":5},"hypothesisId":"H1","location":"login_logic.go:Login","message":"issued login access token","runId":"pre-fix","sessionId":"bd9af0","timestamp":1778058899468}
{"data":{"accessExpireSec":3600,"exp":1778062499,"iat":1778058899,"jwtDotCount":2,"tokenLen":143,"userId":5},"hypothesisId":"H1","location":"login_logic.go:Login","message":"issued login access token","runId":"pre-fix","sessionId":"bd9af0","timestamp":1778058899493}
{"data":{"accessExpireSec":3600,"exp":1778062499,"iat":1778058899,"jwtDotCount":2,"tokenLen":143,"userId":5},"hypothesisId":"H1","location":"login_logic.go:Login","message":"issued login access token","runId":"pre-fix","sessionId":"bd9af0","timestamp":1778058899495}
{"data":{"accessExpireSec":3600,"exp":1778062499,"iat":1778058899,"jwtDotCount":2,"tokenLen":143,"userId":5},"hypothesisId":"H1","location":"login_logic.go:Login","message":"issued login access token","runId":"pre-fix","sessionId":"bd9af0","timestamp":1778058899501}
{"data":{"accessExpireSec":3600,"exp":1778062499,"iat":1778058899,"jwtDotCount":2,"tokenLen":143,"userId":5},"hypothesisId":"H1","location":"login_logic.go:Login","message":"issued login access token","runId":"pre-fix","sessionId":"bd9af0","timestamp":1778058899505}
{"data":{"accessExpireSec":3600,"exp":1778062499,"iat":1778058899,"jwtDotCount":2,"tokenLen":143,"userId":5},"hypothesisId":"H1","location":"login_logic.go:Login","message":"issued login access token","runId":"pre-fix","sessionId":"bd9af0","timestamp":1778058899507}
{"data":{"accessExpireSec":3600,"exp":1778062499,"iat":1778058899,"jwtDotCount":2,"tokenLen":143,"userId":5},"hypothesisId":"H1","location":"login_logic.go:Login","message":"issued login access token","runId":"pre-fix","sessionId":"bd9af0","timestamp":1778058899516}
{"data":{"accessExpireSec":3600,"exp":1778062499,"iat":1778058899,"jwtDotCount":2,"tokenLen":143,"userId":5},"hypothesisId":"H1","location":"login_logic.go:Login","message":"issued login access token","runId":"pre-fix","sessionId":"bd9af0","timestamp":1778058899518}
{"data":{"accessExpireSec":3600,"exp":1778062499,"iat":1778058899,"jwtDotCount":2,"tokenLen":143,"userId":5},"hypothesisId":"H1","location":"login_logic.go:Login","message":"issued login access token","runId":"pre-fix","sessionId":"bd9af0","timestamp":1778058899520}
{"data":{"accessExpireSec":3600,"exp":1778062499,"iat":1778058899,"jwtDotCount":2,"tokenLen":143,"userId":5},"hypothesisId":"H1","location":"login_logic.go:Login","message":"issued login access token","runId":"pre-fix","sessionId":"bd9af0","timestamp":1778058899521}
{"data":{"accessExpireSec":3600,"exp":1778062499,"iat":1778058899,"jwtDotCount":2,"tokenLen":143,"userId":5},"hypothesisId":"H1","location":"login_logic.go:Login","message":"issued login access token","runId":"pre-fix","sessionId":"bd9af0","timestamp":1778058899530}
{"data":{"accessExpireSec":3600,"exp":1778062499,"iat":1778058899,"jwtDotCount":2,"tokenLen":143,"userId":5},"hypothesisId":"H1","location":"login_logic.go:Login","message":"issued login access token","runId":"pre-fix","sessionId":"bd9af0","timestamp":1778058899555}
{"data":{"accessExpireSec":3600,"exp":1778062499,"iat":1778058899,"jwtDotCount":2,"tokenLen":143,"userId":5},"hypothesisId":"H1","location":"login_logic.go:Login","message":"issued login access token","runId":"pre-fix","sessionId":"bd9af0","timestamp":1778058899556}
{"data":{"accessExpireSec":3600,"exp":1778062499,"iat":1778058899,"jwtDotCount":2,"tokenLen":143,"userId":5},"hypothesisId":"H1","location":"login_logic.go:Login","message":"issued login access token","runId":"pre-fix","sessionId":"bd9af0","timestamp":1778058899560}
{"data":{"accessExpireSec":3600,"exp":1778062499,"iat":1778058899,"jwtDotCount":2,"tokenLen":143,"userId":5},"hypothesisId":"H1","location":"login_logic.go:Login","message":"issued login access token","runId":"pre-fix","sessionId":"bd9af0","timestamp":1778058899563}
{"data":{"accessExpireSec":3600,"exp":1778062499,"iat":1778058899,"jwtDotCount":2,"tokenLen":143,"userId":5},"hypothesisId":"H1","location":"login_logic.go:Login","message":"issued login access token","runId":"pre-fix","sessionId":"bd9af0","timestamp":1778058899564}
{"data":{"accessExpireSec":3600,"exp":1778062499,"iat":1778058899,"jwtDotCount":2,"tokenLen":143,"userId":5},"hypothesisId":"H1","location":"login_logic.go:Login","message":"issued login access token","runId":"pre-fix","sessionId":"bd9af0","timestamp":1778058899576}
{"data":{"accessExpireSec":3600,"exp":1778062499,"iat":1778058899,"jwtDotCount":2,"tokenLen":143,"userId":5},"hypothesisId":"H1","location":"login_logic.go:Login","message":"issued login access token","runId":"pre-fix","sessionId":"bd9af0","timestamp":1778058899576}
{"data":{"accessExpireSec":3600,"exp":1778062499,"iat":1778058899,"jwtDotCount":2,"tokenLen":143,"userId":5},"hypothesisId":"H1","location":"login_logic.go:Login","message":"issued login access token","runId":"pre-fix","sessionId":"bd9af0","timestamp":1778058899576}
{"data":{"accessExpireSec":3600,"exp":1778062499,"iat":1778058899,"jwtDotCount":2,"tokenLen":143,"userId":5},"hypothesisId":"H1","location":"login_logic.go:Login","message":"issued login access token","runId":"pre-fix","sessionId":"bd9af0","timestamp":1778058899581}
{"data":{"accessExpireSec":3600,"exp":1778062499,"iat":1778058899,"jwtDotCount":2,"tokenLen":143,"userId":5},"hypothesisId":"H1","location":"login_logic.go:Login","message":"issued login access token","runId":"pre-fix","sessionId":"bd9af0","timestamp":1778058899590}
{"data":{"accessExpireSec":3600,"exp":1778062499,"iat":1778058899,"jwtDotCount":2,"tokenLen":143,"userId":5},"hypothesisId":"H1","location":"login_logic.go:Login","message":"issued login access token","runId":"pre-fix","sessionId":"bd9af0","timestamp":1778058899617}
{"data":{"accessExpireSec":3600,"exp":1778062499,"iat":1778058899,"jwtDotCount":2,"tokenLen":143,"userId":5},"hypothesisId":"H1","location":"login_logic.go:Login","message":"issued login access token","runId":"pre-fix","sessionId":"bd9af0","timestamp":1778058899618}
{"data":{"accessExpireSec":3600,"exp":1778062499,"iat":1778058899,"jwtDotCount":2,"tokenLen":143,"userId":5},"hypothesisId":"H1","location":"login_logic.go:Login","message":"issued login access token","runId":"pre-fix","sessionId":"bd9af0","timestamp":1778058899621}
{"data":{"accessExpireSec":3600,"exp":1778062499,"iat":1778058899,"jwtDotCount":2,"tokenLen":143,"userId":5},"hypothesisId":"H1","location":"login_logic.go:Login","message":"issued login access token","runId":"pre-fix","sessionId":"bd9af0","timestamp":1778058899626}
{"data":{"accessExpireSec":3600,"exp":1778062499,"iat":1778058899,"jwtDotCount":2,"tokenLen":143,"userId":5},"hypothesisId":"H1","location":"login_logic.go:Login","message":"issued login access token","runId":"pre-fix","sessionId":"bd9af0","timestamp":1778058899627}
{"data":{"accessExpireSec":3600,"exp":1778062499,"iat":1778058899,"jwtDotCount":2,"tokenLen":143,"userId":5},"hypothesisId":"H1","location":"login_logic.go:Login","message":"issued login access token","runId":"pre-fix","sessionId":"bd9af0","timestamp":1778058899639}
{"data":{"accessExpireSec":3600,"exp":1778062499,"iat":1778058899,"jwtDotCount":2,"tokenLen":143,"userId":5},"hypothesisId":"H1","location":"login_logic.go:Login","message":"issued login access token","runId":"pre-fix","sessionId":"bd9af0","timestamp":1778058899638}
{"data":{"accessExpireSec":3600,"exp":1778062499,"iat":1778058899,"jwtDotCount":2,"tokenLen":143,"userId":5},"hypothesisId":"H1","location":"login_logic.go:Login","message":"issued login access token","runId":"pre-fix","sessionId":"bd9af0","timestamp":1778058899642}
{"data":{"accessExpireSec":3600,"exp":1778062499,"iat":1778058899,"jwtDotCount":2,"tokenLen":143,"userId":5},"hypothesisId":"H1","location":"login_logic.go:Login","message":"issued login access token","runId":"pre-fix","sessionId":"bd9af0","timestamp":1778058899649}
{"data":{"accessExpireSec":3600,"exp":1778062499,"iat":1778058899,"jwtDotCount":2,"tokenLen":143,"userId":5},"hypothesisId":"H1","location":"login_logic.go:Login","message":"issued login access token","runId":"pre-fix","sessionId":"bd9af0","timestamp":1778058899678}
{"data":{"accessExpireSec":3600,"exp":1778062499,"iat":1778058899,"jwtDotCount":2,"tokenLen":143,"userId":5},"hypothesisId":"H1","location":"login_logic.go:Login","message":"issued login access token","runId":"pre-fix","sessionId":"bd9af0","timestamp":1778058899679}
{"data":{"accessExpireSec":3600,"exp":1778062499,"iat":1778058899,"jwtDotCount":2,"tokenLen":143,"userId":5},"hypothesisId":"H1","location":"login_logic.go:Login","message":"issued login access token","runId":"pre-fix","sessionId":"bd9af0","timestamp":1778058899681}
{"data":{"accessExpireSec":3600,"exp":1778062499,"iat":1778058899,"jwtDotCount":2,"tokenLen":143,"userId":5},"hypothesisId":"H1","location":"login_logic.go:Login","message":"issued login access token","runId":"pre-fix","sessionId":"bd9af0","timestamp":1778058899688}
{"data":{"accessExpireSec":3600,"exp":1778062499,"iat":1778058899,"jwtDotCount":2,"tokenLen":143,"userId":5},"hypothesisId":"H1","location":"login_logic.go:Login","message":"issued login access token","runId":"pre-fix","sessionId":"bd9af0","timestamp":1778058899689}
{"data":{"accessExpireSec":3600,"exp":1778062499,"iat":1778058899,"jwtDotCount":2,"tokenLen":143,"userId":5},"hypothesisId":"H1","location":"login_logic.go:Login","message":"issued login access token","runId":"pre-fix","sessionId":"bd9af0","timestamp":1778058899701}
{"data":{"accessExpireSec":3600,"exp":1778062499,"iat":1778058899,"jwtDotCount":2,"tokenLen":143,"userId":5},"hypothesisId":"H1","location":"login_logic.go:Login","message":"issued login access token","runId":"pre-fix","sessionId":"bd9af0","timestamp":1778058899701}
{"data":{"accessExpireSec":3600,"exp":1778062499,"iat":1778058899,"jwtDotCount":2,"tokenLen":143,"userId":5},"hypothesisId":"H1","location":"login_logic.go:Login","message":"issued login access token","runId":"pre-fix","sessionId":"bd9af0","timestamp":1778058899704}
{"data":{"accessExpireSec":3600,"exp":1778062499,"iat":1778058899,"jwtDotCount":2,"tokenLen":143,"userId":5},"hypothesisId":"H1","location":"login_logic.go:Login","message":"issued login access token","runId":"pre-fix","sessionId":"bd9af0","timestamp":1778058899710}
{"data":{"accessExpireSec":3600,"exp":1778062499,"iat":1778058899,"jwtDotCount":2,"tokenLen":143,"userId":5},"hypothesisId":"H1","location":"login_logic.go:Login","message":"issued login access token","runId":"pre-fix","sessionId":"bd9af0","timestamp":1778058899735}
{"data":{"accessExpireSec":3600,"exp":1778062499,"iat":1778058899,"jwtDotCount":2,"tokenLen":143,"userId":5},"hypothesisId":"H1","location":"login_logic.go:Login","message":"issued login access token","runId":"pre-fix","sessionId":"bd9af0","timestamp":1778058899738}
{"data":{"accessExpireSec":3600,"exp":1778062499,"iat":1778058899,"jwtDotCount":2,"tokenLen":143,"userId":5},"hypothesisId":"H1","location":"login_logic.go:Login","message":"issued login access token","runId":"pre-fix","sessionId":"bd9af0","timestamp":1778058899740}
{"data":{"accessExpireSec":3600,"exp":1778062499,"iat":1778058899,"jwtDotCount":2,"tokenLen":143,"userId":5},"hypothesisId":"H1","location":"login_logic.go:Login","message":"issued login access token","runId":"pre-fix","sessionId":"bd9af0","timestamp":1778058899742}
{"data":{"accessExpireSec":3600,"exp":1778062499,"iat":1778058899,"jwtDotCount":2,"tokenLen":143,"userId":5},"hypothesisId":"H1","location":"login_logic.go:Login","message":"issued login access token","runId":"pre-fix","sessionId":"bd9af0","timestamp":1778058899749}
{"data":{"accessExpireSec":3600,"exp":1778062499,"iat":1778058899,"jwtDotCount":2,"tokenLen":143,"userId":5},"hypothesisId":"H1","location":"login_logic.go:Login","message":"issued login access token","runId":"pre-fix","sessionId":"bd9af0","timestamp":1778058899749}
{"data":{"accessExpireSec":3600,"exp":1778062499,"iat":1778058899,"jwtDotCount":2,"tokenLen":143,"userId":5},"hypothesisId":"H1","location":"login_logic.go:Login","message":"issued login access token","runId":"pre-fix","sessionId":"bd9af0","timestamp":1778058899761}
{"data":{"accessExpireSec":3600,"exp":1778062499,"iat":1778058899,"jwtDotCount":2,"tokenLen":143,"userId":5},"hypothesisId":"H1","location":"login_logic.go:Login","message":"issued login access token","runId":"pre-fix","sessionId":"bd9af0","timestamp":1778058899762}
{"data":{"accessExpireSec":3600,"exp":1778062499,"iat":1778058899,"jwtDotCount":2,"tokenLen":143,"userId":5},"hypothesisId":"H1","location":"login_logic.go:Login","message":"issued login access token","runId":"pre-fix","sessionId":"bd9af0","timestamp":1778058899762}
{"data":{"accessExpireSec":3600,"exp":1778062499,"iat":1778058899,"jwtDotCount":2,"tokenLen":143,"userId":5},"hypothesisId":"H1","location":"login_logic.go:Login","message":"issued login access token","runId":"pre-fix","sessionId":"bd9af0","timestamp":1778058899769}
{"data":{"accessExpireSec":3600,"exp":1778062499,"iat":1778058899,"jwtDotCount":2,"tokenLen":143,"userId":5},"hypothesisId":"H1","location":"login_logic.go:Login","message":"issued login access token","runId":"pre-fix","sessionId":"bd9af0","timestamp":1778058899795}
{"data":{"accessExpireSec":3600,"exp":1778062499,"iat":1778058899,"jwtDotCount":2,"tokenLen":143,"userId":5},"hypothesisId":"H1","location":"login_logic.go:Login","message":"issued login access token","runId":"pre-fix","sessionId":"bd9af0","timestamp":1778058899798}
{"data":{"accessExpireSec":3600,"exp":1778062499,"iat":1778058899,"jwtDotCount":2,"tokenLen":143,"userId":5},"hypothesisId":"H1","location":"login_logic.go:Login","message":"issued login access token","runId":"pre-fix","sessionId":"bd9af0","timestamp":1778058899803}
{"data":{"accessExpireSec":3600,"exp":1778062499,"iat":1778058899,"jwtDotCount":2,"tokenLen":143,"userId":5},"hypothesisId":"H1","location":"login_logic.go:Login","message":"issued login access token","runId":"pre-fix","sessionId":"bd9af0","timestamp":1778058899806}
{"data":{"accessExpireSec":3600,"exp":1778062499,"iat":1778058899,"jwtDotCount":2,"tokenLen":143,"userId":5},"hypothesisId":"H1","location":"login_logic.go:Login","message":"issued login access token","runId":"pre-fix","sessionId":"bd9af0","timestamp":1778058899810}
{"data":{"accessExpireSec":3600,"exp":1778062499,"iat":1778058899,"jwtDotCount":2,"tokenLen":143,"userId":5},"hypothesisId":"H1","location":"login_logic.go:Login","message":"issued login access token","runId":"pre-fix","sessionId":"bd9af0","timestamp":1778058899811}
{"data":{"accessExpireSec":3600,"exp":1778062499,"iat":1778058899,"jwtDotCount":2,"tokenLen":143,"userId":5},"hypothesisId":"H1","location":"login_logic.go:Login","message":"issued login access token","runId":"pre-fix","sessionId":"bd9af0","timestamp":1778058899824}
{"data":{"accessExpireSec":3600,"exp":1778062499,"iat":1778058899,"jwtDotCount":2,"tokenLen":143,"userId":5},"hypothesisId":"H1","location":"login_logic.go:Login","message":"issued login access token","runId":"pre-fix","sessionId":"bd9af0","timestamp":1778058899824}
{"data":{"accessExpireSec":3600,"exp":1778062499,"iat":1778058899,"jwtDotCount":2,"tokenLen":143,"userId":5},"hypothesisId":"H1","location":"login_logic.go:Login","message":"issued login access token","runId":"pre-fix","sessionId":"bd9af0","timestamp":1778058899826}
{"data":{"accessExpireSec":3600,"exp":1778062499,"iat":1778058899,"jwtDotCount":2,"tokenLen":143,"userId":5},"hypothesisId":"H1","location":"login_logic.go:Login","message":"issued login access token","runId":"pre-fix","sessionId":"bd9af0","timestamp":1778058899832}
{"data":{"accessExpireSec":3600,"exp":1778062499,"iat":1778058899,"jwtDotCount":2,"tokenLen":143,"userId":5},"hypothesisId":"H1","location":"login_logic.go:Login","message":"issued login access token","runId":"pre-fix","sessionId":"bd9af0","timestamp":1778058899859}
{"data":{"accessExpireSec":3600,"exp":1778062499,"iat":1778058899,"jwtDotCount":2,"tokenLen":143,"userId":5},"hypothesisId":"H1","location":"login_logic.go:Login","message":"issued login access token","runId":"pre-fix","sessionId":"bd9af0","timestamp":1778058899860}
{"data":{"accessExpireSec":3600,"exp":1778062499,"iat":1778058899,"jwtDotCount":2,"tokenLen":143,"userId":5},"hypothesisId":"H1","location":"login_logic.go:Login","message":"issued login access token","runId":"pre-fix","sessionId":"bd9af0","timestamp":1778058899866}
{"data":{"accessExpireSec":3600,"exp":1778062499,"iat":1778058899,"jwtDotCount":2,"tokenLen":143,"userId":5},"hypothesisId":"H1","location":"login_logic.go:Login","message":"issued login access token","runId":"pre-fix","sessionId":"bd9af0","timestamp":1778058899867}
{"data":{"accessExpireSec":3600,"exp":1778062499,"iat":1778058899,"jwtDotCount":2,"tokenLen":143,"userId":5},"hypothesisId":"H1","location":"login_logic.go:Login","message":"issued login access token","runId":"pre-fix","sessionId":"bd9af0","timestamp":1778058899872}
{"data":{"accessExpireSec":3600,"exp":1778062499,"iat":1778058899,"jwtDotCount":2,"tokenLen":143,"userId":5},"hypothesisId":"H1","location":"login_logic.go:Login","message":"issued login access token","runId":"pre-fix","sessionId":"bd9af0","timestamp":1778058899874}
{"data":{"accessExpireSec":3600,"exp":1778062499,"iat":1778058899,"jwtDotCount":2,"tokenLen":143,"userId":5},"hypothesisId":"H1","location":"login_logic.go:Login","message":"issued login access token","runId":"pre-fix","sessionId":"bd9af0","timestamp":1778058899887}
{"data":{"accessExpireSec":3600,"exp":1778062499,"iat":1778058899,"jwtDotCount":2,"tokenLen":143,"userId":5},"hypothesisId":"H1","location":"login_logic.go:Login","message":"issued login access token","runId":"pre-fix","sessionId":"bd9af0","timestamp":1778058899887}
{"data":{"accessExpireSec":3600,"exp":1778062499,"iat":1778058899,"jwtDotCount":2,"tokenLen":143,"userId":5},"hypothesisId":"H1","location":"login_logic.go:Login","message":"issued login access token","runId":"pre-fix","sessionId":"bd9af0","timestamp":1778058899887}
{"data":{"accessExpireSec":3600,"exp":1778062499,"iat":1778058899,"jwtDotCount":2,"tokenLen":143,"userId":5},"hypothesisId":"H1","location":"login_logic.go:Login","message":"issued login access token","runId":"pre-fix","sessionId":"bd9af0","timestamp":1778058899896}
{"data":{"accessExpireSec":3600,"exp":1778062499,"iat":1778058899,"jwtDotCount":2,"tokenLen":143,"userId":5},"hypothesisId":"H1","location":"login_logic.go:Login","message":"issued login access token","runId":"pre-fix","sessionId":"bd9af0","timestamp":1778058899923}
{"data":{"accessExpireSec":3600,"exp":1778062499,"iat":1778058899,"jwtDotCount":2,"tokenLen":143,"userId":5},"hypothesisId":"H1","location":"login_logic.go:Login","message":"issued login access token","runId":"pre-fix","sessionId":"bd9af0","timestamp":1778058899924}
{"data":{"accessExpireSec":3600,"exp":1778062499,"iat":1778058899,"jwtDotCount":2,"tokenLen":143,"userId":5},"hypothesisId":"H1","location":"login_logic.go:Login","message":"issued login access token","runId":"pre-fix","sessionId":"bd9af0","timestamp":1778058899929}
{"data":{"accessExpireSec":3600,"exp":1778062499,"iat":1778058899,"jwtDotCount":2,"tokenLen":143,"userId":5},"hypothesisId":"H1","location":"login_logic.go:Login","message":"issued login access token","runId":"pre-fix","sessionId":"bd9af0","timestamp":1778058899930}
{"data":{"accessExpireSec":3600,"exp":1778062499,"iat":1778058899,"jwtDotCount":2,"tokenLen":143,"userId":5},"hypothesisId":"H1","location":"login_logic.go:Login","message":"issued login access token","runId":"pre-fix","sessionId":"bd9af0","timestamp":1778058899934}
{"data":{"accessExpireSec":3600,"exp":1778062499,"iat":1778058899,"jwtDotCount":2,"tokenLen":143,"userId":5},"hypothesisId":"H1","location":"login_logic.go:Login","message":"issued login access token","runId":"pre-fix","sessionId":"bd9af0","timestamp":1778058899937}
{"data":{"accessExpireSec":3600,"exp":1778062499,"iat":1778058899,"jwtDotCount":2,"tokenLen":143,"userId":5},"hypothesisId":"H1","location":"login_logic.go:Login","message":"issued login access token","runId":"pre-fix","sessionId":"bd9af0","timestamp":1778058899952}
{"data":{"accessExpireSec":3600,"exp":1778062499,"iat":1778058899,"jwtDotCount":2,"tokenLen":143,"userId":5},"hypothesisId":"H1","location":"login_logic.go:Login","message":"issued login access token","runId":"pre-fix","sessionId":"bd9af0","timestamp":1778058899952}
{"data":{"accessExpireSec":3600,"exp":1778062499,"iat":1778058899,"jwtDotCount":2,"tokenLen":143,"userId":5},"hypothesisId":"H1","location":"login_logic.go:Login","message":"issued login access token","runId":"pre-fix","sessionId":"bd9af0","timestamp":1778058899958}
{"data":{"accessExpireSec":3600,"exp":1778062499,"iat":1778058899,"jwtDotCount":2,"tokenLen":143,"userId":5},"hypothesisId":"H1","location":"login_logic.go:Login","message":"issued login access token","runId":"pre-fix","sessionId":"bd9af0","timestamp":1778058899987}
{"data":{"accessExpireSec":3600,"exp":1778062499,"iat":1778058899,"jwtDotCount":2,"tokenLen":143,"userId":5},"hypothesisId":"H1","location":"login_logic.go:Login","message":"issued login access token","runId":"pre-fix","sessionId":"bd9af0","timestamp":1778058899987}
{"data":{"accessExpireSec":3600,"exp":1778062499,"iat":1778058899,"jwtDotCount":2,"tokenLen":143,"userId":5},"hypothesisId":"H1","location":"login_logic.go:Login","message":"issued login access token","runId":"pre-fix","sessionId":"bd9af0","timestamp":1778058899990}
{"data":{"accessExpireSec":3600,"exp":1778062499,"iat":1778058899,"jwtDotCount":2,"tokenLen":143,"userId":5},"hypothesisId":"H1","location":"login_logic.go:Login","message":"issued login access token","runId":"pre-fix","sessionId":"bd9af0","timestamp":1778058899991}
{"data":{"accessExpireSec":3600,"exp":1778062499,"iat":1778058899,"jwtDotCount":2,"tokenLen":143,"userId":5},"hypothesisId":"H1","location":"login_logic.go:Login","message":"issued login access token","runId":"pre-fix","sessionId":"bd9af0","timestamp":1778058899995}
{"data":{"accessExpireSec":3600,"exp":1778062499,"iat":1778058899,"jwtDotCount":2,"tokenLen":143,"userId":5},"hypothesisId":"H1","location":"login_logic.go:Login","message":"issued login access token","runId":"pre-fix","sessionId":"bd9af0","timestamp":1778058899998}
{"data":{"accessExpireSec":3600,"exp":1778062500,"iat":1778058900,"jwtDotCount":2,"tokenLen":143,"userId":5},"hypothesisId":"H1","location":"login_logic.go:Login","message":"issued login access token","runId":"pre-fix","sessionId":"bd9af0","timestamp":1778058900012}
{"data":{"accessExpireSec":3600,"exp":1778062500,"iat":1778058900,"jwtDotCount":2,"tokenLen":143,"userId":5},"hypothesisId":"H1","location":"login_logic.go:Login","message":"issued login access token","runId":"pre-fix","sessionId":"bd9af0","timestamp":1778058900013}
{"data":{"accessExpireSec":3600,"exp":1778062500,"iat":1778058900,"jwtDotCount":2,"tokenLen":143,"userId":5},"hypothesisId":"H1","location":"login_logic.go:Login","message":"issued login access token","runId":"pre-fix","sessionId":"bd9af0","timestamp":1778058900018}
{"data":{"accessExpireSec":3600,"exp":1778062500,"iat":1778058900,"jwtDotCount":2,"tokenLen":143,"userId":5},"hypothesisId":"H1","location":"login_logic.go:Login","message":"issued login access token","runId":"pre-fix","sessionId":"bd9af0","timestamp":1778058900051}
{"data":{"accessExpireSec":3600,"exp":1778062500,"iat":1778058900,"jwtDotCount":2,"tokenLen":143,"userId":5},"hypothesisId":"H1","location":"login_logic.go:Login","message":"issued login access token","runId":"pre-fix","sessionId":"bd9af0","timestamp":1778058900051}
{"data":{"accessExpireSec":3600,"exp":1778062500,"iat":1778058900,"jwtDotCount":2,"tokenLen":143,"userId":5},"hypothesisId":"H1","location":"login_logic.go:Login","message":"issued login access token","runId":"pre-fix","sessionId":"bd9af0","timestamp":1778058900051}
{"data":{"accessExpireSec":3600,"exp":1778062500,"iat":1778058900,"jwtDotCount":2,"tokenLen":143,"userId":5},"hypothesisId":"H1","location":"login_logic.go:Login","message":"issued login access token","runId":"pre-fix","sessionId":"bd9af0","timestamp":1778058900053}
{"data":{"accessExpireSec":3600,"exp":1778062500,"iat":1778058900,"jwtDotCount":2,"tokenLen":143,"userId":5},"hypothesisId":"H1","location":"login_logic.go:Login","message":"issued login access token","runId":"pre-fix","sessionId":"bd9af0","timestamp":1778058900057}
{"data":{"accessExpireSec":3600,"exp":1778062500,"iat":1778058900,"jwtDotCount":2,"tokenLen":143,"userId":5},"hypothesisId":"H1","location":"login_logic.go:Login","message":"issued login access token","runId":"pre-fix","sessionId":"bd9af0","timestamp":1778058900060}
{"data":{"accessExpireSec":3600,"exp":1778062500,"iat":1778058900,"jwtDotCount":2,"tokenLen":143,"userId":5},"hypothesisId":"H1","location":"login_logic.go:Login","message":"issued login access token","runId":"pre-fix","sessionId":"bd9af0","timestamp":1778058900076}
{"data":{"accessExpireSec":3600,"exp":1778062500,"iat":1778058900,"jwtDotCount":2,"tokenLen":143,"userId":5},"hypothesisId":"H1","location":"login_logic.go:Login","message":"issued login access token","runId":"pre-fix","sessionId":"bd9af0","timestamp":1778058900076}
{"data":{"accessExpireSec":3600,"exp":1778062500,"iat":1778058900,"jwtDotCount":2,"tokenLen":143,"userId":5},"hypothesisId":"H1","location":"login_logic.go:Login","message":"issued login access token","runId":"pre-fix","sessionId":"bd9af0","timestamp":1778058900080}
{"data":{"accessExpireSec":3600,"exp":1778062500,"iat":1778058900,"jwtDotCount":2,"tokenLen":143,"userId":5},"hypothesisId":"H1","location":"login_logic.go:Login","message":"issued login access token","runId":"pre-fix","sessionId":"bd9af0","timestamp":1778058900117}
{"data":{"accessExpireSec":3600,"exp":1778062500,"iat":1778058900,"jwtDotCount":2,"tokenLen":143,"userId":5},"hypothesisId":"H1","location":"login_logic.go:Login","message":"issued login access token","runId":"pre-fix","sessionId":"bd9af0","timestamp":1778058900118}
{"data":{"accessExpireSec":3600,"exp":1778062500,"iat":1778058900,"jwtDotCount":2,"tokenLen":143,"userId":5},"hypothesisId":"H1","location":"login_logic.go:Login","message":"issued login access token","runId":"pre-fix","sessionId":"bd9af0","timestamp":1778058900118}
{"data":{"accessExpireSec":3600,"exp":1778062500,"iat":1778058900,"jwtDotCount":2,"tokenLen":143,"userId":5},"hypothesisId":"H1","location":"login_logic.go:Login","message":"issued login access token","runId":"pre-fix","sessionId":"bd9af0","timestamp":1778058900121}
{"data":{"accessExpireSec":3600,"exp":1778062500,"iat":1778058900,"jwtDotCount":2,"tokenLen":143,"userId":5},"hypothesisId":"H1","location":"login_logic.go:Login","message":"issued login access token","runId":"pre-fix","sessionId":"bd9af0","timestamp":1778058900124}
{"data":{"accessExpireSec":3600,"exp":1778062500,"iat":1778058900,"jwtDotCount":2,"tokenLen":143,"userId":5},"hypothesisId":"H1","location":"login_logic.go:Login","message":"issued login access token","runId":"pre-fix","sessionId":"bd9af0","timestamp":1778058900141}
{"data":{"accessExpireSec":3600,"exp":1778062500,"iat":1778058900,"jwtDotCount":2,"tokenLen":143,"userId":5},"hypothesisId":"H1","location":"login_logic.go:Login","message":"issued login access token","runId":"pre-fix","sessionId":"bd9af0","timestamp":1778058900141}
{"data":{"accessExpireSec":3600,"exp":1778062500,"iat":1778058900,"jwtDotCount":2,"tokenLen":143,"userId":5},"hypothesisId":"H1","location":"login_logic.go:Login","message":"issued login access token","runId":"pre-fix","sessionId":"bd9af0","timestamp":1778058900143}
{"data":{"accessExpireSec":3600,"exp":1778062500,"iat":1778058900,"jwtDotCount":2,"tokenLen":143,"userId":5},"hypothesisId":"H1","location":"login_logic.go:Login","message":"issued login access token","runId":"pre-fix","sessionId":"bd9af0","timestamp":1778058900153}
{"data":{"accessExpireSec":3600,"exp":1778062500,"iat":1778058900,"jwtDotCount":2,"tokenLen":143,"userId":5},"hypothesisId":"H1","location":"login_logic.go:Login","message":"issued login access token","runId":"pre-fix","sessionId":"bd9af0","timestamp":1778058900184}
{"data":{"accessExpireSec":3600,"exp":1778062500,"iat":1778058900,"jwtDotCount":2,"tokenLen":143,"userId":5},"hypothesisId":"H1","location":"login_logic.go:Login","message":"issued login access token","runId":"pre-fix","sessionId":"bd9af0","timestamp":1778058900184}
{"data":{"accessExpireSec":3600,"exp":1778062500,"iat":1778058900,"jwtDotCount":2,"tokenLen":143,"userId":5},"hypothesisId":"H1","location":"login_logic.go:Login","message":"issued login access token","runId":"pre-fix","sessionId":"bd9af0","timestamp":1778058900186}
{"data":{"accessExpireSec":3600,"exp":1778062500,"iat":1778058900,"jwtDotCount":2,"tokenLen":143,"userId":5},"hypothesisId":"H1","location":"login_logic.go:Login","message":"issued login access token","runId":"pre-fix","sessionId":"bd9af0","timestamp":1778058900185}
{"data":{"accessExpireSec":3600,"exp":1778062500,"iat":1778058900,"jwtDotCount":2,"tokenLen":143,"userId":5},"hypothesisId":"H1","location":"login_logic.go:Login","message":"issued login access token","runId":"pre-fix","sessionId":"bd9af0","timestamp":1778058900190}
{"data":{"accessExpireSec":3600,"exp":1778062500,"iat":1778058900,"jwtDotCount":2,"tokenLen":143,"userId":5},"hypothesisId":"H1","location":"login_logic.go:Login","message":"issued login access token","runId":"pre-fix","sessionId":"bd9af0","timestamp":1778058900205}
{"data":{"accessExpireSec":3600,"exp":1778062500,"iat":1778058900,"jwtDotCount":2,"tokenLen":143,"userId":5},"hypothesisId":"H1","location":"login_logic.go:Login","message":"issued login access token","runId":"pre-fix","sessionId":"bd9af0","timestamp":1778058900208}
{"data":{"accessExpireSec":3600,"exp":1778062500,"iat":1778058900,"jwtDotCount":2,"tokenLen":143,"userId":5},"hypothesisId":"H1","location":"login_logic.go:Login","message":"issued login access token","runId":"pre-fix","sessionId":"bd9af0","timestamp":1778058900208}
{"data":{"accessExpireSec":3600,"exp":1778062500,"iat":1778058900,"jwtDotCount":2,"tokenLen":143,"userId":5},"hypothesisId":"H1","location":"login_logic.go:Login","message":"issued login access token","runId":"pre-fix","sessionId":"bd9af0","timestamp":1778058900210}
{"data":{"accessExpireSec":3600,"exp":1778062500,"iat":1778058900,"jwtDotCount":2,"tokenLen":143,"userId":5},"hypothesisId":"H1","location":"login_logic.go:Login","message":"issued login access token","runId":"pre-fix","sessionId":"bd9af0","timestamp":1778058900220}
{"data":{"accessExpireSec":3600,"exp":1778062500,"iat":1778058900,"jwtDotCount":2,"tokenLen":143,"userId":5},"hypothesisId":"H1","location":"login_logic.go:Login","message":"issued login access token","runId":"pre-fix","sessionId":"bd9af0","timestamp":1778058900245}
{"data":{"accessExpireSec":3600,"exp":1778062500,"iat":1778058900,"jwtDotCount":2,"tokenLen":143,"userId":5},"hypothesisId":"H1","location":"login_logic.go:Login","message":"issued login access token","runId":"pre-fix","sessionId":"bd9af0","timestamp":1778058900246}
{"data":{"accessExpireSec":3600,"exp":1778062500,"iat":1778058900,"jwtDotCount":2,"tokenLen":143,"userId":5},"hypothesisId":"H1","location":"login_logic.go:Login","message":"issued login access token","runId":"pre-fix","sessionId":"bd9af0","timestamp":1778058900246}
{"data":{"accessExpireSec":3600,"exp":1778062500,"iat":1778058900,"jwtDotCount":2,"tokenLen":143,"userId":5},"hypothesisId":"H1","location":"login_logic.go:Login","message":"issued login access token","runId":"pre-fix","sessionId":"bd9af0","timestamp":1778058900248}
{"data":{"accessExpireSec":3600,"exp":1778062500,"iat":1778058900,"jwtDotCount":2,"tokenLen":143,"userId":5},"hypothesisId":"H1","location":"login_logic.go:Login","message":"issued login access token","runId":"pre-fix","sessionId":"bd9af0","timestamp":1778058900252}
{"data":{"accessExpireSec":3600,"exp":1778062500,"iat":1778058900,"jwtDotCount":2,"tokenLen":143,"userId":5},"hypothesisId":"H1","location":"login_logic.go:Login","message":"issued login access token","runId":"pre-fix","sessionId":"bd9af0","timestamp":1778058900268}
{"data":{"accessExpireSec":3600,"exp":1778062500,"iat":1778058900,"jwtDotCount":2,"tokenLen":143,"userId":5},"hypothesisId":"H1","location":"login_logic.go:Login","message":"issued login access token","runId":"pre-fix","sessionId":"bd9af0","timestamp":1778058900270}
{"data":{"accessExpireSec":3600,"exp":1778062500,"iat":1778058900,"jwtDotCount":2,"tokenLen":143,"userId":5},"hypothesisId":"H1","location":"login_logic.go:Login","message":"issued login access token","runId":"pre-fix","sessionId":"bd9af0","timestamp":1778058900271}
{"data":{"accessExpireSec":3600,"exp":1778062500,"iat":1778058900,"jwtDotCount":2,"tokenLen":143,"userId":5},"hypothesisId":"H1","location":"login_logic.go:Login","message":"issued login access token","runId":"pre-fix","sessionId":"bd9af0","timestamp":1778058900273}
{"data":{"accessExpireSec":3600,"exp":1778062500,"iat":1778058900,"jwtDotCount":2,"tokenLen":143,"userId":5},"hypothesisId":"H1","location":"login_logic.go:Login","message":"issued login access token","runId":"pre-fix","sessionId":"bd9af0","timestamp":1778058900284}
{"data":{"accessExpireSec":3600,"exp":1778062500,"iat":1778058900,"jwtDotCount":2,"tokenLen":143,"userId":5},"hypothesisId":"H1","location":"login_logic.go:Login","message":"issued login access token","runId":"pre-fix","sessionId":"bd9af0","timestamp":1778058900312}
{"data":{"accessExpireSec":3600,"exp":1778062500,"iat":1778058900,"jwtDotCount":2,"tokenLen":143,"userId":5},"hypothesisId":"H1","location":"login_logic.go:Login","message":"issued login access token","runId":"pre-fix","sessionId":"bd9af0","timestamp":1778058900313}
{"data":{"accessExpireSec":3600,"exp":1778062500,"iat":1778058900,"jwtDotCount":2,"tokenLen":143,"userId":5},"hypothesisId":"H1","location":"login_logic.go:Login","message":"issued login access token","runId":"pre-fix","sessionId":"bd9af0","timestamp":1778058900315}
{"data":{"accessExpireSec":3600,"exp":1778062500,"iat":1778058900,"jwtDotCount":2,"tokenLen":143,"userId":5},"hypothesisId":"H1","location":"login_logic.go:Login","message":"issued login access token","runId":"pre-fix","sessionId":"bd9af0","timestamp":1778058900319}
{"data":{"accessExpireSec":3600,"exp":1778062500,"iat":1778058900,"jwtDotCount":2,"tokenLen":143,"userId":5},"hypothesisId":"H1","location":"login_logic.go:Login","message":"issued login access token","runId":"pre-fix","sessionId":"bd9af0","timestamp":1778058900334}
{"data":{"accessExpireSec":3600,"exp":1778062500,"iat":1778058900,"jwtDotCount":2,"tokenLen":143,"userId":5},"hypothesisId":"H1","location":"login_logic.go:Login","message":"issued login access token","runId":"pre-fix","sessionId":"bd9af0","timestamp":1778058900337}
{"data":{"accessExpireSec":3600,"exp":1778062500,"iat":1778058900,"jwtDotCount":2,"tokenLen":143,"userId":5},"hypothesisId":"H1","location":"login_logic.go:Login","message":"issued login access token","runId":"pre-fix","sessionId":"bd9af0","timestamp":1778058900338}
{"data":{"accessExpireSec":3600,"exp":1778062500,"iat":1778058900,"jwtDotCount":2,"tokenLen":143,"userId":5},"hypothesisId":"H1","location":"login_logic.go:Login","message":"issued login access token","runId":"pre-fix","sessionId":"bd9af0","timestamp":1778058900338}
{"data":{"accessExpireSec":3600,"exp":1778062500,"iat":1778058900,"jwtDotCount":2,"tokenLen":143,"userId":5},"hypothesisId":"H1","location":"login_logic.go:Login","message":"issued login access token","runId":"pre-fix","sessionId":"bd9af0","timestamp":1778058900352}
{"data":{"accessExpireSec":3600,"exp":1778062500,"iat":1778058900,"jwtDotCount":2,"tokenLen":143,"userId":5},"hypothesisId":"H1","location":"login_logic.go:Login","message":"issued login access token","runId":"pre-fix","sessionId":"bd9af0","timestamp":1778058900378}
{"data":{"accessExpireSec":3600,"exp":1778062500,"iat":1778058900,"jwtDotCount":2,"tokenLen":143,"userId":5},"hypothesisId":"H1","location":"login_logic.go:Login","message":"issued login access token","runId":"pre-fix","sessionId":"bd9af0","timestamp":1778058900380}
{"data":{"accessExpireSec":3600,"exp":1778062500,"iat":1778058900,"jwtDotCount":2,"tokenLen":143,"userId":5},"hypothesisId":"H1","location":"login_logic.go:Login","message":"issued login access token","runId":"pre-fix","sessionId":"bd9af0","timestamp":1778058900382}
{"data":{"accessExpireSec":3600,"exp":1778062500,"iat":1778058900,"jwtDotCount":2,"tokenLen":143,"userId":5},"hypothesisId":"H1","location":"login_logic.go:Login","message":"issued login access token","runId":"pre-fix","sessionId":"bd9af0","timestamp":1778058900381}
{"data":{"accessExpireSec":3600,"exp":1778062500,"iat":1778058900,"jwtDotCount":2,"tokenLen":143,"userId":5},"hypothesisId":"H1","location":"login_logic.go:Login","message":"issued login access token","runId":"pre-fix","sessionId":"bd9af0","timestamp":1778058900398}
{"data":{"accessExpireSec":3600,"exp":1778062500,"iat":1778058900,"jwtDotCount":2,"tokenLen":143,"userId":5},"hypothesisId":"H1","location":"login_logic.go:Login","message":"issued login access token","runId":"pre-fix","sessionId":"bd9af0","timestamp":1778058900402}
{"data":{"accessExpireSec":3600,"exp":1778062500,"iat":1778058900,"jwtDotCount":2,"tokenLen":143,"userId":5},"hypothesisId":"H1","location":"login_logic.go:Login","message":"issued login access token","runId":"pre-fix","sessionId":"bd9af0","timestamp":1778058900402}
{"data":{"accessExpireSec":3600,"exp":1778062500,"iat":1778058900,"jwtDotCount":2,"tokenLen":143,"userId":5},"hypothesisId":"H1","location":"login_logic.go:Login","message":"issued login access token","runId":"pre-fix","sessionId":"bd9af0","timestamp":1778058900404}
{"data":{"accessExpireSec":3600,"exp":1778062500,"iat":1778058900,"jwtDotCount":2,"tokenLen":143,"userId":5},"hypothesisId":"H1","location":"login_logic.go:Login","message":"issued login access token","runId":"pre-fix","sessionId":"bd9af0","timestamp":1778058900417}
{"data":{"accessExpireSec":3600,"exp":1778062500,"iat":1778058900,"jwtDotCount":2,"tokenLen":143,"userId":5},"hypothesisId":"H1","location":"login_logic.go:Login","message":"issued login access token","runId":"pre-fix","sessionId":"bd9af0","timestamp":1778058900422}
{"data":{"accessExpireSec":3600,"exp":1778062500,"iat":1778058900,"jwtDotCount":2,"tokenLen":143,"userId":5},"hypothesisId":"H1","location":"login_logic.go:Login","message":"issued login access token","runId":"pre-fix","sessionId":"bd9af0","timestamp":1778058900443}
{"data":{"accessExpireSec":3600,"exp":1778062500,"iat":1778058900,"jwtDotCount":2,"tokenLen":143,"userId":5},"hypothesisId":"H1","location":"login_logic.go:Login","message":"issued login access token","runId":"pre-fix","sessionId":"bd9af0","timestamp":1778058900444}
{"data":{"accessExpireSec":3600,"exp":1778062500,"iat":1778058900,"jwtDotCount":2,"tokenLen":143,"userId":5},"hypothesisId":"H1","location":"login_logic.go:Login","message":"issued login access token","runId":"pre-fix","sessionId":"bd9af0","timestamp":1778058900444}
{"data":{"accessExpireSec":3600,"exp":1778062500,"iat":1778058900,"jwtDotCount":2,"tokenLen":143,"userId":5},"hypothesisId":"H1","location":"login_logic.go:Login","message":"issued login access token","runId":"pre-fix","sessionId":"bd9af0","timestamp":1778058900444}
{"data":{"accessExpireSec":3600,"exp":1778062500,"iat":1778058900,"jwtDotCount":2,"tokenLen":143,"userId":5},"hypothesisId":"H1","location":"login_logic.go:Login","message":"issued login access token","runId":"pre-fix","sessionId":"bd9af0","timestamp":1778058900464}
{"data":{"accessExpireSec":3600,"exp":1778062500,"iat":1778058900,"jwtDotCount":2,"tokenLen":143,"userId":5},"hypothesisId":"H1","location":"login_logic.go:Login","message":"issued login access token","runId":"pre-fix","sessionId":"bd9af0","timestamp":1778058900466}
{"data":{"accessExpireSec":3600,"exp":1778062500,"iat":1778058900,"jwtDotCount":2,"tokenLen":143,"userId":5},"hypothesisId":"H1","location":"login_logic.go:Login","message":"issued login access token","runId":"pre-fix","sessionId":"bd9af0","timestamp":1778058900467}
{"data":{"accessExpireSec":3600,"exp":1778062500,"iat":1778058900,"jwtDotCount":2,"tokenLen":143,"userId":5},"hypothesisId":"H1","location":"login_logic.go:Login","message":"issued login access token","runId":"pre-fix","sessionId":"bd9af0","timestamp":1778058900468}
{"data":{"accessExpireSec":3600,"exp":1778062500,"iat":1778058900,"jwtDotCount":2,"tokenLen":143,"userId":5},"hypothesisId":"H1","location":"login_logic.go:Login","message":"issued login access token","runId":"pre-fix","sessionId":"bd9af0","timestamp":1778058900483}
{"data":{"accessExpireSec":3600,"exp":1778062500,"iat":1778058900,"jwtDotCount":2,"tokenLen":143,"userId":5},"hypothesisId":"H1","location":"login_logic.go:Login","message":"issued login access token","runId":"pre-fix","sessionId":"bd9af0","timestamp":1778058900486}
{"data":{"accessExpireSec":3600,"exp":1778062500,"iat":1778058900,"jwtDotCount":2,"tokenLen":143,"userId":5},"hypothesisId":"H1","location":"login_logic.go:Login","message":"issued login access token","runId":"pre-fix","sessionId":"bd9af0","timestamp":1778058900508}
{"data":{"accessExpireSec":3600,"exp":1778062500,"iat":1778058900,"jwtDotCount":2,"tokenLen":143,"userId":5},"hypothesisId":"H1","location":"login_logic.go:Login","message":"issued login access token","runId":"pre-fix","sessionId":"bd9af0","timestamp":1778058900508}
{"data":{"accessExpireSec":3600,"exp":1778062500,"iat":1778058900,"jwtDotCount":2,"tokenLen":143,"userId":5},"hypothesisId":"H1","location":"login_logic.go:Login","message":"issued login access token","runId":"pre-fix","sessionId":"bd9af0","timestamp":1778058900509}
{"data":{"accessExpireSec":3600,"exp":1778062500,"iat":1778058900,"jwtDotCount":2,"tokenLen":143,"userId":5},"hypothesisId":"H1","location":"login_logic.go:Login","message":"issued login access token","runId":"pre-fix","sessionId":"bd9af0","timestamp":1778058900509}
{"data":{"accessExpireSec":3600,"exp":1778062500,"iat":1778058900,"jwtDotCount":2,"tokenLen":143,"userId":5},"hypothesisId":"H1","location":"login_logic.go:Login","message":"issued login access token","runId":"pre-fix","sessionId":"bd9af0","timestamp":1778058900528}
{"data":{"accessExpireSec":3600,"exp":1778062500,"iat":1778058900,"jwtDotCount":2,"tokenLen":143,"userId":5},"hypothesisId":"H1","location":"login_logic.go:Login","message":"issued login access token","runId":"pre-fix","sessionId":"bd9af0","timestamp":1778058900530}
{"data":{"accessExpireSec":3600,"exp":1778062500,"iat":1778058900,"jwtDotCount":2,"tokenLen":143,"userId":5},"hypothesisId":"H1","location":"login_logic.go:Login","message":"issued login access token","runId":"pre-fix","sessionId":"bd9af0","timestamp":1778058900532}
{"data":{"accessExpireSec":3600,"exp":1778062500,"iat":1778058900,"jwtDotCount":2,"tokenLen":143,"userId":5},"hypothesisId":"H1","location":"login_logic.go:Login","message":"issued login access token","runId":"pre-fix","sessionId":"bd9af0","timestamp":1778058900532}
{"data":{"accessExpireSec":3600,"exp":1778062500,"iat":1778058900,"jwtDotCount":2,"tokenLen":143,"userId":5},"hypothesisId":"H1","location":"login_logic.go:Login","message":"issued login access token","runId":"pre-fix","sessionId":"bd9af0","timestamp":1778058900549}
{"data":{"accessExpireSec":3600,"exp":1778062500,"iat":1778058900,"jwtDotCount":2,"tokenLen":143,"userId":5},"hypothesisId":"H1","location":"login_logic.go:Login","message":"issued login access token","runId":"pre-fix","sessionId":"bd9af0","timestamp":1778058900552}
{"data":{"accessExpireSec":3600,"exp":1778062500,"iat":1778058900,"jwtDotCount":2,"tokenLen":143,"userId":5},"hypothesisId":"H1","location":"login_logic.go:Login","message":"issued login access token","runId":"pre-fix","sessionId":"bd9af0","timestamp":1778058900574}
{"data":{"accessExpireSec":3600,"exp":1778062500,"iat":1778058900,"jwtDotCount":2,"tokenLen":143,"userId":5},"hypothesisId":"H1","location":"login_logic.go:Login","message":"issued login access token","runId":"pre-fix","sessionId":"bd9af0","timestamp":1778058900574}
{"data":{"accessExpireSec":3600,"exp":1778062500,"iat":1778058900,"jwtDotCount":2,"tokenLen":143,"userId":5},"hypothesisId":"H1","location":"login_logic.go:Login","message":"issued login access token","runId":"pre-fix","sessionId":"bd9af0","timestamp":1778058900575}
{"data":{"accessExpireSec":3600,"exp":1778062500,"iat":1778058900,"jwtDotCount":2,"tokenLen":143,"userId":5},"hypothesisId":"H1","location":"login_logic.go:Login","message":"issued login access token","runId":"pre-fix","sessionId":"bd9af0","timestamp":1778058900576}
{"data":{"accessExpireSec":3600,"exp":1778062500,"iat":1778058900,"jwtDotCount":2,"tokenLen":143,"userId":5},"hypothesisId":"H1","location":"login_logic.go:Login","message":"issued login access token","runId":"pre-fix","sessionId":"bd9af0","timestamp":1778058900595}
{"data":{"accessExpireSec":3600,"exp":1778062500,"iat":1778058900,"jwtDotCount":2,"tokenLen":143,"userId":5},"hypothesisId":"H1","location":"login_logic.go:Login","message":"issued login access token","runId":"pre-fix","sessionId":"bd9af0","timestamp":1778058900596}
{"data":{"accessExpireSec":3600,"exp":1778062500,"iat":1778058900,"jwtDotCount":2,"tokenLen":143,"userId":5},"hypothesisId":"H1","location":"login_logic.go:Login","message":"issued login access token","runId":"pre-fix","sessionId":"bd9af0","timestamp":1778058900604}
{"data":{"accessExpireSec":3600,"exp":1778062500,"iat":1778058900,"jwtDotCount":2,"tokenLen":143,"userId":5},"hypothesisId":"H1","location":"login_logic.go:Login","message":"issued login access token","runId":"pre-fix","sessionId":"bd9af0","timestamp":1778058900606}
{"data":{"accessExpireSec":3600,"exp":1778062500,"iat":1778058900,"jwtDotCount":2,"tokenLen":143,"userId":5},"hypothesisId":"H1","location":"login_logic.go:Login","message":"issued login access token","runId":"pre-fix","sessionId":"bd9af0","timestamp":1778058900621}
{"data":{"accessExpireSec":3600,"exp":1778062500,"iat":1778058900,"jwtDotCount":2,"tokenLen":143,"userId":5},"hypothesisId":"H1","location":"login_logic.go:Login","message":"issued login access token","runId":"pre-fix","sessionId":"bd9af0","timestamp":1778058900623}
{"data":{"accessExpireSec":3600,"exp":1778062500,"iat":1778058900,"jwtDotCount":2,"tokenLen":143,"userId":5},"hypothesisId":"H1","location":"login_logic.go:Login","message":"issued login access token","runId":"pre-fix","sessionId":"bd9af0","timestamp":1778058900643}
{"data":{"accessExpireSec":3600,"exp":1778062500,"iat":1778058900,"jwtDotCount":2,"tokenLen":143,"userId":5},"hypothesisId":"H1","location":"login_logic.go:Login","message":"issued login access token","runId":"pre-fix","sessionId":"bd9af0","timestamp":1778058900643}
{"data":{"accessExpireSec":3600,"exp":1778062500,"iat":1778058900,"jwtDotCount":2,"tokenLen":143,"userId":5},"hypothesisId":"H1","location":"login_logic.go:Login","message":"issued login access token","runId":"pre-fix","sessionId":"bd9af0","timestamp":1778058900643}
{"data":{"accessExpireSec":3600,"exp":1778062500,"iat":1778058900,"jwtDotCount":2,"tokenLen":143,"userId":5},"hypothesisId":"H1","location":"login_logic.go:Login","message":"issued login access token","runId":"pre-fix","sessionId":"bd9af0","timestamp":1778058900644}
{"data":{"accessExpireSec":3600,"exp":1778062500,"iat":1778058900,"jwtDotCount":2,"tokenLen":143,"userId":5},"hypothesisId":"H1","location":"login_logic.go:Login","message":"issued login access token","runId":"pre-fix","sessionId":"bd9af0","timestamp":1778058900667}
{"data":{"accessExpireSec":3600,"exp":1778062500,"iat":1778058900,"jwtDotCount":2,"tokenLen":143,"userId":5},"hypothesisId":"H1","location":"login_logic.go:Login","message":"issued login access token","runId":"pre-fix","sessionId":"bd9af0","timestamp":1778058900668}
{"data":{"accessExpireSec":3600,"exp":1778062500,"iat":1778058900,"jwtDotCount":2,"tokenLen":143,"userId":5},"hypothesisId":"H1","location":"login_logic.go:Login","message":"issued login access token","runId":"pre-fix","sessionId":"bd9af0","timestamp":1778058900674}
{"data":{"accessExpireSec":3600,"exp":1778062500,"iat":1778058900,"jwtDotCount":2,"tokenLen":143,"userId":5},"hypothesisId":"H1","location":"login_logic.go:Login","message":"issued login access token","runId":"pre-fix","sessionId":"bd9af0","timestamp":1778058900674}
{"data":{"accessExpireSec":3600,"exp":1778062500,"iat":1778058900,"jwtDotCount":2,"tokenLen":143,"userId":5},"hypothesisId":"H1","location":"login_logic.go:Login","message":"issued login access token","runId":"pre-fix","sessionId":"bd9af0","timestamp":1778058900690}
{"data":{"accessExpireSec":3600,"exp":1778062500,"iat":1778058900,"jwtDotCount":2,"tokenLen":143,"userId":5},"hypothesisId":"H1","location":"login_logic.go:Login","message":"issued login access token","runId":"pre-fix","sessionId":"bd9af0","timestamp":1778058900690}
{"data":{"accessExpireSec":3600,"exp":1778062500,"iat":1778058900,"jwtDotCount":2,"tokenLen":143,"userId":5},"hypothesisId":"H1","location":"login_logic.go:Login","message":"issued login access token","runId":"pre-fix","sessionId":"bd9af0","timestamp":1778058900712}
{"data":{"accessExpireSec":3600,"exp":1778062500,"iat":1778058900,"jwtDotCount":2,"tokenLen":143,"userId":5},"hypothesisId":"H1","location":"login_logic.go:Login","message":"issued login access token","runId":"pre-fix","sessionId":"bd9af0","timestamp":1778058900713}
{"data":{"accessExpireSec":3600,"exp":1778062500,"iat":1778058900,"jwtDotCount":2,"tokenLen":143,"userId":5},"hypothesisId":"H1","location":"login_logic.go:Login","message":"issued login access token","runId":"pre-fix","sessionId":"bd9af0","timestamp":1778058900714}
{"data":{"accessExpireSec":3600,"exp":1778062500,"iat":1778058900,"jwtDotCount":2,"tokenLen":143,"userId":5},"hypothesisId":"H1","location":"login_logic.go:Login","message":"issued login access token","runId":"pre-fix","sessionId":"bd9af0","timestamp":1778058900718}
{"data":{"accessExpireSec":3600,"exp":1778062500,"iat":1778058900,"jwtDotCount":2,"tokenLen":143,"userId":5},"hypothesisId":"H1","location":"login_logic.go:Login","message":"issued login access token","runId":"pre-fix","sessionId":"bd9af0","timestamp":1778058900733}
{"data":{"accessExpireSec":3600,"exp":1778062500,"iat":1778058900,"jwtDotCount":2,"tokenLen":143,"userId":5},"hypothesisId":"H1","location":"login_logic.go:Login","message":"issued login access token","runId":"pre-fix","sessionId":"bd9af0","timestamp":1778058900733}
{"data":{"accessExpireSec":3600,"exp":1778062500,"iat":1778058900,"jwtDotCount":2,"tokenLen":143,"userId":5},"hypothesisId":"H1","location":"login_logic.go:Login","message":"issued login access token","runId":"pre-fix","sessionId":"bd9af0","timestamp":1778058900743}
{"data":{"accessExpireSec":3600,"exp":1778062500,"iat":1778058900,"jwtDotCount":2,"tokenLen":143,"userId":5},"hypothesisId":"H1","location":"login_logic.go:Login","message":"issued login access token","runId":"pre-fix","sessionId":"bd9af0","timestamp":1778058900743}
{"data":{"accessExpireSec":3600,"exp":1778062500,"iat":1778058900,"jwtDotCount":2,"tokenLen":143,"userId":5},"hypothesisId":"H1","location":"login_logic.go:Login","message":"issued login access token","runId":"pre-fix","sessionId":"bd9af0","timestamp":1778058900756}
{"data":{"accessExpireSec":3600,"exp":1778062500,"iat":1778058900,"jwtDotCount":2,"tokenLen":143,"userId":5},"hypothesisId":"H1","location":"login_logic.go:Login","message":"issued login access token","runId":"pre-fix","sessionId":"bd9af0","timestamp":1778058900756}
{"data":{"accessExpireSec":3600,"exp":1778062500,"iat":1778058900,"jwtDotCount":2,"tokenLen":143,"userId":5},"hypothesisId":"H1","location":"login_logic.go:Login","message":"issued login access token","runId":"pre-fix","sessionId":"bd9af0","timestamp":1778058900778}
{"data":{"accessExpireSec":3600,"exp":1778062500,"iat":1778058900,"jwtDotCount":2,"tokenLen":143,"userId":5},"hypothesisId":"H1","location":"login_logic.go:Login","message":"issued login access token","runId":"pre-fix","sessionId":"bd9af0","timestamp":1778058900778}
{"data":{"accessExpireSec":3600,"exp":1778062500,"iat":1778058900,"jwtDotCount":2,"tokenLen":143,"userId":5},"hypothesisId":"H1","location":"login_logic.go:Login","message":"issued login access token","runId":"pre-fix","sessionId":"bd9af0","timestamp":1778058900780}
{"data":{"accessExpireSec":3600,"exp":1778062500,"iat":1778058900,"jwtDotCount":2,"tokenLen":143,"userId":5},"hypothesisId":"H1","location":"login_logic.go:Login","message":"issued login access token","runId":"pre-fix","sessionId":"bd9af0","timestamp":1778058900784}
{"data":{"accessExpireSec":3600,"exp":1778062500,"iat":1778058900,"jwtDotCount":2,"tokenLen":143,"userId":5},"hypothesisId":"H1","location":"login_logic.go:Login","message":"issued login access token","runId":"pre-fix","sessionId":"bd9af0","timestamp":1778058900798}
{"data":{"accessExpireSec":3600,"exp":1778062500,"iat":1778058900,"jwtDotCount":2,"tokenLen":143,"userId":5},"hypothesisId":"H1","location":"login_logic.go:Login","message":"issued login access token","runId":"pre-fix","sessionId":"bd9af0","timestamp":1778058900798}
{"data":{"accessExpireSec":3600,"exp":1778062500,"iat":1778058900,"jwtDotCount":2,"tokenLen":143,"userId":5},"hypothesisId":"H1","location":"login_logic.go:Login","message":"issued login access token","runId":"pre-fix","sessionId":"bd9af0","timestamp":1778058900807}
{"data":{"accessExpireSec":3600,"exp":1778062500,"iat":1778058900,"jwtDotCount":2,"tokenLen":143,"userId":5},"hypothesisId":"H1","location":"login_logic.go:Login","message":"issued login access token","runId":"pre-fix","sessionId":"bd9af0","timestamp":1778058900810}
{"data":{"accessExpireSec":3600,"exp":1778062500,"iat":1778058900,"jwtDotCount":2,"tokenLen":143,"userId":5},"hypothesisId":"H1","location":"login_logic.go:Login","message":"issued login access token","runId":"pre-fix","sessionId":"bd9af0","timestamp":1778058900820}
{"data":{"accessExpireSec":3600,"exp":1778062500,"iat":1778058900,"jwtDotCount":2,"tokenLen":143,"userId":5},"hypothesisId":"H1","location":"login_logic.go:Login","message":"issued login access token","runId":"pre-fix","sessionId":"bd9af0","timestamp":1778058900822}
{"data":{"accessExpireSec":3600,"exp":1778062500,"iat":1778058900,"jwtDotCount":2,"tokenLen":143,"userId":5},"hypothesisId":"H1","location":"login_logic.go:Login","message":"issued login access token","runId":"pre-fix","sessionId":"bd9af0","timestamp":1778058900845}
{"data":{"accessExpireSec":3600,"exp":1778062500,"iat":1778058900,"jwtDotCount":2,"tokenLen":143,"userId":5},"hypothesisId":"H1","location":"login_logic.go:Login","message":"issued login access token","runId":"pre-fix","sessionId":"bd9af0","timestamp":1778058900845}
{"data":{"accessExpireSec":3600,"exp":1778062500,"iat":1778058900,"jwtDotCount":2,"tokenLen":143,"userId":5},"hypothesisId":"H1","location":"login_logic.go:Login","message":"issued login access token","runId":"pre-fix","sessionId":"bd9af0","timestamp":1778058900846}
{"data":{"accessExpireSec":3600,"exp":1778062500,"iat":1778058900,"jwtDotCount":2,"tokenLen":143,"userId":5},"hypothesisId":"H1","location":"login_logic.go:Login","message":"issued login access token","runId":"pre-fix","sessionId":"bd9af0","timestamp":1778058900847}
{"data":{"accessExpireSec":3600,"exp":1778062500,"iat":1778058900,"jwtDotCount":2,"tokenLen":143,"userId":5},"hypothesisId":"H1","location":"login_logic.go:Login","message":"issued login access token","runId":"pre-fix","sessionId":"bd9af0","timestamp":1778058900861}
{"data":{"accessExpireSec":3600,"exp":1778062500,"iat":1778058900,"jwtDotCount":2,"tokenLen":143,"userId":5},"hypothesisId":"H1","location":"login_logic.go:Login","message":"issued login access token","runId":"pre-fix","sessionId":"bd9af0","timestamp":1778058900861}
{"data":{"accessExpireSec":3600,"exp":1778062500,"iat":1778058900,"jwtDotCount":2,"tokenLen":143,"userId":5},"hypothesisId":"H1","location":"login_logic.go:Login","message":"issued login access token","runId":"pre-fix","sessionId":"bd9af0","timestamp":1778058900872}
{"data":{"accessExpireSec":3600,"exp":1778062500,"iat":1778058900,"jwtDotCount":2,"tokenLen":143,"userId":5},"hypothesisId":"H1","location":"login_logic.go:Login","message":"issued login access token","runId":"pre-fix","sessionId":"bd9af0","timestamp":1778058900873}
{"data":{"accessExpireSec":3600,"exp":1778062500,"iat":1778058900,"jwtDotCount":2,"tokenLen":143,"userId":5},"hypothesisId":"H1","location":"login_logic.go:Login","message":"issued login access token","runId":"pre-fix","sessionId":"bd9af0","timestamp":1778058900886}
{"data":{"accessExpireSec":3600,"exp":1778062500,"iat":1778058900,"jwtDotCount":2,"tokenLen":143,"userId":5},"hypothesisId":"H1","location":"login_logic.go:Login","message":"issued login access token","runId":"pre-fix","sessionId":"bd9af0","timestamp":1778058900886}
{"data":{"accessExpireSec":3600,"exp":1778062500,"iat":1778058900,"jwtDotCount":2,"tokenLen":143,"userId":5},"hypothesisId":"H1","location":"login_logic.go:Login","message":"issued login access token","runId":"pre-fix","sessionId":"bd9af0","timestamp":1778058900909}
{"data":{"accessExpireSec":3600,"exp":1778062500,"iat":1778058900,"jwtDotCount":2,"tokenLen":143,"userId":5},"hypothesisId":"H1","location":"login_logic.go:Login","message":"issued login access token","runId":"pre-fix","sessionId":"bd9af0","timestamp":1778058900910}
{"data":{"accessExpireSec":3600,"exp":1778062500,"iat":1778058900,"jwtDotCount":2,"tokenLen":143,"userId":5},"hypothesisId":"H1","location":"login_logic.go:Login","message":"issued login access token","runId":"pre-fix","sessionId":"bd9af0","timestamp":1778058900910}
{"data":{"accessExpireSec":3600,"exp":1778062500,"iat":1778058900,"jwtDotCount":2,"tokenLen":143,"userId":5},"hypothesisId":"H1","location":"login_logic.go:Login","message":"issued login access token","runId":"pre-fix","sessionId":"bd9af0","timestamp":1778058900910}
{"data":{"accessExpireSec":3600,"exp":1778062500,"iat":1778058900,"jwtDotCount":2,"tokenLen":143,"userId":5},"hypothesisId":"H1","location":"login_logic.go:Login","message":"issued login access token","runId":"pre-fix","sessionId":"bd9af0","timestamp":1778058900923}
{"data":{"accessExpireSec":3600,"exp":1778062500,"iat":1778058900,"jwtDotCount":2,"tokenLen":143,"userId":5},"hypothesisId":"H1","location":"login_logic.go:Login","message":"issued login access token","runId":"pre-fix","sessionId":"bd9af0","timestamp":1778058900926}
{"data":{"accessExpireSec":3600,"exp":1778062500,"iat":1778058900,"jwtDotCount":2,"tokenLen":143,"userId":5},"hypothesisId":"H1","location":"login_logic.go:Login","message":"issued login access token","runId":"pre-fix","sessionId":"bd9af0","timestamp":1778058900937}
{"data":{"accessExpireSec":3600,"exp":1778062500,"iat":1778058900,"jwtDotCount":2,"tokenLen":143,"userId":5},"hypothesisId":"H1","location":"login_logic.go:Login","message":"issued login access token","runId":"pre-fix","sessionId":"bd9af0","timestamp":1778058900939}
{"data":{"accessExpireSec":3600,"exp":1778062500,"iat":1778058900,"jwtDotCount":2,"tokenLen":143,"userId":5},"hypothesisId":"H1","location":"login_logic.go:Login","message":"issued login access token","runId":"pre-fix","sessionId":"bd9af0","timestamp":1778058900952}
{"data":{"accessExpireSec":3600,"exp":1778062500,"iat":1778058900,"jwtDotCount":2,"tokenLen":143,"userId":5},"hypothesisId":"H1","location":"login_logic.go:Login","message":"issued login access token","runId":"pre-fix","sessionId":"bd9af0","timestamp":1778058900952}
{"data":{"accessExpireSec":3600,"exp":1778062500,"iat":1778058900,"jwtDotCount":2,"tokenLen":143,"userId":5},"hypothesisId":"H1","location":"login_logic.go:Login","message":"issued login access token","runId":"pre-fix","sessionId":"bd9af0","timestamp":1778058900976}
{"data":{"accessExpireSec":3600,"exp":1778062500,"iat":1778058900,"jwtDotCount":2,"tokenLen":143,"userId":5},"hypothesisId":"H1","location":"login_logic.go:Login","message":"issued login access token","runId":"pre-fix","sessionId":"bd9af0","timestamp":1778058900977}
{"data":{"accessExpireSec":3600,"exp":1778062500,"iat":1778058900,"jwtDotCount":2,"tokenLen":143,"userId":5},"hypothesisId":"H1","location":"login_logic.go:Login","message":"issued login access token","runId":"pre-fix","sessionId":"bd9af0","timestamp":1778058900977}
{"data":{"accessExpireSec":3600,"exp":1778062500,"iat":1778058900,"jwtDotCount":2,"tokenLen":143,"userId":5},"hypothesisId":"H1","location":"login_logic.go:Login","message":"issued login access token","runId":"pre-fix","sessionId":"bd9af0","timestamp":1778058900979}
{"data":{"accessExpireSec":3600,"exp":1778062500,"iat":1778058900,"jwtDotCount":2,"tokenLen":143,"userId":5},"hypothesisId":"H1","location":"login_logic.go:Login","message":"issued login access token","runId":"pre-fix","sessionId":"bd9af0","timestamp":1778058900994}
{"data":{"accessExpireSec":3600,"exp":1778062500,"iat":1778058900,"jwtDotCount":2,"tokenLen":143,"userId":5},"hypothesisId":"H1","location":"login_logic.go:Login","message":"issued login access token","runId":"pre-fix","sessionId":"bd9af0","timestamp":1778058900994}
{"data":{"accessExpireSec":3600,"exp":1778062501,"iat":1778058901,"jwtDotCount":2,"tokenLen":143,"userId":5},"hypothesisId":"H1","location":"login_logic.go:Login","message":"issued login access token","runId":"pre-fix","sessionId":"bd9af0","timestamp":1778058901005}
{"data":{"accessExpireSec":3600,"exp":1778062501,"iat":1778058901,"jwtDotCount":2,"tokenLen":143,"userId":5},"hypothesisId":"H1","location":"login_logic.go:Login","message":"issued login access token","runId":"pre-fix","sessionId":"bd9af0","timestamp":1778058901005}
{"data":{"accessExpireSec":3600,"exp":1778062501,"iat":1778058901,"jwtDotCount":2,"tokenLen":143,"userId":5},"hypothesisId":"H1","location":"login_logic.go:Login","message":"issued login access token","runId":"pre-fix","sessionId":"bd9af0","timestamp":1778058901017}
{"data":{"accessExpireSec":3600,"exp":1778062501,"iat":1778058901,"jwtDotCount":2,"tokenLen":143,"userId":5},"hypothesisId":"H1","location":"login_logic.go:Login","message":"issued login access token","runId":"pre-fix","sessionId":"bd9af0","timestamp":1778058901018}
{"data":{"accessExpireSec":3600,"exp":1778062501,"iat":1778058901,"jwtDotCount":2,"tokenLen":143,"userId":5},"hypothesisId":"H1","location":"login_logic.go:Login","message":"issued login access token","runId":"pre-fix","sessionId":"bd9af0","timestamp":1778058901044}
{"data":{"accessExpireSec":3600,"exp":1778062501,"iat":1778058901,"jwtDotCount":2,"tokenLen":143,"userId":5},"hypothesisId":"H1","location":"login_logic.go:Login","message":"issued login access token","runId":"pre-fix","sessionId":"bd9af0","timestamp":1778058901045}
{"data":{"accessExpireSec":3600,"exp":1778062501,"iat":1778058901,"jwtDotCount":2,"tokenLen":143,"userId":5},"hypothesisId":"H1","location":"login_logic.go:Login","message":"issued login access token","runId":"pre-fix","sessionId":"bd9af0","timestamp":1778058901045}
{"data":{"accessExpireSec":3600,"exp":1778062501,"iat":1778058901,"jwtDotCount":2,"tokenLen":143,"userId":5},"hypothesisId":"H1","location":"login_logic.go:Login","message":"issued login access token","runId":"pre-fix","sessionId":"bd9af0","timestamp":1778058901045}
{"data":{"accessExpireSec":3600,"exp":1778062501,"iat":1778058901,"jwtDotCount":2,"tokenLen":143,"userId":5},"hypothesisId":"H1","location":"login_logic.go:Login","message":"issued login access token","runId":"pre-fix","sessionId":"bd9af0","timestamp":1778058901062}
{"data":{"accessExpireSec":3600,"exp":1778062501,"iat":1778058901,"jwtDotCount":2,"tokenLen":143,"userId":5},"hypothesisId":"H1","location":"login_logic.go:Login","message":"issued login access token","runId":"pre-fix","sessionId":"bd9af0","timestamp":1778058901062}
{"data":{"accessExpireSec":3600,"exp":1778062501,"iat":1778058901,"jwtDotCount":2,"tokenLen":143,"userId":5},"hypothesisId":"H1","location":"login_logic.go:Login","message":"issued login access token","runId":"pre-fix","sessionId":"bd9af0","timestamp":1778058901077}
{"data":{"accessExpireSec":3600,"exp":1778062501,"iat":1778058901,"jwtDotCount":2,"tokenLen":143,"userId":5},"hypothesisId":"H1","location":"login_logic.go:Login","message":"issued login access token","runId":"pre-fix","sessionId":"bd9af0","timestamp":1778058901078}
{"data":{"accessExpireSec":3600,"exp":1778062501,"iat":1778058901,"jwtDotCount":2,"tokenLen":143,"userId":5},"hypothesisId":"H1","location":"login_logic.go:Login","message":"issued login access token","runId":"pre-fix","sessionId":"bd9af0","timestamp":1778058901090}
{"data":{"accessExpireSec":3600,"exp":1778062501,"iat":1778058901,"jwtDotCount":2,"tokenLen":143,"userId":5},"hypothesisId":"H1","location":"login_logic.go:Login","message":"issued login access token","runId":"pre-fix","sessionId":"bd9af0","timestamp":1778058901097}
{"data":{"accessExpireSec":3600,"exp":1778062501,"iat":1778058901,"jwtDotCount":2,"tokenLen":143,"userId":5},"hypothesisId":"H1","location":"login_logic.go:Login","message":"issued login access token","runId":"pre-fix","sessionId":"bd9af0","timestamp":1778058901132}
{"data":{"accessExpireSec":3600,"exp":1778062501,"iat":1778058901,"jwtDotCount":2,"tokenLen":143,"userId":5},"hypothesisId":"H1","location":"login_logic.go:Login","message":"issued login access token","runId":"pre-fix","sessionId":"bd9af0","timestamp":1778058901132}
{"data":{"accessExpireSec":3600,"exp":1778062501,"iat":1778058901,"jwtDotCount":2,"tokenLen":143,"userId":5},"hypothesisId":"H1","location":"login_logic.go:Login","message":"issued login access token","runId":"pre-fix","sessionId":"bd9af0","timestamp":1778058901133}
{"data":{"accessExpireSec":3600,"exp":1778062501,"iat":1778058901,"jwtDotCount":2,"tokenLen":143,"userId":5},"hypothesisId":"H1","location":"login_logic.go:Login","message":"issued login access token","runId":"pre-fix","sessionId":"bd9af0","timestamp":1778058901157}
{"data":{"accessExpireSec":3600,"exp":1778062501,"iat":1778058901,"jwtDotCount":2,"tokenLen":143,"userId":5},"hypothesisId":"H1","location":"login_logic.go:Login","message":"issued login access token","runId":"pre-fix","sessionId":"bd9af0","timestamp":1778058901159}
{"data":{"accessExpireSec":3600,"exp":1778062501,"iat":1778058901,"jwtDotCount":2,"tokenLen":143,"userId":5},"hypothesisId":"H1","location":"login_logic.go:Login","message":"issued login access token","runId":"pre-fix","sessionId":"bd9af0","timestamp":1778058901173}
{"data":{"accessExpireSec":3600,"exp":1778062501,"iat":1778058901,"jwtDotCount":2,"tokenLen":143,"userId":5},"hypothesisId":"H1","location":"login_logic.go:Login","message":"issued login access token","runId":"pre-fix","sessionId":"bd9af0","timestamp":1778058901174}
{"data":{"accessExpireSec":3600,"exp":1778062501,"iat":1778058901,"jwtDotCount":2,"tokenLen":143,"userId":5},"hypothesisId":"H1","location":"login_logic.go:Login","message":"issued login access token","runId":"pre-fix","sessionId":"bd9af0","timestamp":1778058901186}
{"data":{"accessExpireSec":3600,"exp":1778062501,"iat":1778058901,"jwtDotCount":2,"tokenLen":143,"userId":5},"hypothesisId":"H1","location":"login_logic.go:Login","message":"issued login access token","runId":"pre-fix","sessionId":"bd9af0","timestamp":1778058901192}
{"data":{"accessExpireSec":3600,"exp":1778062501,"iat":1778058901,"jwtDotCount":2,"tokenLen":143,"userId":5},"hypothesisId":"H1","location":"login_logic.go:Login","message":"issued login access token","runId":"pre-fix","sessionId":"bd9af0","timestamp":1778058901234}
{"data":{"accessExpireSec":3600,"exp":1778062501,"iat":1778058901,"jwtDotCount":2,"tokenLen":143,"userId":5},"hypothesisId":"H1","location":"login_logic.go:Login","message":"issued login access token","runId":"pre-fix","sessionId":"bd9af0","timestamp":1778058901239}
{"data":{"accessExpireSec":3600,"exp":1778062501,"iat":1778058901,"jwtDotCount":2,"tokenLen":143,"userId":5},"hypothesisId":"H1","location":"login_logic.go:Login","message":"issued login access token","runId":"pre-fix","sessionId":"bd9af0","timestamp":1778058901241}
{"data":{"accessExpireSec":3600,"exp":1778062501,"iat":1778058901,"jwtDotCount":2,"tokenLen":143,"userId":5},"hypothesisId":"H1","location":"login_logic.go:Login","message":"issued login access token","runId":"pre-fix","sessionId":"bd9af0","timestamp":1778058901270}
{"data":{"accessExpireSec":3600,"exp":1778062501,"iat":1778058901,"jwtDotCount":2,"tokenLen":143,"userId":5},"hypothesisId":"H1","location":"login_logic.go:Login","message":"issued login access token","runId":"pre-fix","sessionId":"bd9af0","timestamp":1778058901279}
{"data":{"accessExpireSec":3600,"exp":1778062501,"iat":1778058901,"jwtDotCount":2,"tokenLen":143,"userId":5},"hypothesisId":"H1","location":"login_logic.go:Login","message":"issued login access token","runId":"pre-fix","sessionId":"bd9af0","timestamp":1778058901293}
{"data":{"accessExpireSec":3600,"exp":1778062501,"iat":1778058901,"jwtDotCount":2,"tokenLen":143,"userId":5},"hypothesisId":"H1","location":"login_logic.go:Login","message":"issued login access token","runId":"pre-fix","sessionId":"bd9af0","timestamp":1778058901294}
{"data":{"accessExpireSec":3600,"exp":1778062501,"iat":1778058901,"jwtDotCount":2,"tokenLen":143,"userId":5},"hypothesisId":"H1","location":"login_logic.go:Login","message":"issued login access token","runId":"pre-fix","sessionId":"bd9af0","timestamp":1778058901305}
{"data":{"accessExpireSec":3600,"exp":1778062501,"iat":1778058901,"jwtDotCount":2,"tokenLen":143,"userId":5},"hypothesisId":"H1","location":"login_logic.go:Login","message":"issued login access token","runId":"pre-fix","sessionId":"bd9af0","timestamp":1778058901314}
{"data":{"accessExpireSec":3600,"exp":1778062501,"iat":1778058901,"jwtDotCount":2,"tokenLen":143,"userId":5},"hypothesisId":"H1","location":"login_logic.go:Login","message":"issued login access token","runId":"pre-fix","sessionId":"bd9af0","timestamp":1778058901347}
{"data":{"accessExpireSec":3600,"exp":1778062501,"iat":1778058901,"jwtDotCount":2,"tokenLen":143,"userId":5},"hypothesisId":"H1","location":"login_logic.go:Login","message":"issued login access token","runId":"pre-fix","sessionId":"bd9af0","timestamp":1778058901348}
{"data":{"accessExpireSec":3600,"exp":1778062501,"iat":1778058901,"jwtDotCount":2,"tokenLen":143,"userId":5},"hypothesisId":"H1","location":"login_logic.go:Login","message":"issued login access token","runId":"pre-fix","sessionId":"bd9af0","timestamp":1778058901352}
{"data":{"accessExpireSec":3600,"exp":1778062501,"iat":1778058901,"jwtDotCount":2,"tokenLen":143,"userId":5},"hypothesisId":"H1","location":"login_logic.go:Login","message":"issued login access token","runId":"pre-fix","sessionId":"bd9af0","timestamp":1778058901352}
{"data":{"accessExpireSec":3600,"exp":1778062501,"iat":1778058901,"jwtDotCount":2,"tokenLen":143,"userId":5},"hypothesisId":"H1","location":"login_logic.go:Login","message":"issued login access token","runId":"pre-fix","sessionId":"bd9af0","timestamp":1778058901372}
{"data":{"accessExpireSec":3600,"exp":1778062501,"iat":1778058901,"jwtDotCount":2,"tokenLen":143,"userId":5},"hypothesisId":"H1","location":"login_logic.go:Login","message":"issued login access token","runId":"pre-fix","sessionId":"bd9af0","timestamp":1778058901384}
{"data":{"accessExpireSec":3600,"exp":1778062501,"iat":1778058901,"jwtDotCount":2,"tokenLen":143,"userId":5},"hypothesisId":"H1","location":"login_logic.go:Login","message":"issued login access token","runId":"pre-fix","sessionId":"bd9af0","timestamp":1778058901393}
{"data":{"accessExpireSec":3600,"exp":1778062501,"iat":1778058901,"jwtDotCount":2,"tokenLen":143,"userId":5},"hypothesisId":"H1","location":"login_logic.go:Login","message":"issued login access token","runId":"pre-fix","sessionId":"bd9af0","timestamp":1778058901397}
{"data":{"accessExpireSec":3600,"exp":1778062501,"iat":1778058901,"jwtDotCount":2,"tokenLen":143,"userId":5},"hypothesisId":"H1","location":"login_logic.go:Login","message":"issued login access token","runId":"pre-fix","sessionId":"bd9af0","timestamp":1778058901404}
{"data":{"accessExpireSec":3600,"exp":1778062501,"iat":1778058901,"jwtDotCount":2,"tokenLen":143,"userId":5},"hypothesisId":"H1","location":"login_logic.go:Login","message":"issued login access token","runId":"pre-fix","sessionId":"bd9af0","timestamp":1778058901413}
{"data":{"accessExpireSec":3600,"exp":1778062501,"iat":1778058901,"jwtDotCount":2,"tokenLen":143,"userId":5},"hypothesisId":"H1","location":"login_logic.go:Login","message":"issued login access token","runId":"pre-fix","sessionId":"bd9af0","timestamp":1778058901443}
{"data":{"accessExpireSec":3600,"exp":1778062501,"iat":1778058901,"jwtDotCount":2,"tokenLen":143,"userId":5},"hypothesisId":"H1","location":"login_logic.go:Login","message":"issued login access token","runId":"pre-fix","sessionId":"bd9af0","timestamp":1778058901445}
{"data":{"accessExpireSec":3600,"exp":1778062501,"iat":1778058901,"jwtDotCount":2,"tokenLen":143,"userId":5},"hypothesisId":"H1","location":"login_logic.go:Login","message":"issued login access token","runId":"pre-fix","sessionId":"bd9af0","timestamp":1778058901447}
{"data":{"accessExpireSec":3600,"exp":1778062501,"iat":1778058901,"jwtDotCount":2,"tokenLen":143,"userId":5},"hypothesisId":"H1","location":"login_logic.go:Login","message":"issued login access token","runId":"pre-fix","sessionId":"bd9af0","timestamp":1778058901448}
{"data":{"accessExpireSec":3600,"exp":1778062501,"iat":1778058901,"jwtDotCount":2,"tokenLen":143,"userId":5},"hypothesisId":"H1","location":"login_logic.go:Login","message":"issued login access token","runId":"pre-fix","sessionId":"bd9af0","timestamp":1778058901468}
{"data":{"accessExpireSec":3600,"exp":1778062501,"iat":1778058901,"jwtDotCount":2,"tokenLen":143,"userId":5},"hypothesisId":"H1","location":"login_logic.go:Login","message":"issued login access token","runId":"pre-fix","sessionId":"bd9af0","timestamp":1778058901474}
{"data":{"accessExpireSec":3600,"exp":1778062501,"iat":1778058901,"jwtDotCount":2,"tokenLen":143,"userId":5},"hypothesisId":"H1","location":"login_logic.go:Login","message":"issued login access token","runId":"pre-fix","sessionId":"bd9af0","timestamp":1778058901484}
{"data":{"accessExpireSec":3600,"exp":1778062501,"iat":1778058901,"jwtDotCount":2,"tokenLen":143,"userId":5},"hypothesisId":"H1","location":"login_logic.go:Login","message":"issued login access token","runId":"pre-fix","sessionId":"bd9af0","timestamp":1778058901488}
{"data":{"accessExpireSec":3600,"exp":1778062501,"iat":1778058901,"jwtDotCount":2,"tokenLen":143,"userId":5},"hypothesisId":"H1","location":"login_logic.go:Login","message":"issued login access token","runId":"pre-fix","sessionId":"bd9af0","timestamp":1778058901495}
{"data":{"accessExpireSec":3600,"exp":1778062501,"iat":1778058901,"jwtDotCount":2,"tokenLen":143,"userId":5},"hypothesisId":"H1","location":"login_logic.go:Login","message":"issued login access token","runId":"pre-fix","sessionId":"bd9af0","timestamp":1778058901502}
{"data":{"accessExpireSec":3600,"exp":1778062501,"iat":1778058901,"jwtDotCount":2,"tokenLen":143,"userId":5},"hypothesisId":"H1","location":"login_logic.go:Login","message":"issued login access token","runId":"pre-fix","sessionId":"bd9af0","timestamp":1778058901538}
{"data":{"accessExpireSec":3600,"exp":1778062501,"iat":1778058901,"jwtDotCount":2,"tokenLen":143,"userId":5},"hypothesisId":"H1","location":"login_logic.go:Login","message":"issued login access token","runId":"pre-fix","sessionId":"bd9af0","timestamp":1778058901541}
{"data":{"accessExpireSec":3600,"exp":1778062501,"iat":1778058901,"jwtDotCount":2,"tokenLen":143,"userId":5},"hypothesisId":"H1","location":"login_logic.go:Login","message":"issued login access token","runId":"pre-fix","sessionId":"bd9af0","timestamp":1778058901541}
{"data":{"accessExpireSec":3600,"exp":1778062501,"iat":1778058901,"jwtDotCount":2,"tokenLen":143,"userId":5},"hypothesisId":"H1","location":"login_logic.go:Login","message":"issued login access token","runId":"pre-fix","sessionId":"bd9af0","timestamp":1778058901543}
{"data":{"accessExpireSec":3600,"exp":1778062501,"iat":1778058901,"jwtDotCount":2,"tokenLen":143,"userId":5},"hypothesisId":"H1","location":"login_logic.go:Login","message":"issued login access token","runId":"pre-fix","sessionId":"bd9af0","timestamp":1778058901565}
{"data":{"accessExpireSec":3600,"exp":1778062501,"iat":1778058901,"jwtDotCount":2,"tokenLen":143,"userId":5},"hypothesisId":"H1","location":"login_logic.go:Login","message":"issued login access token","runId":"pre-fix","sessionId":"bd9af0","timestamp":1778058901570}
{"data":{"accessExpireSec":3600,"exp":1778062501,"iat":1778058901,"jwtDotCount":2,"tokenLen":143,"userId":5},"hypothesisId":"H1","location":"login_logic.go:Login","message":"issued login access token","runId":"pre-fix","sessionId":"bd9af0","timestamp":1778058901580}
{"data":{"accessExpireSec":3600,"exp":1778062501,"iat":1778058901,"jwtDotCount":2,"tokenLen":143,"userId":5},"hypothesisId":"H1","location":"login_logic.go:Login","message":"issued login access token","runId":"pre-fix","sessionId":"bd9af0","timestamp":1778058901587}
{"data":{"accessExpireSec":3600,"exp":1778062501,"iat":1778058901,"jwtDotCount":2,"tokenLen":143,"userId":5},"hypothesisId":"H1","location":"login_logic.go:Login","message":"issued login access token","runId":"pre-fix","sessionId":"bd9af0","timestamp":1778058901594}
{"data":{"accessExpireSec":3600,"exp":1778062501,"iat":1778058901,"jwtDotCount":2,"tokenLen":143,"userId":5},"hypothesisId":"H1","location":"login_logic.go:Login","message":"issued login access token","runId":"pre-fix","sessionId":"bd9af0","timestamp":1778058901601}
{"data":{"accessExpireSec":3600,"exp":1778062501,"iat":1778058901,"jwtDotCount":2,"tokenLen":143,"userId":5},"hypothesisId":"H1","location":"login_logic.go:Login","message":"issued login access token","runId":"pre-fix","sessionId":"bd9af0","timestamp":1778058901643}
{"data":{"accessExpireSec":3600,"exp":1778062501,"iat":1778058901,"jwtDotCount":2,"tokenLen":143,"userId":5},"hypothesisId":"H1","location":"login_logic.go:Login","message":"issued login access token","runId":"pre-fix","sessionId":"bd9af0","timestamp":1778058901644}
{"data":{"accessExpireSec":3600,"exp":1778062501,"iat":1778058901,"jwtDotCount":2,"tokenLen":143,"userId":5},"hypothesisId":"H1","location":"login_logic.go:Login","message":"issued login access token","runId":"pre-fix","sessionId":"bd9af0","timestamp":1778058901649}
{"data":{"accessExpireSec":3600,"exp":1778062501,"iat":1778058901,"jwtDotCount":2,"tokenLen":143,"userId":5},"hypothesisId":"H1","location":"login_logic.go:Login","message":"issued login access token","runId":"pre-fix","sessionId":"bd9af0","timestamp":1778058901650}
{"data":{"accessExpireSec":3600,"exp":1778062501,"iat":1778058901,"jwtDotCount":2,"tokenLen":143,"userId":5},"hypothesisId":"H1","location":"login_logic.go:Login","message":"issued login access token","runId":"pre-fix","sessionId":"bd9af0","timestamp":1778058901681}
{"data":{"accessExpireSec":3600,"exp":1778062501,"iat":1778058901,"jwtDotCount":2,"tokenLen":143,"userId":5},"hypothesisId":"H1","location":"login_logic.go:Login","message":"issued login access token","runId":"pre-fix","sessionId":"bd9af0","timestamp":1778058901683}
{"data":{"accessExpireSec":3600,"exp":1778062501,"iat":1778058901,"jwtDotCount":2,"tokenLen":143,"userId":5},"hypothesisId":"H1","location":"login_logic.go:Login","message":"issued login access token","runId":"pre-fix","sessionId":"bd9af0","timestamp":1778058901695}
{"data":{"accessExpireSec":3600,"exp":1778062501,"iat":1778058901,"jwtDotCount":2,"tokenLen":143,"userId":5},"hypothesisId":"H1","location":"login_logic.go:Login","message":"issued login access token","runId":"pre-fix","sessionId":"bd9af0","timestamp":1778058901700}
{"data":{"accessExpireSec":3600,"exp":1778062501,"iat":1778058901,"jwtDotCount":2,"tokenLen":143,"userId":5},"hypothesisId":"H1","location":"login_logic.go:Login","message":"issued login access token","runId":"pre-fix","sessionId":"bd9af0","timestamp":1778058901711}
{"data":{"accessExpireSec":3600,"exp":1778062501,"iat":1778058901,"jwtDotCount":2,"tokenLen":143,"userId":5},"hypothesisId":"H1","location":"login_logic.go:Login","message":"issued login access token","runId":"pre-fix","sessionId":"bd9af0","timestamp":1778058901718}
{"data":{"accessExpireSec":3600,"exp":1778062501,"iat":1778058901,"jwtDotCount":2,"tokenLen":143,"userId":5},"hypothesisId":"H1","location":"login_logic.go:Login","message":"issued login access token","runId":"pre-fix","sessionId":"bd9af0","timestamp":1778058901748}
{"data":{"accessExpireSec":3600,"exp":1778062501,"iat":1778058901,"jwtDotCount":2,"tokenLen":143,"userId":5},"hypothesisId":"H1","location":"login_logic.go:Login","message":"issued login access token","runId":"pre-fix","sessionId":"bd9af0","timestamp":1778058901753}
{"data":{"accessExpireSec":3600,"exp":1778062501,"iat":1778058901,"jwtDotCount":2,"tokenLen":143,"userId":5},"hypothesisId":"H1","location":"login_logic.go:Login","message":"issued login access token","runId":"pre-fix","sessionId":"bd9af0","timestamp":1778058901753}
{"data":{"accessExpireSec":3600,"exp":1778062501,"iat":1778058901,"jwtDotCount":2,"tokenLen":143,"userId":5},"hypothesisId":"H1","location":"login_logic.go:Login","message":"issued login access token","runId":"pre-fix","sessionId":"bd9af0","timestamp":1778058901755}
{"data":{"accessExpireSec":3600,"exp":1778062501,"iat":1778058901,"jwtDotCount":2,"tokenLen":143,"userId":5},"hypothesisId":"H1","location":"login_logic.go:Login","message":"issued login access token","runId":"pre-fix","sessionId":"bd9af0","timestamp":1778058901783}
{"data":{"accessExpireSec":3600,"exp":1778062501,"iat":1778058901,"jwtDotCount":2,"tokenLen":143,"userId":5},"hypothesisId":"H1","location":"login_logic.go:Login","message":"issued login access token","runId":"pre-fix","sessionId":"bd9af0","timestamp":1778058901784}
{"data":{"accessExpireSec":3600,"exp":1778062501,"iat":1778058901,"jwtDotCount":2,"tokenLen":143,"userId":5},"hypothesisId":"H1","location":"login_logic.go:Login","message":"issued login access token","runId":"pre-fix","sessionId":"bd9af0","timestamp":1778058901793}
{"data":{"accessExpireSec":3600,"exp":1778062501,"iat":1778058901,"jwtDotCount":2,"tokenLen":143,"userId":5},"hypothesisId":"H1","location":"login_logic.go:Login","message":"issued login access token","runId":"pre-fix","sessionId":"bd9af0","timestamp":1778058901798}
{"data":{"accessExpireSec":3600,"exp":1778062501,"iat":1778058901,"jwtDotCount":2,"tokenLen":143,"userId":5},"hypothesisId":"H1","location":"login_logic.go:Login","message":"issued login access token","runId":"pre-fix","sessionId":"bd9af0","timestamp":1778058901810}
{"data":{"accessExpireSec":3600,"exp":1778062501,"iat":1778058901,"jwtDotCount":2,"tokenLen":143,"userId":5},"hypothesisId":"H1","location":"login_logic.go:Login","message":"issued login access token","runId":"pre-fix","sessionId":"bd9af0","timestamp":1778058901815}
{"data":{"accessExpireSec":3600,"exp":1778062501,"iat":1778058901,"jwtDotCount":2,"tokenLen":143,"userId":5},"hypothesisId":"H1","location":"login_logic.go:Login","message":"issued login access token","runId":"pre-fix","sessionId":"bd9af0","timestamp":1778058901845}
{"data":{"accessExpireSec":3600,"exp":1778062501,"iat":1778058901,"jwtDotCount":2,"tokenLen":143,"userId":5},"hypothesisId":"H1","location":"login_logic.go:Login","message":"issued login access token","runId":"pre-fix","sessionId":"bd9af0","timestamp":1778058901846}
{"data":{"accessExpireSec":3600,"exp":1778062501,"iat":1778058901,"jwtDotCount":2,"tokenLen":143,"userId":5},"hypothesisId":"H1","location":"login_logic.go:Login","message":"issued login access token","runId":"pre-fix","sessionId":"bd9af0","timestamp":1778058901846}
{"data":{"accessExpireSec":3600,"exp":1778062501,"iat":1778058901,"jwtDotCount":2,"tokenLen":143,"userId":5},"hypothesisId":"H1","location":"login_logic.go:Login","message":"issued login access token","runId":"pre-fix","sessionId":"bd9af0","timestamp":1778058901847}
{"data":{"accessExpireSec":3600,"exp":1778062501,"iat":1778058901,"jwtDotCount":2,"tokenLen":143,"userId":5},"hypothesisId":"H1","location":"login_logic.go:Login","message":"issued login access token","runId":"pre-fix","sessionId":"bd9af0","timestamp":1778058901876}
{"data":{"accessExpireSec":3600,"exp":1778062501,"iat":1778058901,"jwtDotCount":2,"tokenLen":143,"userId":5},"hypothesisId":"H1","location":"login_logic.go:Login","message":"issued login access token","runId":"pre-fix","sessionId":"bd9af0","timestamp":1778058901879}
{"data":{"accessExpireSec":3600,"exp":1778062501,"iat":1778058901,"jwtDotCount":2,"tokenLen":143,"userId":5},"hypothesisId":"H1","location":"login_logic.go:Login","message":"issued login access token","runId":"pre-fix","sessionId":"bd9af0","timestamp":1778058901886}
{"data":{"accessExpireSec":3600,"exp":1778062501,"iat":1778058901,"jwtDotCount":2,"tokenLen":143,"userId":5},"hypothesisId":"H1","location":"login_logic.go:Login","message":"issued login access token","runId":"pre-fix","sessionId":"bd9af0","timestamp":1778058901890}
{"data":{"accessExpireSec":3600,"exp":1778062501,"iat":1778058901,"jwtDotCount":2,"tokenLen":143,"userId":5},"hypothesisId":"H1","location":"login_logic.go:Login","message":"issued login access token","runId":"pre-fix","sessionId":"bd9af0","timestamp":1778058901901}
{"data":{"accessExpireSec":3600,"exp":1778062501,"iat":1778058901,"jwtDotCount":2,"tokenLen":143,"userId":5},"hypothesisId":"H1","location":"login_logic.go:Login","message":"issued login access token","runId":"pre-fix","sessionId":"bd9af0","timestamp":1778058901906}
{"data":{"accessExpireSec":3600,"exp":1778062501,"iat":1778058901,"jwtDotCount":2,"tokenLen":143,"userId":5},"hypothesisId":"H1","location":"login_logic.go:Login","message":"issued login access token","runId":"pre-fix","sessionId":"bd9af0","timestamp":1778058901939}
{"data":{"accessExpireSec":3600,"exp":1778062501,"iat":1778058901,"jwtDotCount":2,"tokenLen":143,"userId":5},"hypothesisId":"H1","location":"login_logic.go:Login","message":"issued login access token","runId":"pre-fix","sessionId":"bd9af0","timestamp":1778058901939}
{"data":{"accessExpireSec":3600,"exp":1778062501,"iat":1778058901,"jwtDotCount":2,"tokenLen":143,"userId":5},"hypothesisId":"H1","location":"login_logic.go:Login","message":"issued login access token","runId":"pre-fix","sessionId":"bd9af0","timestamp":1778058901939}
{"data":{"accessExpireSec":3600,"exp":1778062501,"iat":1778058901,"jwtDotCount":2,"tokenLen":143,"userId":5},"hypothesisId":"H1","location":"login_logic.go:Login","message":"issued login access token","runId":"pre-fix","sessionId":"bd9af0","timestamp":1778058901939}
{"data":{"accessExpireSec":3600,"exp":1778062501,"iat":1778058901,"jwtDotCount":2,"tokenLen":143,"userId":5},"hypothesisId":"H1","location":"login_logic.go:Login","message":"issued login access token","runId":"pre-fix","sessionId":"bd9af0","timestamp":1778058901967}
{"data":{"accessExpireSec":3600,"exp":1778062501,"iat":1778058901,"jwtDotCount":2,"tokenLen":143,"userId":5},"hypothesisId":"H1","location":"login_logic.go:Login","message":"issued login access token","runId":"pre-fix","sessionId":"bd9af0","timestamp":1778058901973}
{"data":{"accessExpireSec":3600,"exp":1778062501,"iat":1778058901,"jwtDotCount":2,"tokenLen":143,"userId":5},"hypothesisId":"H1","location":"login_logic.go:Login","message":"issued login access token","runId":"pre-fix","sessionId":"bd9af0","timestamp":1778058901981}
{"data":{"accessExpireSec":3600,"exp":1778062501,"iat":1778058901,"jwtDotCount":2,"tokenLen":143,"userId":5},"hypothesisId":"H1","location":"login_logic.go:Login","message":"issued login access token","runId":"pre-fix","sessionId":"bd9af0","timestamp":1778058901982}
{"data":{"accessExpireSec":3600,"exp":1778062501,"iat":1778058901,"jwtDotCount":2,"tokenLen":143,"userId":5},"hypothesisId":"H1","location":"login_logic.go:Login","message":"issued login access token","runId":"pre-fix","sessionId":"bd9af0","timestamp":1778058901996}
{"data":{"accessExpireSec":3600,"exp":1778062502,"iat":1778058902,"jwtDotCount":2,"tokenLen":143,"userId":5},"hypothesisId":"H1","location":"login_logic.go:Login","message":"issued login access token","runId":"pre-fix","sessionId":"bd9af0","timestamp":1778058902002}
{"data":{"accessExpireSec":3600,"exp":1778062502,"iat":1778058902,"jwtDotCount":2,"tokenLen":143,"userId":5},"hypothesisId":"H1","location":"login_logic.go:Login","message":"issued login access token","runId":"pre-fix","sessionId":"bd9af0","timestamp":1778058902041}
{"data":{"accessExpireSec":3600,"exp":1778062502,"iat":1778058902,"jwtDotCount":2,"tokenLen":143,"userId":5},"hypothesisId":"H1","location":"login_logic.go:Login","message":"issued login access token","runId":"pre-fix","sessionId":"bd9af0","timestamp":1778058902041}
{"data":{"accessExpireSec":3600,"exp":1778062502,"iat":1778058902,"jwtDotCount":2,"tokenLen":143,"userId":5},"hypothesisId":"H1","location":"login_logic.go:Login","message":"issued login access token","runId":"pre-fix","sessionId":"bd9af0","timestamp":1778058902044}
{"data":{"accessExpireSec":3600,"exp":1778062502,"iat":1778058902,"jwtDotCount":2,"tokenLen":143,"userId":5},"hypothesisId":"H1","location":"login_logic.go:Login","message":"issued login access token","runId":"pre-fix","sessionId":"bd9af0","timestamp":1778058902067}
{"data":{"accessExpireSec":3600,"exp":1778062502,"iat":1778058902,"jwtDotCount":2,"tokenLen":143,"userId":5},"hypothesisId":"H1","location":"login_logic.go:Login","message":"issued login access token","runId":"pre-fix","sessionId":"bd9af0","timestamp":1778058902070}
{"data":{"accessExpireSec":3600,"exp":1778062502,"iat":1778058902,"jwtDotCount":2,"tokenLen":143,"userId":5},"hypothesisId":"H1","location":"login_logic.go:Login","message":"issued login access token","runId":"pre-fix","sessionId":"bd9af0","timestamp":1778058902085}
{"data":{"accessExpireSec":3600,"exp":1778062502,"iat":1778058902,"jwtDotCount":2,"tokenLen":143,"userId":5},"hypothesisId":"H1","location":"login_logic.go:Login","message":"issued login access token","runId":"pre-fix","sessionId":"bd9af0","timestamp":1778058902088}
{"data":{"accessExpireSec":3600,"exp":1778062502,"iat":1778058902,"jwtDotCount":2,"tokenLen":143,"userId":5},"hypothesisId":"H1","location":"login_logic.go:Login","message":"issued login access token","runId":"pre-fix","sessionId":"bd9af0","timestamp":1778058902100}
{"data":{"accessExpireSec":3600,"exp":1778062502,"iat":1778058902,"jwtDotCount":2,"tokenLen":143,"userId":5},"hypothesisId":"H1","location":"login_logic.go:Login","message":"issued login access token","runId":"pre-fix","sessionId":"bd9af0","timestamp":1778058902105}
{"data":{"accessExpireSec":3600,"exp":1778062502,"iat":1778058902,"jwtDotCount":2,"tokenLen":143,"userId":5},"hypothesisId":"H1","location":"login_logic.go:Login","message":"issued login access token","runId":"pre-fix","sessionId":"bd9af0","timestamp":1778058902154}
{"data":{"accessExpireSec":3600,"exp":1778062502,"iat":1778058902,"jwtDotCount":2,"tokenLen":143,"userId":5},"hypothesisId":"H1","location":"login_logic.go:Login","message":"issued login access token","runId":"pre-fix","sessionId":"bd9af0","timestamp":1778058902154}
{"data":{"accessExpireSec":3600,"exp":1778062502,"iat":1778058902,"jwtDotCount":2,"tokenLen":143,"userId":5},"hypothesisId":"H1","location":"login_logic.go:Login","message":"issued login access token","runId":"pre-fix","sessionId":"bd9af0","timestamp":1778058902156}
{"data":{"accessExpireSec":3600,"exp":1778062502,"iat":1778058902,"jwtDotCount":2,"tokenLen":143,"userId":5},"hypothesisId":"H1","location":"login_logic.go:Login","message":"issued login access token","runId":"pre-fix","sessionId":"bd9af0","timestamp":1778058902182}
{"data":{"accessExpireSec":3600,"exp":1778062502,"iat":1778058902,"jwtDotCount":2,"tokenLen":143,"userId":5},"hypothesisId":"H1","location":"login_logic.go:Login","message":"issued login access token","runId":"pre-fix","sessionId":"bd9af0","timestamp":1778058902190}
{"data":{"accessExpireSec":3600,"exp":1778062502,"iat":1778058902,"jwtDotCount":2,"tokenLen":143,"userId":5},"hypothesisId":"H1","location":"login_logic.go:Login","message":"issued login access token","runId":"pre-fix","sessionId":"bd9af0","timestamp":1778058902203}
{"data":{"accessExpireSec":3600,"exp":1778062502,"iat":1778058902,"jwtDotCount":2,"tokenLen":143,"userId":5},"hypothesisId":"H1","location":"login_logic.go:Login","message":"issued login access token","runId":"pre-fix","sessionId":"bd9af0","timestamp":1778058902203}
{"data":{"accessExpireSec":3600,"exp":1778062502,"iat":1778058902,"jwtDotCount":2,"tokenLen":143,"userId":5},"hypothesisId":"H1","location":"login_logic.go:Login","message":"issued login access token","runId":"pre-fix","sessionId":"bd9af0","timestamp":1778058902215}
{"data":{"accessExpireSec":3600,"exp":1778062502,"iat":1778058902,"jwtDotCount":2,"tokenLen":143,"userId":5},"hypothesisId":"H1","location":"login_logic.go:Login","message":"issued login access token","runId":"pre-fix","sessionId":"bd9af0","timestamp":1778058902222}
{"data":{"accessExpireSec":3600,"exp":1778062502,"iat":1778058902,"jwtDotCount":2,"tokenLen":143,"userId":5},"hypothesisId":"H1","location":"login_logic.go:Login","message":"issued login access token","runId":"pre-fix","sessionId":"bd9af0","timestamp":1778058902237}
{"data":{"accessExpireSec":3600,"exp":1778062502,"iat":1778058902,"jwtDotCount":2,"tokenLen":143,"userId":5},"hypothesisId":"H1","location":"login_logic.go:Login","message":"issued login access token","runId":"pre-fix","sessionId":"bd9af0","timestamp":1778058902268}
{"data":{"accessExpireSec":3600,"exp":1778062502,"iat":1778058902,"jwtDotCount":2,"tokenLen":143,"userId":5},"hypothesisId":"H1","location":"login_logic.go:Login","message":"issued login access token","runId":"pre-fix","sessionId":"bd9af0","timestamp":1778058902270}
{"data":{"accessExpireSec":3600,"exp":1778062502,"iat":1778058902,"jwtDotCount":2,"tokenLen":143,"userId":5},"hypothesisId":"H1","location":"login_logic.go:Login","message":"issued login access token","runId":"pre-fix","sessionId":"bd9af0","timestamp":1778058902270}
{"data":{"accessExpireSec":3600,"exp":1778062502,"iat":1778058902,"jwtDotCount":2,"tokenLen":143,"userId":5},"hypothesisId":"H1","location":"login_logic.go:Login","message":"issued login access token","runId":"pre-fix","sessionId":"bd9af0","timestamp":1778058902292}
{"data":{"accessExpireSec":3600,"exp":1778062502,"iat":1778058902,"jwtDotCount":2,"tokenLen":143,"userId":5},"hypothesisId":"H1","location":"login_logic.go:Login","message":"issued login access token","runId":"pre-fix","sessionId":"bd9af0","timestamp":1778058902301}
{"data":{"accessExpireSec":3600,"exp":1778062502,"iat":1778058902,"jwtDotCount":2,"tokenLen":143,"userId":5},"hypothesisId":"H1","location":"login_logic.go:Login","message":"issued login access token","runId":"pre-fix","sessionId":"bd9af0","timestamp":1778058902313}
{"data":{"accessExpireSec":3600,"exp":1778062502,"iat":1778058902,"jwtDotCount":2,"tokenLen":143,"userId":5},"hypothesisId":"H1","location":"login_logic.go:Login","message":"issued login access token","runId":"pre-fix","sessionId":"bd9af0","timestamp":1778058902320}
{"data":{"accessExpireSec":3600,"exp":1778062502,"iat":1778058902,"jwtDotCount":2,"tokenLen":143,"userId":5},"hypothesisId":"H1","location":"login_logic.go:Login","message":"issued login access token","runId":"pre-fix","sessionId":"bd9af0","timestamp":1778058902324}
{"data":{"accessExpireSec":3600,"exp":1778062502,"iat":1778058902,"jwtDotCount":2,"tokenLen":143,"userId":5},"hypothesisId":"H1","location":"login_logic.go:Login","message":"issued login access token","runId":"pre-fix","sessionId":"bd9af0","timestamp":1778058902333}
{"data":{"accessExpireSec":3600,"exp":1778062502,"iat":1778058902,"jwtDotCount":2,"tokenLen":143,"userId":5},"hypothesisId":"H1","location":"login_logic.go:Login","message":"issued login access token","runId":"pre-fix","sessionId":"bd9af0","timestamp":1778058902352}
{"data":{"accessExpireSec":3600,"exp":1778062502,"iat":1778058902,"jwtDotCount":2,"tokenLen":143,"userId":5},"hypothesisId":"H1","location":"login_logic.go:Login","message":"issued login access token","runId":"pre-fix","sessionId":"bd9af0","timestamp":1778058902377}
{"data":{"accessExpireSec":3600,"exp":1778062502,"iat":1778058902,"jwtDotCount":2,"tokenLen":143,"userId":5},"hypothesisId":"H1","location":"login_logic.go:Login","message":"issued login access token","runId":"pre-fix","sessionId":"bd9af0","timestamp":1778058902384}
{"data":{"accessExpireSec":3600,"exp":1778062502,"iat":1778058902,"jwtDotCount":2,"tokenLen":143,"userId":5},"hypothesisId":"H1","location":"login_logic.go:Login","message":"issued login access token","runId":"pre-fix","sessionId":"bd9af0","timestamp":1778058902385}
{"data":{"accessExpireSec":3600,"exp":1778062502,"iat":1778058902,"jwtDotCount":2,"tokenLen":143,"userId":5},"hypothesisId":"H1","location":"login_logic.go:Login","message":"issued login access token","runId":"pre-fix","sessionId":"bd9af0","timestamp":1778058902415}
{"data":{"accessExpireSec":3600,"exp":1778062502,"iat":1778058902,"jwtDotCount":2,"tokenLen":143,"userId":5},"hypothesisId":"H1","location":"login_logic.go:Login","message":"issued login access token","runId":"pre-fix","sessionId":"bd9af0","timestamp":1778058902436}
{"data":{"accessExpireSec":3600,"exp":1778062502,"iat":1778058902,"jwtDotCount":2,"tokenLen":143,"userId":5},"hypothesisId":"H1","location":"login_logic.go:Login","message":"issued login access token","runId":"pre-fix","sessionId":"bd9af0","timestamp":1778058902440}
{"data":{"accessExpireSec":3600,"exp":1778062502,"iat":1778058902,"jwtDotCount":2,"tokenLen":143,"userId":5},"hypothesisId":"H1","location":"login_logic.go:Login","message":"issued login access token","runId":"pre-fix","sessionId":"bd9af0","timestamp":1778058902452}
{"data":{"accessExpireSec":3600,"exp":1778062502,"iat":1778058902,"jwtDotCount":2,"tokenLen":143,"userId":5},"hypothesisId":"H1","location":"login_logic.go:Login","message":"issued login access token","runId":"pre-fix","sessionId":"bd9af0","timestamp":1778058902463}
{"data":{"accessExpireSec":3600,"exp":1778062502,"iat":1778058902,"jwtDotCount":2,"tokenLen":143,"userId":5},"hypothesisId":"H1","location":"login_logic.go:Login","message":"issued login access token","runId":"pre-fix","sessionId":"bd9af0","timestamp":1778058902469}
{"data":{"accessExpireSec":3600,"exp":1778062502,"iat":1778058902,"jwtDotCount":2,"tokenLen":143,"userId":5},"hypothesisId":"H1","location":"login_logic.go:Login","message":"issued login access token","runId":"pre-fix","sessionId":"bd9af0","timestamp":1778058902519}
{"data":{"accessExpireSec":3600,"exp":1778062502,"iat":1778058902,"jwtDotCount":2,"tokenLen":143,"userId":5},"hypothesisId":"H1","location":"login_logic.go:Login","message":"issued login access token","runId":"pre-fix","sessionId":"bd9af0","timestamp":1778058902519}
{"data":{"accessExpireSec":3600,"exp":1778062502,"iat":1778058902,"jwtDotCount":2,"tokenLen":143,"userId":5},"hypothesisId":"H1","location":"login_logic.go:Login","message":"issued login access token","runId":"pre-fix","sessionId":"bd9af0","timestamp":1778058902522}
{"data":{"accessExpireSec":3600,"exp":1778062502,"iat":1778058902,"jwtDotCount":2,"tokenLen":143,"userId":5},"hypothesisId":"H1","location":"login_logic.go:Login","message":"issued login access token","runId":"pre-fix","sessionId":"bd9af0","timestamp":1778058902529}
{"data":{"accessExpireSec":3600,"exp":1778062502,"iat":1778058902,"jwtDotCount":2,"tokenLen":143,"userId":5},"hypothesisId":"H1","location":"login_logic.go:Login","message":"issued login access token","runId":"pre-fix","sessionId":"bd9af0","timestamp":1778058902552}
{"data":{"accessExpireSec":3600,"exp":1778062502,"iat":1778058902,"jwtDotCount":2,"tokenLen":143,"userId":5},"hypothesisId":"H1","location":"login_logic.go:Login","message":"issued login access token","runId":"pre-fix","sessionId":"bd9af0","timestamp":1778058902556}
{"data":{"accessExpireSec":3600,"exp":1778062502,"iat":1778058902,"jwtDotCount":2,"tokenLen":143,"userId":5},"hypothesisId":"H1","location":"login_logic.go:Login","message":"issued login access token","runId":"pre-fix","sessionId":"bd9af0","timestamp":1778058902583}
{"data":{"accessExpireSec":3600,"exp":1778062502,"iat":1778058902,"jwtDotCount":2,"tokenLen":143,"userId":5},"hypothesisId":"H1","location":"login_logic.go:Login","message":"issued login access token","runId":"pre-fix","sessionId":"bd9af0","timestamp":1778058902584}
{"data":{"accessExpireSec":3600,"exp":1778062502,"iat":1778058902,"jwtDotCount":2,"tokenLen":143,"userId":5},"hypothesisId":"H1","location":"login_logic.go:Login","message":"issued login access token","runId":"pre-fix","sessionId":"bd9af0","timestamp":1778058902597}
{"data":{"accessExpireSec":3600,"exp":1778062502,"iat":1778058902,"jwtDotCount":2,"tokenLen":143,"userId":5},"hypothesisId":"H1","location":"login_logic.go:Login","message":"issued login access token","runId":"pre-fix","sessionId":"bd9af0","timestamp":1778058902601}
{"data":{"accessExpireSec":3600,"exp":1778062502,"iat":1778058902,"jwtDotCount":2,"tokenLen":143,"userId":5},"hypothesisId":"H1","location":"login_logic.go:Login","message":"issued login access token","runId":"pre-fix","sessionId":"bd9af0","timestamp":1778058902631}
{"data":{"accessExpireSec":3600,"exp":1778062502,"iat":1778058902,"jwtDotCount":2,"tokenLen":143,"userId":5},"hypothesisId":"H1","location":"login_logic.go:Login","message":"issued login access token","runId":"pre-fix","sessionId":"bd9af0","timestamp":1778058902636}
{"data":{"accessExpireSec":3600,"exp":1778062502,"iat":1778058902,"jwtDotCount":2,"tokenLen":143,"userId":5},"hypothesisId":"H1","location":"login_logic.go:Login","message":"issued login access token","runId":"pre-fix","sessionId":"bd9af0","timestamp":1778058902639}
{"data":{"accessExpireSec":3600,"exp":1778062502,"iat":1778058902,"jwtDotCount":2,"tokenLen":143,"userId":5},"hypothesisId":"H1","location":"login_logic.go:Login","message":"issued login access token","runId":"pre-fix","sessionId":"bd9af0","timestamp":1778058902640}
{"data":{"accessExpireSec":3600,"exp":1778062502,"iat":1778058902,"jwtDotCount":2,"tokenLen":143,"userId":5},"hypothesisId":"H1","location":"login_logic.go:Login","message":"issued login access token","runId":"pre-fix","sessionId":"bd9af0","timestamp":1778058902667}
{"data":{"accessExpireSec":3600,"exp":1778062502,"iat":1778058902,"jwtDotCount":2,"tokenLen":143,"userId":5},"hypothesisId":"H1","location":"login_logic.go:Login","message":"issued login access token","runId":"pre-fix","sessionId":"bd9af0","timestamp":1778058902669}
{"data":{"accessExpireSec":3600,"exp":1778062502,"iat":1778058902,"jwtDotCount":2,"tokenLen":143,"userId":5},"hypothesisId":"H1","location":"login_logic.go:Login","message":"issued login access token","runId":"pre-fix","sessionId":"bd9af0","timestamp":1778058902694}
{"data":{"accessExpireSec":3600,"exp":1778062502,"iat":1778058902,"jwtDotCount":2,"tokenLen":143,"userId":5},"hypothesisId":"H1","location":"login_logic.go:Login","message":"issued login access token","runId":"pre-fix","sessionId":"bd9af0","timestamp":1778058902696}
{"data":{"accessExpireSec":3600,"exp":1778062502,"iat":1778058902,"jwtDotCount":2,"tokenLen":143,"userId":5},"hypothesisId":"H1","location":"login_logic.go:Login","message":"issued login access token","runId":"pre-fix","sessionId":"bd9af0","timestamp":1778058902702}
{"data":{"accessExpireSec":3600,"exp":1778062502,"iat":1778058902,"jwtDotCount":2,"tokenLen":143,"userId":5},"hypothesisId":"H1","location":"login_logic.go:Login","message":"issued login access token","runId":"pre-fix","sessionId":"bd9af0","timestamp":1778058902705}
{"data":{"accessExpireSec":3600,"exp":1778062502,"iat":1778058902,"jwtDotCount":2,"tokenLen":143,"userId":5},"hypothesisId":"H1","location":"login_logic.go:Login","message":"issued login access token","runId":"pre-fix","sessionId":"bd9af0","timestamp":1778058902736}
{"data":{"accessExpireSec":3600,"exp":1778062502,"iat":1778058902,"jwtDotCount":2,"tokenLen":143,"userId":5},"hypothesisId":"H1","location":"login_logic.go:Login","message":"issued login access token","runId":"pre-fix","sessionId":"bd9af0","timestamp":1778058902742}
{"data":{"accessExpireSec":3600,"exp":1778062502,"iat":1778058902,"jwtDotCount":2,"tokenLen":143,"userId":5},"hypothesisId":"H1","location":"login_logic.go:Login","message":"issued login access token","runId":"pre-fix","sessionId":"bd9af0","timestamp":1778058902742}
{"data":{"accessExpireSec":3600,"exp":1778062502,"iat":1778058902,"jwtDotCount":2,"tokenLen":143,"userId":5},"hypothesisId":"H1","location":"login_logic.go:Login","message":"issued login access token","runId":"pre-fix","sessionId":"bd9af0","timestamp":1778058902747}
{"data":{"accessExpireSec":3600,"exp":1778062502,"iat":1778058902,"jwtDotCount":2,"tokenLen":143,"userId":5},"hypothesisId":"H1","location":"login_logic.go:Login","message":"issued login access token","runId":"pre-fix","sessionId":"bd9af0","timestamp":1778058902770}
{"data":{"accessExpireSec":3600,"exp":1778062502,"iat":1778058902,"jwtDotCount":2,"tokenLen":143,"userId":5},"hypothesisId":"H1","location":"login_logic.go:Login","message":"issued login access token","runId":"pre-fix","sessionId":"bd9af0","timestamp":1778058902770}
{"data":{"accessExpireSec":3600,"exp":1778062502,"iat":1778058902,"jwtDotCount":2,"tokenLen":143,"userId":5},"hypothesisId":"H1","location":"login_logic.go:Login","message":"issued login access token","runId":"pre-fix","sessionId":"bd9af0","timestamp":1778058902795}
{"data":{"accessExpireSec":3600,"exp":1778062502,"iat":1778058902,"jwtDotCount":2,"tokenLen":143,"userId":5},"hypothesisId":"H1","location":"login_logic.go:Login","message":"issued login access token","runId":"pre-fix","sessionId":"bd9af0","timestamp":1778058902795}
{"data":{"accessExpireSec":3600,"exp":1778062502,"iat":1778058902,"jwtDotCount":2,"tokenLen":143,"userId":5},"hypothesisId":"H1","location":"login_logic.go:Login","message":"issued login access token","runId":"pre-fix","sessionId":"bd9af0","timestamp":1778058902804}
{"data":{"accessExpireSec":3600,"exp":1778062502,"iat":1778058902,"jwtDotCount":2,"tokenLen":143,"userId":5},"hypothesisId":"H1","location":"login_logic.go:Login","message":"issued login access token","runId":"pre-fix","sessionId":"bd9af0","timestamp":1778058902806}
{"data":{"accessExpireSec":3600,"exp":1778062502,"iat":1778058902,"jwtDotCount":2,"tokenLen":143,"userId":5},"hypothesisId":"H1","location":"login_logic.go:Login","message":"issued login access token","runId":"pre-fix","sessionId":"bd9af0","timestamp":1778058902833}
{"data":{"accessExpireSec":3600,"exp":1778062502,"iat":1778058902,"jwtDotCount":2,"tokenLen":143,"userId":5},"hypothesisId":"H1","location":"login_logic.go:Login","message":"issued login access token","runId":"pre-fix","sessionId":"bd9af0","timestamp":1778058902840}
{"data":{"accessExpireSec":3600,"exp":1778062502,"iat":1778058902,"jwtDotCount":2,"tokenLen":143,"userId":5},"hypothesisId":"H1","location":"login_logic.go:Login","message":"issued login access token","runId":"pre-fix","sessionId":"bd9af0","timestamp":1778058902843}
{"data":{"accessExpireSec":3600,"exp":1778062502,"iat":1778058902,"jwtDotCount":2,"tokenLen":143,"userId":5},"hypothesisId":"H1","location":"login_logic.go:Login","message":"issued login access token","runId":"pre-fix","sessionId":"bd9af0","timestamp":1778058902847}
{"data":{"accessExpireSec":3600,"exp":1778062502,"iat":1778058902,"jwtDotCount":2,"tokenLen":143,"userId":5},"hypothesisId":"H1","location":"login_logic.go:Login","message":"issued login access token","runId":"pre-fix","sessionId":"bd9af0","timestamp":1778058902871}
{"data":{"accessExpireSec":3600,"exp":1778062502,"iat":1778058902,"jwtDotCount":2,"tokenLen":143,"userId":5},"hypothesisId":"H1","location":"login_logic.go:Login","message":"issued login access token","runId":"pre-fix","sessionId":"bd9af0","timestamp":1778058902871}
{"data":{"accessExpireSec":3600,"exp":1778062502,"iat":1778058902,"jwtDotCount":2,"tokenLen":143,"userId":5},"hypothesisId":"H1","location":"login_logic.go:Login","message":"issued login access token","runId":"pre-fix","sessionId":"bd9af0","timestamp":1778058902893}
{"data":{"accessExpireSec":3600,"exp":1778062502,"iat":1778058902,"jwtDotCount":2,"tokenLen":143,"userId":5},"hypothesisId":"H1","location":"login_logic.go:Login","message":"issued login access token","runId":"pre-fix","sessionId":"bd9af0","timestamp":1778058902897}
{"data":{"accessExpireSec":3600,"exp":1778062502,"iat":1778058902,"jwtDotCount":2,"tokenLen":143,"userId":5},"hypothesisId":"H1","location":"login_logic.go:Login","message":"issued login access token","runId":"pre-fix","sessionId":"bd9af0","timestamp":1778058902901}
{"data":{"accessExpireSec":3600,"exp":1778062502,"iat":1778058902,"jwtDotCount":2,"tokenLen":143,"userId":5},"hypothesisId":"H1","location":"login_logic.go:Login","message":"issued login access token","runId":"pre-fix","sessionId":"bd9af0","timestamp":1778058902902}
{"data":{"accessExpireSec":3600,"exp":1778062502,"iat":1778058902,"jwtDotCount":2,"tokenLen":143,"userId":5},"hypothesisId":"H1","location":"login_logic.go:Login","message":"issued login access token","runId":"pre-fix","sessionId":"bd9af0","timestamp":1778058902929}
{"data":{"accessExpireSec":3600,"exp":1778062502,"iat":1778058902,"jwtDotCount":2,"tokenLen":143,"userId":5},"hypothesisId":"H1","location":"login_logic.go:Login","message":"issued login access token","runId":"pre-fix","sessionId":"bd9af0","timestamp":1778058902935}
{"data":{"accessExpireSec":3600,"exp":1778062502,"iat":1778058902,"jwtDotCount":2,"tokenLen":143,"userId":5},"hypothesisId":"H1","location":"login_logic.go:Login","message":"issued login access token","runId":"pre-fix","sessionId":"bd9af0","timestamp":1778058902937}
{"data":{"accessExpireSec":3600,"exp":1778062502,"iat":1778058902,"jwtDotCount":2,"tokenLen":143,"userId":5},"hypothesisId":"H1","location":"login_logic.go:Login","message":"issued login access token","runId":"pre-fix","sessionId":"bd9af0","timestamp":1778058902950}
{"data":{"accessExpireSec":3600,"exp":1778062502,"iat":1778058902,"jwtDotCount":2,"tokenLen":143,"userId":5},"hypothesisId":"H1","location":"login_logic.go:Login","message":"issued login access token","runId":"pre-fix","sessionId":"bd9af0","timestamp":1778058902972}
{"data":{"accessExpireSec":3600,"exp":1778062502,"iat":1778058902,"jwtDotCount":2,"tokenLen":143,"userId":5},"hypothesisId":"H1","location":"login_logic.go:Login","message":"issued login access token","runId":"pre-fix","sessionId":"bd9af0","timestamp":1778058902972}
{"data":{"accessExpireSec":3600,"exp":1778062502,"iat":1778058902,"jwtDotCount":2,"tokenLen":143,"userId":5},"hypothesisId":"H1","location":"login_logic.go:Login","message":"issued login access token","runId":"pre-fix","sessionId":"bd9af0","timestamp":1778058902995}
{"data":{"accessExpireSec":3600,"exp":1778062502,"iat":1778058902,"jwtDotCount":2,"tokenLen":143,"userId":5},"hypothesisId":"H1","location":"login_logic.go:Login","message":"issued login access token","runId":"pre-fix","sessionId":"bd9af0","timestamp":1778058902999}
{"data":{"accessExpireSec":3600,"exp":1778062503,"iat":1778058903,"jwtDotCount":2,"tokenLen":143,"userId":5},"hypothesisId":"H1","location":"login_logic.go:Login","message":"issued login access token","runId":"pre-fix","sessionId":"bd9af0","timestamp":1778058903003}
{"data":{"accessExpireSec":3600,"exp":1778062503,"iat":1778058903,"jwtDotCount":2,"tokenLen":143,"userId":5},"hypothesisId":"H1","location":"login_logic.go:Login","message":"issued login access token","runId":"pre-fix","sessionId":"bd9af0","timestamp":1778058903005}
{"data":{"accessExpireSec":3600,"exp":1778062503,"iat":1778058903,"jwtDotCount":2,"tokenLen":143,"userId":5},"hypothesisId":"H1","location":"login_logic.go:Login","message":"issued login access token","runId":"pre-fix","sessionId":"bd9af0","timestamp":1778058903030}
{"data":{"accessExpireSec":3600,"exp":1778062503,"iat":1778058903,"jwtDotCount":2,"tokenLen":143,"userId":5},"hypothesisId":"H1","location":"login_logic.go:Login","message":"issued login access token","runId":"pre-fix","sessionId":"bd9af0","timestamp":1778058903036}
{"data":{"accessExpireSec":3600,"exp":1778062503,"iat":1778058903,"jwtDotCount":2,"tokenLen":143,"userId":5},"hypothesisId":"H1","location":"login_logic.go:Login","message":"issued login access token","runId":"pre-fix","sessionId":"bd9af0","timestamp":1778058903036}
{"data":{"accessExpireSec":3600,"exp":1778062503,"iat":1778058903,"jwtDotCount":2,"tokenLen":143,"userId":5},"hypothesisId":"H1","location":"login_logic.go:Login","message":"issued login access token","runId":"pre-fix","sessionId":"bd9af0","timestamp":1778058903051}
{"data":{"accessExpireSec":3600,"exp":1778062503,"iat":1778058903,"jwtDotCount":2,"tokenLen":143,"userId":5},"hypothesisId":"H1","location":"login_logic.go:Login","message":"issued login access token","runId":"pre-fix","sessionId":"bd9af0","timestamp":1778058903070}
{"data":{"accessExpireSec":3600,"exp":1778062503,"iat":1778058903,"jwtDotCount":2,"tokenLen":143,"userId":5},"hypothesisId":"H1","location":"login_logic.go:Login","message":"issued login access token","runId":"pre-fix","sessionId":"bd9af0","timestamp":1778058903071}
{"data":{"accessExpireSec":3600,"exp":1778062503,"iat":1778058903,"jwtDotCount":2,"tokenLen":143,"userId":5},"hypothesisId":"H1","location":"login_logic.go:Login","message":"issued login access token","runId":"pre-fix","sessionId":"bd9af0","timestamp":1778058903091}
{"data":{"accessExpireSec":3600,"exp":1778062503,"iat":1778058903,"jwtDotCount":2,"tokenLen":143,"userId":5},"hypothesisId":"H1","location":"login_logic.go:Login","message":"issued login access token","runId":"pre-fix","sessionId":"bd9af0","timestamp":1778058903095}
{"data":{"accessExpireSec":3600,"exp":1778062503,"iat":1778058903,"jwtDotCount":2,"tokenLen":143,"userId":5},"hypothesisId":"H1","location":"login_logic.go:Login","message":"issued login access token","runId":"pre-fix","sessionId":"bd9af0","timestamp":1778058903101}
{"data":{"accessExpireSec":3600,"exp":1778062503,"iat":1778058903,"jwtDotCount":2,"tokenLen":143,"userId":5},"hypothesisId":"H1","location":"login_logic.go:Login","message":"issued login access token","runId":"pre-fix","sessionId":"bd9af0","timestamp":1778058903103}
{"data":{"accessExpireSec":3600,"exp":1778062503,"iat":1778058903,"jwtDotCount":2,"tokenLen":143,"userId":5},"hypothesisId":"H1","location":"login_logic.go:Login","message":"issued login access token","runId":"pre-fix","sessionId":"bd9af0","timestamp":1778058903125}
{"data":{"accessExpireSec":3600,"exp":1778062503,"iat":1778058903,"jwtDotCount":2,"tokenLen":143,"userId":5},"hypothesisId":"H1","location":"login_logic.go:Login","message":"issued login access token","runId":"pre-fix","sessionId":"bd9af0","timestamp":1778058903131}
{"data":{"accessExpireSec":3600,"exp":1778062503,"iat":1778058903,"jwtDotCount":2,"tokenLen":143,"userId":5},"hypothesisId":"H1","location":"login_logic.go:Login","message":"issued login access token","runId":"pre-fix","sessionId":"bd9af0","timestamp":1778058903132}
{"data":{"accessExpireSec":3600,"exp":1778062503,"iat":1778058903,"jwtDotCount":2,"tokenLen":143,"userId":5},"hypothesisId":"H1","location":"login_logic.go:Login","message":"issued login access token","runId":"pre-fix","sessionId":"bd9af0","timestamp":1778058903145}
{"data":{"accessExpireSec":3600,"exp":1778062503,"iat":1778058903,"jwtDotCount":2,"tokenLen":143,"userId":5},"hypothesisId":"H1","location":"login_logic.go:Login","message":"issued login access token","runId":"pre-fix","sessionId":"bd9af0","timestamp":1778058903163}
{"data":{"accessExpireSec":3600,"exp":1778062503,"iat":1778058903,"jwtDotCount":2,"tokenLen":143,"userId":5},"hypothesisId":"H1","location":"login_logic.go:Login","message":"issued login access token","runId":"pre-fix","sessionId":"bd9af0","timestamp":1778058903164}
{"data":{"accessExpireSec":3600,"exp":1778062503,"iat":1778058903,"jwtDotCount":2,"tokenLen":143,"userId":5},"hypothesisId":"H1","location":"login_logic.go:Login","message":"issued login access token","runId":"pre-fix","sessionId":"bd9af0","timestamp":1778058903183}
{"data":{"accessExpireSec":3600,"exp":1778062503,"iat":1778058903,"jwtDotCount":2,"tokenLen":143,"userId":5},"hypothesisId":"H1","location":"login_logic.go:Login","message":"issued login access token","runId":"pre-fix","sessionId":"bd9af0","timestamp":1778058903188}
{"data":{"accessExpireSec":3600,"exp":1778062503,"iat":1778058903,"jwtDotCount":2,"tokenLen":143,"userId":5},"hypothesisId":"H1","location":"login_logic.go:Login","message":"issued login access token","runId":"pre-fix","sessionId":"bd9af0","timestamp":1778058903194}
{"data":{"accessExpireSec":3600,"exp":1778062503,"iat":1778058903,"jwtDotCount":2,"tokenLen":143,"userId":5},"hypothesisId":"H1","location":"login_logic.go:Login","message":"issued login access token","runId":"pre-fix","sessionId":"bd9af0","timestamp":1778058903196}
{"data":{"accessExpireSec":3600,"exp":1778062503,"iat":1778058903,"jwtDotCount":2,"tokenLen":143,"userId":5},"hypothesisId":"H1","location":"login_logic.go:Login","message":"issued login access token","runId":"pre-fix","sessionId":"bd9af0","timestamp":1778058903223}
{"data":{"accessExpireSec":3600,"exp":1778062503,"iat":1778058903,"jwtDotCount":2,"tokenLen":143,"userId":5},"hypothesisId":"H1","location":"login_logic.go:Login","message":"issued login access token","runId":"pre-fix","sessionId":"bd9af0","timestamp":1778058903226}
{"data":{"accessExpireSec":3600,"exp":1778062503,"iat":1778058903,"jwtDotCount":2,"tokenLen":143,"userId":5},"hypothesisId":"H1","location":"login_logic.go:Login","message":"issued login access token","runId":"pre-fix","sessionId":"bd9af0","timestamp":1778058903226}
{"data":{"accessExpireSec":3600,"exp":1778062503,"iat":1778058903,"jwtDotCount":2,"tokenLen":143,"userId":5},"hypothesisId":"H1","location":"login_logic.go:Login","message":"issued login access token","runId":"pre-fix","sessionId":"bd9af0","timestamp":1778058903237}
{"data":{"accessExpireSec":3600,"exp":1778062503,"iat":1778058903,"jwtDotCount":2,"tokenLen":143,"userId":5},"hypothesisId":"H1","location":"login_logic.go:Login","message":"issued login access token","runId":"pre-fix","sessionId":"bd9af0","timestamp":1778058903255}
{"data":{"accessExpireSec":3600,"exp":1778062503,"iat":1778058903,"jwtDotCount":2,"tokenLen":143,"userId":5},"hypothesisId":"H1","location":"login_logic.go:Login","message":"issued login access token","runId":"pre-fix","sessionId":"bd9af0","timestamp":1778058903257}
{"data":{"accessExpireSec":3600,"exp":1778062503,"iat":1778058903,"jwtDotCount":2,"tokenLen":143,"userId":5},"hypothesisId":"H1","location":"login_logic.go:Login","message":"issued login access token","runId":"pre-fix","sessionId":"bd9af0","timestamp":1778058903275}
{"data":{"accessExpireSec":3600,"exp":1778062503,"iat":1778058903,"jwtDotCount":2,"tokenLen":143,"userId":5},"hypothesisId":"H1","location":"login_logic.go:Login","message":"issued login access token","runId":"pre-fix","sessionId":"bd9af0","timestamp":1778058903275}
{"data":{"accessExpireSec":3600,"exp":1778062503,"iat":1778058903,"jwtDotCount":2,"tokenLen":143,"userId":5},"hypothesisId":"H1","location":"login_logic.go:Login","message":"issued login access token","runId":"pre-fix","sessionId":"bd9af0","timestamp":1778058903287}
{"data":{"accessExpireSec":3600,"exp":1778062503,"iat":1778058903,"jwtDotCount":2,"tokenLen":143,"userId":5},"hypothesisId":"H1","location":"login_logic.go:Login","message":"issued login access token","runId":"pre-fix","sessionId":"bd9af0","timestamp":1778058903287}
{"data":{"accessExpireSec":3600,"exp":1778062503,"iat":1778058903,"jwtDotCount":2,"tokenLen":143,"userId":5},"hypothesisId":"H1","location":"login_logic.go:Login","message":"issued login access token","runId":"pre-fix","sessionId":"bd9af0","timestamp":1778058903316}
{"data":{"accessExpireSec":3600,"exp":1778062503,"iat":1778058903,"jwtDotCount":2,"tokenLen":143,"userId":5},"hypothesisId":"H1","location":"login_logic.go:Login","message":"issued login access token","runId":"pre-fix","sessionId":"bd9af0","timestamp":1778058903318}
{"data":{"accessExpireSec":3600,"exp":1778062503,"iat":1778058903,"jwtDotCount":2,"tokenLen":143,"userId":5},"hypothesisId":"H1","location":"login_logic.go:Login","message":"issued login access token","runId":"pre-fix","sessionId":"bd9af0","timestamp":1778058903321}
{"data":{"accessExpireSec":3600,"exp":1778062503,"iat":1778058903,"jwtDotCount":2,"tokenLen":143,"userId":5},"hypothesisId":"H1","location":"login_logic.go:Login","message":"issued login access token","runId":"pre-fix","sessionId":"bd9af0","timestamp":1778058903328}
{"data":{"accessExpireSec":3600,"exp":1778062503,"iat":1778058903,"jwtDotCount":2,"tokenLen":143,"userId":5},"hypothesisId":"H1","location":"login_logic.go:Login","message":"issued login access token","runId":"pre-fix","sessionId":"bd9af0","timestamp":1778058903347}
{"data":{"accessExpireSec":3600,"exp":1778062503,"iat":1778058903,"jwtDotCount":2,"tokenLen":143,"userId":5},"hypothesisId":"H1","location":"login_logic.go:Login","message":"issued login access token","runId":"pre-fix","sessionId":"bd9af0","timestamp":1778058903348}
{"data":{"accessExpireSec":3600,"exp":1778062503,"iat":1778058903,"jwtDotCount":2,"tokenLen":143,"userId":5},"hypothesisId":"H1","location":"login_logic.go:Login","message":"issued login access token","runId":"pre-fix","sessionId":"bd9af0","timestamp":1778058903365}
{"data":{"accessExpireSec":3600,"exp":1778062503,"iat":1778058903,"jwtDotCount":2,"tokenLen":143,"userId":5},"hypothesisId":"H1","location":"login_logic.go:Login","message":"issued login access token","runId":"pre-fix","sessionId":"bd9af0","timestamp":1778058903366}
{"data":{"accessExpireSec":3600,"exp":1778062503,"iat":1778058903,"jwtDotCount":2,"tokenLen":143,"userId":5},"hypothesisId":"H1","location":"login_logic.go:Login","message":"issued login access token","runId":"pre-fix","sessionId":"bd9af0","timestamp":1778058903378}
{"data":{"accessExpireSec":3600,"exp":1778062503,"iat":1778058903,"jwtDotCount":2,"tokenLen":143,"userId":5},"hypothesisId":"H1","location":"login_logic.go:Login","message":"issued login access token","runId":"pre-fix","sessionId":"bd9af0","timestamp":1778058903380}
{"data":{"accessExpireSec":3600,"exp":1778062503,"iat":1778058903,"jwtDotCount":2,"tokenLen":143,"userId":5},"hypothesisId":"H1","location":"login_logic.go:Login","message":"issued login access token","runId":"pre-fix","sessionId":"bd9af0","timestamp":1778058903409}
{"data":{"accessExpireSec":3600,"exp":1778062503,"iat":1778058903,"jwtDotCount":2,"tokenLen":143,"userId":5},"hypothesisId":"H1","location":"login_logic.go:Login","message":"issued login access token","runId":"pre-fix","sessionId":"bd9af0","timestamp":1778058903409}
{"data":{"accessExpireSec":3600,"exp":1778062503,"iat":1778058903,"jwtDotCount":2,"tokenLen":143,"userId":5},"hypothesisId":"H1","location":"login_logic.go:Login","message":"issued login access token","runId":"pre-fix","sessionId":"bd9af0","timestamp":1778058903409}
{"data":{"accessExpireSec":3600,"exp":1778062503,"iat":1778058903,"jwtDotCount":2,"tokenLen":143,"userId":5},"hypothesisId":"H1","location":"login_logic.go:Login","message":"issued login access token","runId":"pre-fix","sessionId":"bd9af0","timestamp":1778058903420}
{"data":{"accessExpireSec":3600,"exp":1778062503,"iat":1778058903,"jwtDotCount":2,"tokenLen":143,"userId":5},"hypothesisId":"H1","location":"login_logic.go:Login","message":"issued login access token","runId":"pre-fix","sessionId":"bd9af0","timestamp":1778058903438}
{"data":{"accessExpireSec":3600,"exp":1778062503,"iat":1778058903,"jwtDotCount":2,"tokenLen":143,"userId":5},"hypothesisId":"H1","location":"login_logic.go:Login","message":"issued login access token","runId":"pre-fix","sessionId":"bd9af0","timestamp":1778058903439}
{"data":{"accessExpireSec":3600,"exp":1778062503,"iat":1778058903,"jwtDotCount":2,"tokenLen":143,"userId":5},"hypothesisId":"H1","location":"login_logic.go:Login","message":"issued login access token","runId":"pre-fix","sessionId":"bd9af0","timestamp":1778058903458}
{"data":{"accessExpireSec":3600,"exp":1778062503,"iat":1778058903,"jwtDotCount":2,"tokenLen":143,"userId":5},"hypothesisId":"H1","location":"login_logic.go:Login","message":"issued login access token","runId":"pre-fix","sessionId":"bd9af0","timestamp":1778058903458}
{"data":{"accessExpireSec":3600,"exp":1778062503,"iat":1778058903,"jwtDotCount":2,"tokenLen":143,"userId":5},"hypothesisId":"H1","location":"login_logic.go:Login","message":"issued login access token","runId":"pre-fix","sessionId":"bd9af0","timestamp":1778058903470}
{"data":{"accessExpireSec":3600,"exp":1778062503,"iat":1778058903,"jwtDotCount":2,"tokenLen":143,"userId":5},"hypothesisId":"H1","location":"login_logic.go:Login","message":"issued login access token","runId":"pre-fix","sessionId":"bd9af0","timestamp":1778058903471}
{"data":{"accessExpireSec":3600,"exp":1778062503,"iat":1778058903,"jwtDotCount":2,"tokenLen":143,"userId":5},"hypothesisId":"H1","location":"login_logic.go:Login","message":"issued login access token","runId":"pre-fix","sessionId":"bd9af0","timestamp":1778058903499}
{"data":{"accessExpireSec":3600,"exp":1778062503,"iat":1778058903,"jwtDotCount":2,"tokenLen":143,"userId":5},"hypothesisId":"H1","location":"login_logic.go:Login","message":"issued login access token","runId":"pre-fix","sessionId":"bd9af0","timestamp":1778058903499}
{"data":{"accessExpireSec":3600,"exp":1778062503,"iat":1778058903,"jwtDotCount":2,"tokenLen":143,"userId":5},"hypothesisId":"H1","location":"login_logic.go:Login","message":"issued login access token","runId":"pre-fix","sessionId":"bd9af0","timestamp":1778058903499}
{"data":{"accessExpireSec":3600,"exp":1778062503,"iat":1778058903,"jwtDotCount":2,"tokenLen":143,"userId":5},"hypothesisId":"H1","location":"login_logic.go:Login","message":"issued login access token","runId":"pre-fix","sessionId":"bd9af0","timestamp":1778058903510}
{"data":{"accessExpireSec":3600,"exp":1778062503,"iat":1778058903,"jwtDotCount":2,"tokenLen":143,"userId":5},"hypothesisId":"H1","location":"login_logic.go:Login","message":"issued login access token","runId":"pre-fix","sessionId":"bd9af0","timestamp":1778058903530}
{"data":{"accessExpireSec":3600,"exp":1778062503,"iat":1778058903,"jwtDotCount":2,"tokenLen":143,"userId":5},"hypothesisId":"H1","location":"login_logic.go:Login","message":"issued login access token","runId":"pre-fix","sessionId":"bd9af0","timestamp":1778058903531}
{"data":{"accessExpireSec":3600,"exp":1778062503,"iat":1778058903,"jwtDotCount":2,"tokenLen":143,"userId":5},"hypothesisId":"H1","location":"login_logic.go:Login","message":"issued login access token","runId":"pre-fix","sessionId":"bd9af0","timestamp":1778058903544}
{"data":{"accessExpireSec":3600,"exp":1778062503,"iat":1778058903,"jwtDotCount":2,"tokenLen":143,"userId":5},"hypothesisId":"H1","location":"login_logic.go:Login","message":"issued login access token","runId":"pre-fix","sessionId":"bd9af0","timestamp":1778058903547}
{"data":{"accessExpireSec":3600,"exp":1778062503,"iat":1778058903,"jwtDotCount":2,"tokenLen":143,"userId":5},"hypothesisId":"H1","location":"login_logic.go:Login","message":"issued login access token","runId":"pre-fix","sessionId":"bd9af0","timestamp":1778058903562}
{"data":{"accessExpireSec":3600,"exp":1778062503,"iat":1778058903,"jwtDotCount":2,"tokenLen":143,"userId":5},"hypothesisId":"H1","location":"login_logic.go:Login","message":"issued login access token","runId":"pre-fix","sessionId":"bd9af0","timestamp":1778058903563}
{"data":{"accessExpireSec":3600,"exp":1778062503,"iat":1778058903,"jwtDotCount":2,"tokenLen":143,"userId":5},"hypothesisId":"H1","location":"login_logic.go:Login","message":"issued login access token","runId":"pre-fix","sessionId":"bd9af0","timestamp":1778058903588}
{"data":{"accessExpireSec":3600,"exp":1778062503,"iat":1778058903,"jwtDotCount":2,"tokenLen":143,"userId":5},"hypothesisId":"H1","location":"login_logic.go:Login","message":"issued login access token","runId":"pre-fix","sessionId":"bd9af0","timestamp":1778058903588}
{"data":{"accessExpireSec":3600,"exp":1778062503,"iat":1778058903,"jwtDotCount":2,"tokenLen":143,"userId":5},"hypothesisId":"H1","location":"login_logic.go:Login","message":"issued login access token","runId":"pre-fix","sessionId":"bd9af0","timestamp":1778058903590}
{"data":{"accessExpireSec":3600,"exp":1778062503,"iat":1778058903,"jwtDotCount":2,"tokenLen":143,"userId":5},"hypothesisId":"H1","location":"login_logic.go:Login","message":"issued login access token","runId":"pre-fix","sessionId":"bd9af0","timestamp":1778058903597}
{"data":{"accessExpireSec":3600,"exp":1778062503,"iat":1778058903,"jwtDotCount":2,"tokenLen":143,"userId":5},"hypothesisId":"H1","location":"login_logic.go:Login","message":"issued login access token","runId":"pre-fix","sessionId":"bd9af0","timestamp":1778058903618}
{"data":{"accessExpireSec":3600,"exp":1778062503,"iat":1778058903,"jwtDotCount":2,"tokenLen":143,"userId":5},"hypothesisId":"H1","location":"login_logic.go:Login","message":"issued login access token","runId":"pre-fix","sessionId":"bd9af0","timestamp":1778058903620}
{"data":{"accessExpireSec":3600,"exp":1778062503,"iat":1778058903,"jwtDotCount":2,"tokenLen":143,"userId":5},"hypothesisId":"H1","location":"login_logic.go:Login","message":"issued login access token","runId":"pre-fix","sessionId":"bd9af0","timestamp":1778058903632}
{"data":{"accessExpireSec":3600,"exp":1778062503,"iat":1778058903,"jwtDotCount":2,"tokenLen":143,"userId":5},"hypothesisId":"H1","location":"login_logic.go:Login","message":"issued login access token","runId":"pre-fix","sessionId":"bd9af0","timestamp":1778058903636}
{"data":{"accessExpireSec":3600,"exp":1778062503,"iat":1778058903,"jwtDotCount":2,"tokenLen":143,"userId":5},"hypothesisId":"H1","location":"login_logic.go:Login","message":"issued login access token","runId":"pre-fix","sessionId":"bd9af0","timestamp":1778058903652}
{"data":{"accessExpireSec":3600,"exp":1778062503,"iat":1778058903,"jwtDotCount":2,"tokenLen":143,"userId":5},"hypothesisId":"H1","location":"login_logic.go:Login","message":"issued login access token","runId":"pre-fix","sessionId":"bd9af0","timestamp":1778058903659}
{"data":{"accessExpireSec":3600,"exp":1778062503,"iat":1778058903,"jwtDotCount":2,"tokenLen":143,"userId":5},"hypothesisId":"H1","location":"login_logic.go:Login","message":"issued login access token","runId":"pre-fix","sessionId":"bd9af0","timestamp":1778058903685}
{"data":{"accessExpireSec":3600,"exp":1778062503,"iat":1778058903,"jwtDotCount":2,"tokenLen":143,"userId":5},"hypothesisId":"H1","location":"login_logic.go:Login","message":"issued login access token","runId":"pre-fix","sessionId":"bd9af0","timestamp":1778058903686}
{"data":{"accessExpireSec":3600,"exp":1778062503,"iat":1778058903,"jwtDotCount":2,"tokenLen":143,"userId":5},"hypothesisId":"H1","location":"login_logic.go:Login","message":"issued login access token","runId":"pre-fix","sessionId":"bd9af0","timestamp":1778058903688}
{"data":{"accessExpireSec":3600,"exp":1778062503,"iat":1778058903,"jwtDotCount":2,"tokenLen":143,"userId":5},"hypothesisId":"H1","location":"login_logic.go:Login","message":"issued login access token","runId":"pre-fix","sessionId":"bd9af0","timestamp":1778058903695}
{"data":{"accessExpireSec":3600,"exp":1778062503,"iat":1778058903,"jwtDotCount":2,"tokenLen":143,"userId":5},"hypothesisId":"H1","location":"login_logic.go:Login","message":"issued login access token","runId":"pre-fix","sessionId":"bd9af0","timestamp":1778058903718}
{"data":{"accessExpireSec":3600,"exp":1778062503,"iat":1778058903,"jwtDotCount":2,"tokenLen":143,"userId":5},"hypothesisId":"H1","location":"login_logic.go:Login","message":"issued login access token","runId":"pre-fix","sessionId":"bd9af0","timestamp":1778058903723}
{"data":{"accessExpireSec":3600,"exp":1778062503,"iat":1778058903,"jwtDotCount":2,"tokenLen":143,"userId":5},"hypothesisId":"H1","location":"login_logic.go:Login","message":"issued login access token","runId":"pre-fix","sessionId":"bd9af0","timestamp":1778058903734}
{"data":{"accessExpireSec":3600,"exp":1778062503,"iat":1778058903,"jwtDotCount":2,"tokenLen":143,"userId":5},"hypothesisId":"H1","location":"login_logic.go:Login","message":"issued login access token","runId":"pre-fix","sessionId":"bd9af0","timestamp":1778058903739}
{"data":{"accessExpireSec":3600,"exp":1778062503,"iat":1778058903,"jwtDotCount":2,"tokenLen":143,"userId":5},"hypothesisId":"H1","location":"login_logic.go:Login","message":"issued login access token","runId":"pre-fix","sessionId":"bd9af0","timestamp":1778058903748}
{"data":{"accessExpireSec":3600,"exp":1778062503,"iat":1778058903,"jwtDotCount":2,"tokenLen":143,"userId":5},"hypothesisId":"H1","location":"login_logic.go:Login","message":"issued login access token","runId":"pre-fix","sessionId":"bd9af0","timestamp":1778058903753}
{"data":{"accessExpireSec":3600,"exp":1778062503,"iat":1778058903,"jwtDotCount":2,"tokenLen":143,"userId":5},"hypothesisId":"H1","location":"login_logic.go:Login","message":"issued login access token","runId":"pre-fix","sessionId":"bd9af0","timestamp":1778058903783}
{"data":{"accessExpireSec":3600,"exp":1778062503,"iat":1778058903,"jwtDotCount":2,"tokenLen":143,"userId":5},"hypothesisId":"H1","location":"login_logic.go:Login","message":"issued login access token","runId":"pre-fix","sessionId":"bd9af0","timestamp":1778058903783}
{"data":{"accessExpireSec":3600,"exp":1778062503,"iat":1778058903,"jwtDotCount":2,"tokenLen":143,"userId":5},"hypothesisId":"H1","location":"login_logic.go:Login","message":"issued login access token","runId":"pre-fix","sessionId":"bd9af0","timestamp":1778058903784}
{"data":{"accessExpireSec":3600,"exp":1778062503,"iat":1778058903,"jwtDotCount":2,"tokenLen":143,"userId":5},"hypothesisId":"H1","location":"login_logic.go:Login","message":"issued login access token","runId":"pre-fix","sessionId":"bd9af0","timestamp":1778058903792}
{"data":{"accessExpireSec":3600,"exp":1778062503,"iat":1778058903,"jwtDotCount":2,"tokenLen":143,"userId":5},"hypothesisId":"H1","location":"login_logic.go:Login","message":"issued login access token","runId":"pre-fix","sessionId":"bd9af0","timestamp":1778058903817}
{"data":{"accessExpireSec":3600,"exp":1778062503,"iat":1778058903,"jwtDotCount":2,"tokenLen":143,"userId":5},"hypothesisId":"H1","location":"login_logic.go:Login","message":"issued login access token","runId":"pre-fix","sessionId":"bd9af0","timestamp":1778058903820}
{"data":{"accessExpireSec":3600,"exp":1778062503,"iat":1778058903,"jwtDotCount":2,"tokenLen":143,"userId":5},"hypothesisId":"H1","location":"login_logic.go:Login","message":"issued login access token","runId":"pre-fix","sessionId":"bd9af0","timestamp":1778058903831}
{"data":{"accessExpireSec":3600,"exp":1778062503,"iat":1778058903,"jwtDotCount":2,"tokenLen":143,"userId":5},"hypothesisId":"H1","location":"login_logic.go:Login","message":"issued login access token","runId":"pre-fix","sessionId":"bd9af0","timestamp":1778058903838}
{"data":{"accessExpireSec":3600,"exp":1778062503,"iat":1778058903,"jwtDotCount":2,"tokenLen":143,"userId":5},"hypothesisId":"H1","location":"login_logic.go:Login","message":"issued login access token","runId":"pre-fix","sessionId":"bd9af0","timestamp":1778058903847}
{"data":{"accessExpireSec":3600,"exp":1778062503,"iat":1778058903,"jwtDotCount":2,"tokenLen":143,"userId":5},"hypothesisId":"H1","location":"login_logic.go:Login","message":"issued login access token","runId":"pre-fix","sessionId":"bd9af0","timestamp":1778058903851}
{"data":{"accessExpireSec":3600,"exp":1778062503,"iat":1778058903,"jwtDotCount":2,"tokenLen":143,"userId":5},"hypothesisId":"H1","location":"login_logic.go:Login","message":"issued login access token","runId":"pre-fix","sessionId":"bd9af0","timestamp":1778058903883}
{"data":{"accessExpireSec":3600,"exp":1778062503,"iat":1778058903,"jwtDotCount":2,"tokenLen":143,"userId":5},"hypothesisId":"H1","location":"login_logic.go:Login","message":"issued login access token","runId":"pre-fix","sessionId":"bd9af0","timestamp":1778058903884}
{"data":{"accessExpireSec":3600,"exp":1778062503,"iat":1778058903,"jwtDotCount":2,"tokenLen":143,"userId":5},"hypothesisId":"H1","location":"login_logic.go:Login","message":"issued login access token","runId":"pre-fix","sessionId":"bd9af0","timestamp":1778058903886}
{"data":{"accessExpireSec":3600,"exp":1778062503,"iat":1778058903,"jwtDotCount":2,"tokenLen":143,"userId":5},"hypothesisId":"H1","location":"login_logic.go:Login","message":"issued login access token","runId":"pre-fix","sessionId":"bd9af0","timestamp":1778058903891}
{"data":{"accessExpireSec":3600,"exp":1778062503,"iat":1778058903,"jwtDotCount":2,"tokenLen":143,"userId":5},"hypothesisId":"H1","location":"login_logic.go:Login","message":"issued login access token","runId":"pre-fix","sessionId":"bd9af0","timestamp":1778058903917}
{"data":{"accessExpireSec":3600,"exp":1778062503,"iat":1778058903,"jwtDotCount":2,"tokenLen":143,"userId":5},"hypothesisId":"H1","location":"login_logic.go:Login","message":"issued login access token","runId":"pre-fix","sessionId":"bd9af0","timestamp":1778058903917}
{"data":{"accessExpireSec":3600,"exp":1778062503,"iat":1778058903,"jwtDotCount":2,"tokenLen":143,"userId":5},"hypothesisId":"H1","location":"login_logic.go:Login","message":"issued login access token","runId":"pre-fix","sessionId":"bd9af0","timestamp":1778058903930}
{"data":{"accessExpireSec":3600,"exp":1778062503,"iat":1778058903,"jwtDotCount":2,"tokenLen":143,"userId":5},"hypothesisId":"H1","location":"login_logic.go:Login","message":"issued login access token","runId":"pre-fix","sessionId":"bd9af0","timestamp":1778058903937}
{"data":{"accessExpireSec":3600,"exp":1778062503,"iat":1778058903,"jwtDotCount":2,"tokenLen":143,"userId":5},"hypothesisId":"H1","location":"login_logic.go:Login","message":"issued login access token","runId":"pre-fix","sessionId":"bd9af0","timestamp":1778058903947}
{"data":{"accessExpireSec":3600,"exp":1778062503,"iat":1778058903,"jwtDotCount":2,"tokenLen":143,"userId":5},"hypothesisId":"H1","location":"login_logic.go:Login","message":"issued login access token","runId":"pre-fix","sessionId":"bd9af0","timestamp":1778058903950}
{"data":{"accessExpireSec":3600,"exp":1778062503,"iat":1778058903,"jwtDotCount":2,"tokenLen":143,"userId":5},"hypothesisId":"H1","location":"login_logic.go:Login","message":"issued login access token","runId":"pre-fix","sessionId":"bd9af0","timestamp":1778058903982}
{"data":{"accessExpireSec":3600,"exp":1778062503,"iat":1778058903,"jwtDotCount":2,"tokenLen":143,"userId":5},"hypothesisId":"H1","location":"login_logic.go:Login","message":"issued login access token","runId":"pre-fix","sessionId":"bd9af0","timestamp":1778058903984}
{"data":{"accessExpireSec":3600,"exp":1778062503,"iat":1778058903,"jwtDotCount":2,"tokenLen":143,"userId":5},"hypothesisId":"H1","location":"login_logic.go:Login","message":"issued login access token","runId":"pre-fix","sessionId":"bd9af0","timestamp":1778058903984}
{"data":{"accessExpireSec":3600,"exp":1778062503,"iat":1778058903,"jwtDotCount":2,"tokenLen":143,"userId":5},"hypothesisId":"H1","location":"login_logic.go:Login","message":"issued login access token","runId":"pre-fix","sessionId":"bd9af0","timestamp":1778058903989}
{"data":{"accessExpireSec":3600,"exp":1778062504,"iat":1778058904,"jwtDotCount":2,"tokenLen":143,"userId":5},"hypothesisId":"H1","location":"login_logic.go:Login","message":"issued login access token","runId":"pre-fix","sessionId":"bd9af0","timestamp":1778058904013}
{"data":{"accessExpireSec":3600,"exp":1778062504,"iat":1778058904,"jwtDotCount":2,"tokenLen":143,"userId":5},"hypothesisId":"H1","location":"login_logic.go:Login","message":"issued login access token","runId":"pre-fix","sessionId":"bd9af0","timestamp":1778058904014}
{"data":{"accessExpireSec":3600,"exp":1778062504,"iat":1778058904,"jwtDotCount":2,"tokenLen":143,"userId":5},"hypothesisId":"H1","location":"login_logic.go:Login","message":"issued login access token","runId":"pre-fix","sessionId":"bd9af0","timestamp":1778058904028}
{"data":{"accessExpireSec":3600,"exp":1778062504,"iat":1778058904,"jwtDotCount":2,"tokenLen":143,"userId":5},"hypothesisId":"H1","location":"login_logic.go:Login","message":"issued login access token","runId":"pre-fix","sessionId":"bd9af0","timestamp":1778058904034}
{"data":{"accessExpireSec":3600,"exp":1778062504,"iat":1778058904,"jwtDotCount":2,"tokenLen":143,"userId":5},"hypothesisId":"H1","location":"login_logic.go:Login","message":"issued login access token","runId":"pre-fix","sessionId":"bd9af0","timestamp":1778058904044}
{"data":{"accessExpireSec":3600,"exp":1778062504,"iat":1778058904,"jwtDotCount":2,"tokenLen":143,"userId":5},"hypothesisId":"H1","location":"login_logic.go:Login","message":"issued login access token","runId":"pre-fix","sessionId":"bd9af0","timestamp":1778058904046}
{"data":{"accessExpireSec":3600,"exp":1778062504,"iat":1778058904,"jwtDotCount":2,"tokenLen":143,"userId":5},"hypothesisId":"H1","location":"login_logic.go:Login","message":"issued login access token","runId":"pre-fix","sessionId":"bd9af0","timestamp":1778058904078}
{"data":{"accessExpireSec":3600,"exp":1778062504,"iat":1778058904,"jwtDotCount":2,"tokenLen":143,"userId":5},"hypothesisId":"H1","location":"login_logic.go:Login","message":"issued login access token","runId":"pre-fix","sessionId":"bd9af0","timestamp":1778058904079}
{"data":{"accessExpireSec":3600,"exp":1778062504,"iat":1778058904,"jwtDotCount":2,"tokenLen":143,"userId":5},"hypothesisId":"H1","location":"login_logic.go:Login","message":"issued login access token","runId":"pre-fix","sessionId":"bd9af0","timestamp":1778058904081}
{"data":{"accessExpireSec":3600,"exp":1778062504,"iat":1778058904,"jwtDotCount":2,"tokenLen":143,"userId":5},"hypothesisId":"H1","location":"login_logic.go:Login","message":"issued login access token","runId":"pre-fix","sessionId":"bd9af0","timestamp":1778058904085}
{"data":{"accessExpireSec":3600,"exp":1778062504,"iat":1778058904,"jwtDotCount":2,"tokenLen":143,"userId":5},"hypothesisId":"H1","location":"login_logic.go:Login","message":"issued login access token","runId":"pre-fix","sessionId":"bd9af0","timestamp":1778058904108}
{"data":{"accessExpireSec":3600,"exp":1778062504,"iat":1778058904,"jwtDotCount":2,"tokenLen":143,"userId":5},"hypothesisId":"H1","location":"login_logic.go:Login","message":"issued login access token","runId":"pre-fix","sessionId":"bd9af0","timestamp":1778058904116}
{"data":{"accessExpireSec":3600,"exp":1778062504,"iat":1778058904,"jwtDotCount":2,"tokenLen":143,"userId":5},"hypothesisId":"H1","location":"login_logic.go:Login","message":"issued login access token","runId":"pre-fix","sessionId":"bd9af0","timestamp":1778058904122}
{"data":{"accessExpireSec":3600,"exp":1778062504,"iat":1778058904,"jwtDotCount":2,"tokenLen":143,"userId":5},"hypothesisId":"H1","location":"login_logic.go:Login","message":"issued login access token","runId":"pre-fix","sessionId":"bd9af0","timestamp":1778058904132}
{"data":{"accessExpireSec":3600,"exp":1778062504,"iat":1778058904,"jwtDotCount":2,"tokenLen":143,"userId":5},"hypothesisId":"H1","location":"login_logic.go:Login","message":"issued login access token","runId":"pre-fix","sessionId":"bd9af0","timestamp":1778058904138}
{"data":{"accessExpireSec":3600,"exp":1778062504,"iat":1778058904,"jwtDotCount":2,"tokenLen":143,"userId":5},"hypothesisId":"H1","location":"login_logic.go:Login","message":"issued login access token","runId":"pre-fix","sessionId":"bd9af0","timestamp":1778058904139}
{"data":{"accessExpireSec":3600,"exp":1778062504,"iat":1778058904,"jwtDotCount":2,"tokenLen":143,"userId":5},"hypothesisId":"H1","location":"login_logic.go:Login","message":"issued login access token","runId":"pre-fix","sessionId":"bd9af0","timestamp":1778058904174}
{"data":{"accessExpireSec":3600,"exp":1778062504,"iat":1778058904,"jwtDotCount":2,"tokenLen":143,"userId":5},"hypothesisId":"H1","location":"login_logic.go:Login","message":"issued login access token","runId":"pre-fix","sessionId":"bd9af0","timestamp":1778058904176}
{"data":{"accessExpireSec":3600,"exp":1778062504,"iat":1778058904,"jwtDotCount":2,"tokenLen":143,"userId":5},"hypothesisId":"H1","location":"login_logic.go:Login","message":"issued login access token","runId":"pre-fix","sessionId":"bd9af0","timestamp":1778058904178}
{"data":{"accessExpireSec":3600,"exp":1778062504,"iat":1778058904,"jwtDotCount":2,"tokenLen":143,"userId":5},"hypothesisId":"H1","location":"login_logic.go:Login","message":"issued login access token","runId":"pre-fix","sessionId":"bd9af0","timestamp":1778058904182}
{"data":{"accessExpireSec":3600,"exp":1778062504,"iat":1778058904,"jwtDotCount":2,"tokenLen":143,"userId":5},"hypothesisId":"H1","location":"login_logic.go:Login","message":"issued login access token","runId":"pre-fix","sessionId":"bd9af0","timestamp":1778058904203}
{"data":{"accessExpireSec":3600,"exp":1778062504,"iat":1778058904,"jwtDotCount":2,"tokenLen":143,"userId":5},"hypothesisId":"H1","location":"login_logic.go:Login","message":"issued login access token","runId":"pre-fix","sessionId":"bd9af0","timestamp":1778058904211}
{"data":{"accessExpireSec":3600,"exp":1778062504,"iat":1778058904,"jwtDotCount":2,"tokenLen":143,"userId":5},"hypothesisId":"H1","location":"login_logic.go:Login","message":"issued login access token","runId":"pre-fix","sessionId":"bd9af0","timestamp":1778058904218}
{"data":{"accessExpireSec":3600,"exp":1778062504,"iat":1778058904,"jwtDotCount":2,"tokenLen":143,"userId":5},"hypothesisId":"H1","location":"login_logic.go:Login","message":"issued login access token","runId":"pre-fix","sessionId":"bd9af0","timestamp":1778058904226}
{"data":{"accessExpireSec":3600,"exp":1778062504,"iat":1778058904,"jwtDotCount":2,"tokenLen":143,"userId":5},"hypothesisId":"H1","location":"login_logic.go:Login","message":"issued login access token","runId":"pre-fix","sessionId":"bd9af0","timestamp":1778058904235}
{"data":{"accessExpireSec":3600,"exp":1778062504,"iat":1778058904,"jwtDotCount":2,"tokenLen":143,"userId":5},"hypothesisId":"H1","location":"login_logic.go:Login","message":"issued login access token","runId":"pre-fix","sessionId":"bd9af0","timestamp":1778058904235}
{"data":{"accessExpireSec":3600,"exp":1778062504,"iat":1778058904,"jwtDotCount":2,"tokenLen":143,"userId":5},"hypothesisId":"H1","location":"login_logic.go:Login","message":"issued login access token","runId":"pre-fix","sessionId":"bd9af0","timestamp":1778058904269}
{"data":{"accessExpireSec":3600,"exp":1778062504,"iat":1778058904,"jwtDotCount":2,"tokenLen":143,"userId":5},"hypothesisId":"H1","location":"login_logic.go:Login","message":"issued login access token","runId":"pre-fix","sessionId":"bd9af0","timestamp":1778058904270}
{"data":{"accessExpireSec":3600,"exp":1778062504,"iat":1778058904,"jwtDotCount":2,"tokenLen":143,"userId":5},"hypothesisId":"H1","location":"login_logic.go:Login","message":"issued login access token","runId":"pre-fix","sessionId":"bd9af0","timestamp":1778058904271}
{"data":{"accessExpireSec":3600,"exp":1778062504,"iat":1778058904,"jwtDotCount":2,"tokenLen":143,"userId":5},"hypothesisId":"H1","location":"login_logic.go:Login","message":"issued login access token","runId":"pre-fix","sessionId":"bd9af0","timestamp":1778058904274}
{"data":{"accessExpireSec":3600,"exp":1778062504,"iat":1778058904,"jwtDotCount":2,"tokenLen":143,"userId":5},"hypothesisId":"H1","location":"login_logic.go:Login","message":"issued login access token","runId":"pre-fix","sessionId":"bd9af0","timestamp":1778058904297}
{"data":{"accessExpireSec":3600,"exp":1778062504,"iat":1778058904,"jwtDotCount":2,"tokenLen":143,"userId":5},"hypothesisId":"H1","location":"login_logic.go:Login","message":"issued login access token","runId":"pre-fix","sessionId":"bd9af0","timestamp":1778058904304}
{"data":{"accessExpireSec":3600,"exp":1778062504,"iat":1778058904,"jwtDotCount":2,"tokenLen":143,"userId":5},"hypothesisId":"H1","location":"login_logic.go:Login","message":"issued login access token","runId":"pre-fix","sessionId":"bd9af0","timestamp":1778058904313}
{"data":{"accessExpireSec":3600,"exp":1778062504,"iat":1778058904,"jwtDotCount":2,"tokenLen":143,"userId":5},"hypothesisId":"H1","location":"login_logic.go:Login","message":"issued login access token","runId":"pre-fix","sessionId":"bd9af0","timestamp":1778058904321}
{"data":{"accessExpireSec":3600,"exp":1778062504,"iat":1778058904,"jwtDotCount":2,"tokenLen":143,"userId":5},"hypothesisId":"H1","location":"login_logic.go:Login","message":"issued login access token","runId":"pre-fix","sessionId":"bd9af0","timestamp":1778058904330}
{"data":{"accessExpireSec":3600,"exp":1778062504,"iat":1778058904,"jwtDotCount":2,"tokenLen":143,"userId":5},"hypothesisId":"H1","location":"login_logic.go:Login","message":"issued login access token","runId":"pre-fix","sessionId":"bd9af0","timestamp":1778058904330}
{"data":{"accessExpireSec":3600,"exp":1778062504,"iat":1778058904,"jwtDotCount":2,"tokenLen":143,"userId":5},"hypothesisId":"H1","location":"login_logic.go:Login","message":"issued login access token","runId":"pre-fix","sessionId":"bd9af0","timestamp":1778058904365}
{"data":{"accessExpireSec":3600,"exp":1778062504,"iat":1778058904,"jwtDotCount":2,"tokenLen":143,"userId":5},"hypothesisId":"H1","location":"login_logic.go:Login","message":"issued login access token","runId":"pre-fix","sessionId":"bd9af0","timestamp":1778058904366}
{"data":{"accessExpireSec":3600,"exp":1778062504,"iat":1778058904,"jwtDotCount":2,"tokenLen":143,"userId":5},"hypothesisId":"H1","location":"login_logic.go:Login","message":"issued login access token","runId":"pre-fix","sessionId":"bd9af0","timestamp":1778058904368}
{"data":{"accessExpireSec":3600,"exp":1778062504,"iat":1778058904,"jwtDotCount":2,"tokenLen":143,"userId":5},"hypothesisId":"H1","location":"login_logic.go:Login","message":"issued login access token","runId":"pre-fix","sessionId":"bd9af0","timestamp":1778058904369}
{"data":{"accessExpireSec":3600,"exp":1778062504,"iat":1778058904,"jwtDotCount":2,"tokenLen":143,"userId":5},"hypothesisId":"H1","location":"login_logic.go:Login","message":"issued login access token","runId":"pre-fix","sessionId":"bd9af0","timestamp":1778058904392}
{"data":{"accessExpireSec":3600,"exp":1778062504,"iat":1778058904,"jwtDotCount":2,"tokenLen":143,"userId":5},"hypothesisId":"H1","location":"login_logic.go:Login","message":"issued login access token","runId":"pre-fix","sessionId":"bd9af0","timestamp":1778058904400}
{"data":{"accessExpireSec":3600,"exp":1778062504,"iat":1778058904,"jwtDotCount":2,"tokenLen":143,"userId":5},"hypothesisId":"H1","location":"login_logic.go:Login","message":"issued login access token","runId":"pre-fix","sessionId":"bd9af0","timestamp":1778058904410}
{"data":{"accessExpireSec":3600,"exp":1778062504,"iat":1778058904,"jwtDotCount":2,"tokenLen":143,"userId":5},"hypothesisId":"H1","location":"login_logic.go:Login","message":"issued login access token","runId":"pre-fix","sessionId":"bd9af0","timestamp":1778058904417}
{"data":{"accessExpireSec":3600,"exp":1778062504,"iat":1778058904,"jwtDotCount":2,"tokenLen":143,"userId":5},"hypothesisId":"H1","location":"login_logic.go:Login","message":"issued login access token","runId":"pre-fix","sessionId":"bd9af0","timestamp":1778058904426}
{"data":{"accessExpireSec":3600,"exp":1778062504,"iat":1778058904,"jwtDotCount":2,"tokenLen":143,"userId":5},"hypothesisId":"H1","location":"login_logic.go:Login","message":"issued login access token","runId":"pre-fix","sessionId":"bd9af0","timestamp":1778058904427}
{"data":{"accessExpireSec":3600,"exp":1778062504,"iat":1778058904,"jwtDotCount":2,"tokenLen":143,"userId":5},"hypothesisId":"H1","location":"login_logic.go:Login","message":"issued login access token","runId":"pre-fix","sessionId":"bd9af0","timestamp":1778058904461}
{"data":{"accessExpireSec":3600,"exp":1778062504,"iat":1778058904,"jwtDotCount":2,"tokenLen":143,"userId":5},"hypothesisId":"H1","location":"login_logic.go:Login","message":"issued login access token","runId":"pre-fix","sessionId":"bd9af0","timestamp":1778058904463}
{"data":{"accessExpireSec":3600,"exp":1778062504,"iat":1778058904,"jwtDotCount":2,"tokenLen":143,"userId":5},"hypothesisId":"H1","location":"login_logic.go:Login","message":"issued login access token","runId":"pre-fix","sessionId":"bd9af0","timestamp":1778058904464}
{"data":{"accessExpireSec":3600,"exp":1778062504,"iat":1778058904,"jwtDotCount":2,"tokenLen":143,"userId":5},"hypothesisId":"H1","location":"login_logic.go:Login","message":"issued login access token","runId":"pre-fix","sessionId":"bd9af0","timestamp":1778058904464}
{"data":{"accessExpireSec":3600,"exp":1778062504,"iat":1778058904,"jwtDotCount":2,"tokenLen":143,"userId":5},"hypothesisId":"H1","location":"login_logic.go:Login","message":"issued login access token","runId":"pre-fix","sessionId":"bd9af0","timestamp":1778058904489}
{"data":{"accessExpireSec":3600,"exp":1778062504,"iat":1778058904,"jwtDotCount":2,"tokenLen":143,"userId":5},"hypothesisId":"H1","location":"login_logic.go:Login","message":"issued login access token","runId":"pre-fix","sessionId":"bd9af0","timestamp":1778058904497}
{"data":{"accessExpireSec":3600,"exp":1778062504,"iat":1778058904,"jwtDotCount":2,"tokenLen":143,"userId":5},"hypothesisId":"H1","location":"login_logic.go:Login","message":"issued login access token","runId":"pre-fix","sessionId":"bd9af0","timestamp":1778058904509}
{"data":{"accessExpireSec":3600,"exp":1778062504,"iat":1778058904,"jwtDotCount":2,"tokenLen":143,"userId":5},"hypothesisId":"H1","location":"login_logic.go:Login","message":"issued login access token","runId":"pre-fix","sessionId":"bd9af0","timestamp":1778058904516}
{"data":{"accessExpireSec":3600,"exp":1778062504,"iat":1778058904,"jwtDotCount":2,"tokenLen":143,"userId":5},"hypothesisId":"H1","location":"login_logic.go:Login","message":"issued login access token","runId":"pre-fix","sessionId":"bd9af0","timestamp":1778058904524}
{"data":{"accessExpireSec":3600,"exp":1778062504,"iat":1778058904,"jwtDotCount":2,"tokenLen":143,"userId":5},"hypothesisId":"H1","location":"login_logic.go:Login","message":"issued login access token","runId":"pre-fix","sessionId":"bd9af0","timestamp":1778058904525}
{"data":{"accessExpireSec":3600,"exp":1778062504,"iat":1778058904,"jwtDotCount":2,"tokenLen":143,"userId":5},"hypothesisId":"H1","location":"login_logic.go:Login","message":"issued login access token","runId":"pre-fix","sessionId":"bd9af0","timestamp":1778058904560}
{"data":{"accessExpireSec":3600,"exp":1778062504,"iat":1778058904,"jwtDotCount":2,"tokenLen":143,"userId":5},"hypothesisId":"H1","location":"login_logic.go:Login","message":"issued login access token","runId":"pre-fix","sessionId":"bd9af0","timestamp":1778058904560}
{"data":{"accessExpireSec":3600,"exp":1778062504,"iat":1778058904,"jwtDotCount":2,"tokenLen":143,"userId":5},"hypothesisId":"H1","location":"login_logic.go:Login","message":"issued login access token","runId":"pre-fix","sessionId":"bd9af0","timestamp":1778058904561}
{"data":{"accessExpireSec":3600,"exp":1778062504,"iat":1778058904,"jwtDotCount":2,"tokenLen":143,"userId":5},"hypothesisId":"H1","location":"login_logic.go:Login","message":"issued login access token","runId":"pre-fix","sessionId":"bd9af0","timestamp":1778058904562}
{"data":{"accessExpireSec":3600,"exp":1778062504,"iat":1778058904,"jwtDotCount":2,"tokenLen":143,"userId":5},"hypothesisId":"H1","location":"login_logic.go:Login","message":"issued login access token","runId":"pre-fix","sessionId":"bd9af0","timestamp":1778058904585}
{"data":{"accessExpireSec":3600,"exp":1778062504,"iat":1778058904,"jwtDotCount":2,"tokenLen":143,"userId":5},"hypothesisId":"H1","location":"login_logic.go:Login","message":"issued login access token","runId":"pre-fix","sessionId":"bd9af0","timestamp":1778058904594}
{"data":{"accessExpireSec":3600,"exp":1778062504,"iat":1778058904,"jwtDotCount":2,"tokenLen":143,"userId":5},"hypothesisId":"H1","location":"login_logic.go:Login","message":"issued login access token","runId":"pre-fix","sessionId":"bd9af0","timestamp":1778058904603}
{"data":{"accessExpireSec":3600,"exp":1778062504,"iat":1778058904,"jwtDotCount":2,"tokenLen":143,"userId":5},"hypothesisId":"H1","location":"login_logic.go:Login","message":"issued login access token","runId":"pre-fix","sessionId":"bd9af0","timestamp":1778058904609}
{"data":{"accessExpireSec":3600,"exp":1778062504,"iat":1778058904,"jwtDotCount":2,"tokenLen":143,"userId":5},"hypothesisId":"H1","location":"login_logic.go:Login","message":"issued login access token","runId":"pre-fix","sessionId":"bd9af0","timestamp":1778058904618}
{"data":{"accessExpireSec":3600,"exp":1778062504,"iat":1778058904,"jwtDotCount":2,"tokenLen":143,"userId":5},"hypothesisId":"H1","location":"login_logic.go:Login","message":"issued login access token","runId":"pre-fix","sessionId":"bd9af0","timestamp":1778058904620}
{"data":{"accessExpireSec":3600,"exp":1778062504,"iat":1778058904,"jwtDotCount":2,"tokenLen":143,"userId":5},"hypothesisId":"H1","location":"login_logic.go:Login","message":"issued login access token","runId":"pre-fix","sessionId":"bd9af0","timestamp":1778058904654}
{"data":{"accessExpireSec":3600,"exp":1778062504,"iat":1778058904,"jwtDotCount":2,"tokenLen":143,"userId":5},"hypothesisId":"H1","location":"login_logic.go:Login","message":"issued login access token","runId":"pre-fix","sessionId":"bd9af0","timestamp":1778058904656}
{"data":{"accessExpireSec":3600,"exp":1778062504,"iat":1778058904,"jwtDotCount":2,"tokenLen":143,"userId":5},"hypothesisId":"H1","location":"login_logic.go:Login","message":"issued login access token","runId":"pre-fix","sessionId":"bd9af0","timestamp":1778058904656}
{"data":{"accessExpireSec":3600,"exp":1778062504,"iat":1778058904,"jwtDotCount":2,"tokenLen":143,"userId":5},"hypothesisId":"H1","location":"login_logic.go:Login","message":"issued login access token","runId":"pre-fix","sessionId":"bd9af0","timestamp":1778058904657}
{"data":{"accessExpireSec":3600,"exp":1778062504,"iat":1778058904,"jwtDotCount":2,"tokenLen":143,"userId":5},"hypothesisId":"H1","location":"login_logic.go:Login","message":"issued login access token","runId":"pre-fix","sessionId":"bd9af0","timestamp":1778058904678}
{"data":{"accessExpireSec":3600,"exp":1778062504,"iat":1778058904,"jwtDotCount":2,"tokenLen":143,"userId":5},"hypothesisId":"H1","location":"login_logic.go:Login","message":"issued login access token","runId":"pre-fix","sessionId":"bd9af0","timestamp":1778058904686}
{"data":{"accessExpireSec":3600,"exp":1778062504,"iat":1778058904,"jwtDotCount":2,"tokenLen":143,"userId":5},"hypothesisId":"H1","location":"login_logic.go:Login","message":"issued login access token","runId":"pre-fix","sessionId":"bd9af0","timestamp":1778058904695}
{"data":{"accessExpireSec":3600,"exp":1778062504,"iat":1778058904,"jwtDotCount":2,"tokenLen":143,"userId":5},"hypothesisId":"H1","location":"login_logic.go:Login","message":"issued login access token","runId":"pre-fix","sessionId":"bd9af0","timestamp":1778058904702}
{"data":{"accessExpireSec":3600,"exp":1778062504,"iat":1778058904,"jwtDotCount":2,"tokenLen":143,"userId":5},"hypothesisId":"H1","location":"login_logic.go:Login","message":"issued login access token","runId":"pre-fix","sessionId":"bd9af0","timestamp":1778058904721}
{"data":{"accessExpireSec":3600,"exp":1778062504,"iat":1778058904,"jwtDotCount":2,"tokenLen":143,"userId":5},"hypothesisId":"H1","location":"login_logic.go:Login","message":"issued login access token","runId":"pre-fix","sessionId":"bd9af0","timestamp":1778058904722}
{"data":{"accessExpireSec":3600,"exp":1778062504,"iat":1778058904,"jwtDotCount":2,"tokenLen":143,"userId":5},"hypothesisId":"H1","location":"login_logic.go:Login","message":"issued login access token","runId":"pre-fix","sessionId":"bd9af0","timestamp":1778058904750}
{"data":{"accessExpireSec":3600,"exp":1778062504,"iat":1778058904,"jwtDotCount":2,"tokenLen":143,"userId":5},"hypothesisId":"H1","location":"login_logic.go:Login","message":"issued login access token","runId":"pre-fix","sessionId":"bd9af0","timestamp":1778058904753}
{"data":{"accessExpireSec":3600,"exp":1778062504,"iat":1778058904,"jwtDotCount":2,"tokenLen":143,"userId":5},"hypothesisId":"H1","location":"login_logic.go:Login","message":"issued login access token","runId":"pre-fix","sessionId":"bd9af0","timestamp":1778058904755}
{"data":{"accessExpireSec":3600,"exp":1778062504,"iat":1778058904,"jwtDotCount":2,"tokenLen":143,"userId":5},"hypothesisId":"H1","location":"login_logic.go:Login","message":"issued login access token","runId":"pre-fix","sessionId":"bd9af0","timestamp":1778058904773}
{"data":{"accessExpireSec":3600,"exp":1778062504,"iat":1778058904,"jwtDotCount":2,"tokenLen":143,"userId":5},"hypothesisId":"H1","location":"login_logic.go:Login","message":"issued login access token","runId":"pre-fix","sessionId":"bd9af0","timestamp":1778058904780}
{"data":{"accessExpireSec":3600,"exp":1778062504,"iat":1778058904,"jwtDotCount":2,"tokenLen":143,"userId":5},"hypothesisId":"H1","location":"login_logic.go:Login","message":"issued login access token","runId":"pre-fix","sessionId":"bd9af0","timestamp":1778058904790}
{"data":{"accessExpireSec":3600,"exp":1778062504,"iat":1778058904,"jwtDotCount":2,"tokenLen":143,"userId":5},"hypothesisId":"H1","location":"login_logic.go:Login","message":"issued login access token","runId":"pre-fix","sessionId":"bd9af0","timestamp":1778058904800}
{"data":{"accessExpireSec":3600,"exp":1778062504,"iat":1778058904,"jwtDotCount":2,"tokenLen":143,"userId":5},"hypothesisId":"H1","location":"login_logic.go:Login","message":"issued login access token","runId":"pre-fix","sessionId":"bd9af0","timestamp":1778058904811}
{"data":{"accessExpireSec":3600,"exp":1778062504,"iat":1778058904,"jwtDotCount":2,"tokenLen":143,"userId":5},"hypothesisId":"H1","location":"login_logic.go:Login","message":"issued login access token","runId":"pre-fix","sessionId":"bd9af0","timestamp":1778058904816}
{"data":{"accessExpireSec":3600,"exp":1778062504,"iat":1778058904,"jwtDotCount":2,"tokenLen":143,"userId":5},"hypothesisId":"H1","location":"login_logic.go:Login","message":"issued login access token","runId":"pre-fix","sessionId":"bd9af0","timestamp":1778058904845}
{"data":{"accessExpireSec":3600,"exp":1778062504,"iat":1778058904,"jwtDotCount":2,"tokenLen":143,"userId":5},"hypothesisId":"H1","location":"login_logic.go:Login","message":"issued login access token","runId":"pre-fix","sessionId":"bd9af0","timestamp":1778058904847}
{"data":{"accessExpireSec":3600,"exp":1778062504,"iat":1778058904,"jwtDotCount":2,"tokenLen":143,"userId":5},"hypothesisId":"H1","location":"login_logic.go:Login","message":"issued login access token","runId":"pre-fix","sessionId":"bd9af0","timestamp":1778058904848}
{"data":{"accessExpireSec":3600,"exp":1778062504,"iat":1778058904,"jwtDotCount":2,"tokenLen":143,"userId":5},"hypothesisId":"H1","location":"login_logic.go:Login","message":"issued login access token","runId":"pre-fix","sessionId":"bd9af0","timestamp":1778058904868}
{"data":{"accessExpireSec":3600,"exp":1778062504,"iat":1778058904,"jwtDotCount":2,"tokenLen":143,"userId":5},"hypothesisId":"H1","location":"login_logic.go:Login","message":"issued login access token","runId":"pre-fix","sessionId":"bd9af0","timestamp":1778058904873}
{"data":{"accessExpireSec":3600,"exp":1778062504,"iat":1778058904,"jwtDotCount":2,"tokenLen":143,"userId":5},"hypothesisId":"H1","location":"login_logic.go:Login","message":"issued login access token","runId":"pre-fix","sessionId":"bd9af0","timestamp":1778058904884}
{"data":{"accessExpireSec":3600,"exp":1778062504,"iat":1778058904,"jwtDotCount":2,"tokenLen":143,"userId":5},"hypothesisId":"H1","location":"login_logic.go:Login","message":"issued login access token","runId":"pre-fix","sessionId":"bd9af0","timestamp":1778058904894}
{"data":{"accessExpireSec":3600,"exp":1778062504,"iat":1778058904,"jwtDotCount":2,"tokenLen":143,"userId":5},"hypothesisId":"H1","location":"login_logic.go:Login","message":"issued login access token","runId":"pre-fix","sessionId":"bd9af0","timestamp":1778058904911}
{"data":{"accessExpireSec":3600,"exp":1778062504,"iat":1778058904,"jwtDotCount":2,"tokenLen":143,"userId":5},"hypothesisId":"H1","location":"login_logic.go:Login","message":"issued login access token","runId":"pre-fix","sessionId":"bd9af0","timestamp":1778058904912}
{"data":{"accessExpireSec":3600,"exp":1778062504,"iat":1778058904,"jwtDotCount":2,"tokenLen":143,"userId":5},"hypothesisId":"H1","location":"login_logic.go:Login","message":"issued login access token","runId":"pre-fix","sessionId":"bd9af0","timestamp":1778058904912}
{"data":{"accessExpireSec":3600,"exp":1778062504,"iat":1778058904,"jwtDotCount":2,"tokenLen":143,"userId":5},"hypothesisId":"H1","location":"login_logic.go:Login","message":"issued login access token","runId":"pre-fix","sessionId":"bd9af0","timestamp":1778058904941}
{"data":{"accessExpireSec":3600,"exp":1778062504,"iat":1778058904,"jwtDotCount":2,"tokenLen":143,"userId":5},"hypothesisId":"H1","location":"login_logic.go:Login","message":"issued login access token","runId":"pre-fix","sessionId":"bd9af0","timestamp":1778058904946}
{"data":{"accessExpireSec":3600,"exp":1778062504,"iat":1778058904,"jwtDotCount":2,"tokenLen":143,"userId":5},"hypothesisId":"H1","location":"login_logic.go:Login","message":"issued login access token","runId":"pre-fix","sessionId":"bd9af0","timestamp":1778058904947}
{"data":{"accessExpireSec":3600,"exp":1778062504,"iat":1778058904,"jwtDotCount":2,"tokenLen":143,"userId":5},"hypothesisId":"H1","location":"login_logic.go:Login","message":"issued login access token","runId":"pre-fix","sessionId":"bd9af0","timestamp":1778058904966}
{"data":{"accessExpireSec":3600,"exp":1778062504,"iat":1778058904,"jwtDotCount":2,"tokenLen":143,"userId":5},"hypothesisId":"H1","location":"login_logic.go:Login","message":"issued login access token","runId":"pre-fix","sessionId":"bd9af0","timestamp":1778058904968}
{"data":{"accessExpireSec":3600,"exp":1778062504,"iat":1778058904,"jwtDotCount":2,"tokenLen":143,"userId":5},"hypothesisId":"H1","location":"login_logic.go:Login","message":"issued login access token","runId":"pre-fix","sessionId":"bd9af0","timestamp":1778058904981}
{"data":{"accessExpireSec":3600,"exp":1778062504,"iat":1778058904,"jwtDotCount":2,"tokenLen":143,"userId":5},"hypothesisId":"H1","location":"login_logic.go:Login","message":"issued login access token","runId":"pre-fix","sessionId":"bd9af0","timestamp":1778058904993}
{"data":{"accessExpireSec":3600,"exp":1778062505,"iat":1778058905,"jwtDotCount":2,"tokenLen":143,"userId":5},"hypothesisId":"H1","location":"login_logic.go:Login","message":"issued login access token","runId":"pre-fix","sessionId":"bd9af0","timestamp":1778058905009}
{"data":{"accessExpireSec":3600,"exp":1778062505,"iat":1778058905,"jwtDotCount":2,"tokenLen":143,"userId":5},"hypothesisId":"H1","location":"login_logic.go:Login","message":"issued login access token","runId":"pre-fix","sessionId":"bd9af0","timestamp":1778058905010}
{"data":{"accessExpireSec":3600,"exp":1778062505,"iat":1778058905,"jwtDotCount":2,"tokenLen":143,"userId":5},"hypothesisId":"H1","location":"login_logic.go:Login","message":"issued login access token","runId":"pre-fix","sessionId":"bd9af0","timestamp":1778058905013}
{"data":{"accessExpireSec":3600,"exp":1778062505,"iat":1778058905,"jwtDotCount":2,"tokenLen":143,"userId":5},"hypothesisId":"H1","location":"login_logic.go:Login","message":"issued login access token","runId":"pre-fix","sessionId":"bd9af0","timestamp":1778058905041}
{"data":{"accessExpireSec":3600,"exp":1778062505,"iat":1778058905,"jwtDotCount":2,"tokenLen":143,"userId":5},"hypothesisId":"H1","location":"login_logic.go:Login","message":"issued login access token","runId":"pre-fix","sessionId":"bd9af0","timestamp":1778058905045}
{"data":{"accessExpireSec":3600,"exp":1778062505,"iat":1778058905,"jwtDotCount":2,"tokenLen":143,"userId":5},"hypothesisId":"H1","location":"login_logic.go:Login","message":"issued login access token","runId":"pre-fix","sessionId":"bd9af0","timestamp":1778058905046}
{"data":{"accessExpireSec":3600,"exp":1778062505,"iat":1778058905,"jwtDotCount":2,"tokenLen":143,"userId":5},"hypothesisId":"H1","location":"login_logic.go:Login","message":"issued login access token","runId":"pre-fix","sessionId":"bd9af0","timestamp":1778058905068}
{"data":{"accessExpireSec":3600,"exp":1778062505,"iat":1778058905,"jwtDotCount":2,"tokenLen":143,"userId":5},"hypothesisId":"H1","location":"login_logic.go:Login","message":"issued login access token","runId":"pre-fix","sessionId":"bd9af0","timestamp":1778058905070}
{"data":{"accessExpireSec":3600,"exp":1778062505,"iat":1778058905,"jwtDotCount":2,"tokenLen":143,"userId":5},"hypothesisId":"H1","location":"login_logic.go:Login","message":"issued login access token","runId":"pre-fix","sessionId":"bd9af0","timestamp":1778058905084}
{"data":{"accessExpireSec":3600,"exp":1778062505,"iat":1778058905,"jwtDotCount":2,"tokenLen":143,"userId":5},"hypothesisId":"H1","location":"login_logic.go:Login","message":"issued login access token","runId":"pre-fix","sessionId":"bd9af0","timestamp":1778058905096}
{"data":{"accessExpireSec":3600,"exp":1778062505,"iat":1778058905,"jwtDotCount":2,"tokenLen":143,"userId":5},"hypothesisId":"H1","location":"login_logic.go:Login","message":"issued login access token","runId":"pre-fix","sessionId":"bd9af0","timestamp":1778058905107}
{"data":{"accessExpireSec":3600,"exp":1778062505,"iat":1778058905,"jwtDotCount":2,"tokenLen":143,"userId":5},"hypothesisId":"H1","location":"login_logic.go:Login","message":"issued login access token","runId":"pre-fix","sessionId":"bd9af0","timestamp":1778058905110}
{"data":{"accessExpireSec":3600,"exp":1778062505,"iat":1778058905,"jwtDotCount":2,"tokenLen":143,"userId":5},"hypothesisId":"H1","location":"login_logic.go:Login","message":"issued login access token","runId":"pre-fix","sessionId":"bd9af0","timestamp":1778058905111}
{"data":{"accessExpireSec":3600,"exp":1778062505,"iat":1778058905,"jwtDotCount":2,"tokenLen":143,"userId":5},"hypothesisId":"H1","location":"login_logic.go:Login","message":"issued login access token","runId":"pre-fix","sessionId":"bd9af0","timestamp":1778058905136}
{"data":{"accessExpireSec":3600,"exp":1778062505,"iat":1778058905,"jwtDotCount":2,"tokenLen":143,"userId":5},"hypothesisId":"H1","location":"login_logic.go:Login","message":"issued login access token","runId":"pre-fix","sessionId":"bd9af0","timestamp":1778058905139}
{"data":{"accessExpireSec":3600,"exp":1778062505,"iat":1778058905,"jwtDotCount":2,"tokenLen":143,"userId":5},"hypothesisId":"H1","location":"login_logic.go:Login","message":"issued login access token","runId":"pre-fix","sessionId":"bd9af0","timestamp":1778058905140}
{"data":{"accessExpireSec":3600,"exp":1778126798,"iat":1778123198,"jwtDotCount":2,"tokenLen":143,"userId":5},"hypothesisId":"H1","location":"login_logic.go:Login","message":"issued login access token","runId":"pre-fix","sessionId":"bd9af0","timestamp":1778123198194}
{"data":{"accessExpireSec":3600,"exp":1778128347,"iat":1778124747,"jwtDotCount":2,"tokenLen":143,"userId":5},"hypothesisId":"H1","location":"login_logic.go:Login","message":"issued login access token","runId":"pre-fix","sessionId":"bd9af0","timestamp":1778124747961}
{"data":{"accessExpireSec":3600,"exp":1778130697,"iat":1778127097,"jwtDotCount":2,"tokenLen":143,"userId":5},"hypothesisId":"H1","location":"login_logic.go:Login","message":"issued login access token","runId":"pre-fix","sessionId":"bd9af0","timestamp":1778127097144}
{"data":{"accessExpireSec":3600,"exp":1778130722,"iat":1778127122,"jwtDotCount":2,"tokenLen":143,"userId":5},"hypothesisId":"H1","location":"login_logic.go:Login","message":"issued login access token","runId":"pre-fix","sessionId":"bd9af0","timestamp":1778127122368}
{"data":{"accessExpireSec":3600,"exp":1778131393,"iat":1778127793,"jwtDotCount":2,"tokenLen":143,"userId":5},"hypothesisId":"H1","location":"login_logic.go:Login","message":"issued login access token","runId":"pre-fix","sessionId":"bd9af0","timestamp":1778127793731}
{"data":{"accessExpireSec":3600,"exp":1778135493,"iat":1778131893,"jwtDotCount":2,"tokenLen":143,"userId":5},"hypothesisId":"H1","location":"login_logic.go:Login","message":"issued login access token","runId":"pre-fix","sessionId":"bd9af0","timestamp":1778131893403}
{"data":{"accessExpireSec":3600,"exp":1778137173,"iat":1778133573,"jwtDotCount":2,"tokenLen":143,"userId":5},"hypothesisId":"H1","location":"login_logic.go:Login","message":"issued login access token","runId":"pre-fix","sessionId":"bd9af0","timestamp":1778133573781}
{"data":{"accessExpireSec":3600,"exp":1778146951,"iat":1778143351,"jwtDotCount":2,"tokenLen":143,"userId":5},"hypothesisId":"H1","location":"login_logic.go:Login","message":"issued login access token","runId":"pre-fix","sessionId":"bd9af0","timestamp":1778143351563}
{"data":{"accessExpireSec":3600,"exp":1778150739,"iat":1778147139,"jwtDotCount":2,"tokenLen":143,"userId":5},"hypothesisId":"H1","location":"login_logic.go:Login","message":"issued login access token","runId":"pre-fix","sessionId":"bd9af0","timestamp":1778147139918}
{"data":{"accessExpireSec":3600,"exp":1778155089,"iat":1778151489,"jwtDotCount":2,"tokenLen":143,"userId":5},"hypothesisId":"H1","location":"login_logic.go:Login","message":"issued login access token","runId":"pre-fix","sessionId":"bd9af0","timestamp":1778151489477}
{"data":{"accessExpireSec":3600,"exp":1778155254,"iat":1778151654,"jwtDotCount":2,"tokenLen":143,"userId":5},"hypothesisId":"H1","location":"login_logic.go:Login","message":"issued login access token","runId":"pre-fix","sessionId":"bd9af0","timestamp":1778151654209}
